<?xml version="1.0"?>
<gpx version="1.1" xmlns="http://www.topografix.com/GPX/1/1" xmlns:xsi="http://www.w3.org/2001/XMLSchema-instance" xsi:schemaLocation="http://www.topografix.com/GPX/1/1 http://www.topografix.com/GPX/1/1/gpx.xsd">
	<metadata>
		<name>Arth Goldau Gnipen Wildspitz Sattel</name>
	</metadata>
	<trk type="hiking">
		<trkseg>
			<trkpt lat="47.0492709688" lon="8.5502444954">
				<ele>506.5</ele>
			</trkpt>
			<trkpt lat="47.0492943935" lon="8.5501530196">
				<ele>505.8</ele>
			</trkpt>
			<trkpt lat="47.0494859057" lon="8.5502908804">
				<ele>505.8</ele>
			</trkpt>
			<trkpt lat="47.0495036817" lon="8.5503038842">
				<ele>505.9</ele>
			</trkpt>
			<trkpt lat="47.0495197903" lon="8.5502280262">
				<ele>506.0</ele>
			</trkpt>
			<trkpt lat="47.0495516336" lon="8.5501474398">
				<ele>506.3</ele>
			</trkpt>
			<trkpt lat="47.0496728052" lon="8.5498588319">
				<ele>506.9</ele>
			</trkpt>
			<trkpt lat="47.0499978445" lon="8.5501501074">
				<ele>506.1</ele>
			</trkpt>
			<trkpt lat="47.0500578095" lon="8.5502042337">
				<ele>506.0</ele>
			</trkpt>
			<trkpt lat="47.0501633904" lon="8.5502995282">
				<ele>505.8</ele>
			</trkpt>
			<trkpt lat="47.0503097047" lon="8.5504366387">
				<ele>505.6</ele>
			</trkpt>
			<trkpt lat="47.0504641645" lon="8.5505724190">
				<ele>505.4</ele>
			</trkpt>
			<trkpt lat="47.0505103142" lon="8.5506086098">
				<ele>505.4</ele>
			</trkpt>
			<trkpt lat="47.0505393139" lon="8.5506182406">
				<ele>505.4</ele>
			</trkpt>
			<trkpt lat="47.0505825720" lon="8.5506139649">
				<ele>505.3</ele>
			</trkpt>
			<trkpt lat="47.0506097053" lon="8.5505998917">
				<ele>505.2</ele>
			</trkpt>
			<trkpt lat="47.0505548340" lon="8.5504006561">
				<ele>505.1</ele>
			</trkpt>
			<trkpt lat="47.0506880944" lon="8.5503631831">
				<ele>505.1</ele>
			</trkpt>
			<trkpt lat="47.0509133280" lon="8.5502896454">
				<ele>505.5</ele>
			</trkpt>
			<trkpt lat="47.0512305368" lon="8.5501844764">
				<ele>504.5</ele>
			</trkpt>
			<trkpt lat="47.0513440027" lon="8.5501399060">
				<ele>504.4</ele>
			</trkpt>
			<trkpt lat="47.0515354355" lon="8.5500880011">
				<ele>504.6</ele>
			</trkpt>
			<trkpt lat="47.0515867394" lon="8.5500713483">
				<ele>504.5</ele>
			</trkpt>
			<trkpt lat="47.0516518949" lon="8.5500501913">
				<ele>504.4</ele>
			</trkpt>
			<trkpt lat="47.0517209783" lon="8.5500136240">
				<ele>504.4</ele>
			</trkpt>
			<trkpt lat="47.0517823910" lon="8.5499813731">
				<ele>504.3</ele>
			</trkpt>
			<trkpt lat="47.0518494291" lon="8.5499293115">
				<ele>504.2</ele>
			</trkpt>
			<trkpt lat="47.0519568392" lon="8.5498393498">
				<ele>504.3</ele>
			</trkpt>
			<trkpt lat="47.0521244303" lon="8.5496836140">
				<ele>504.5</ele>
			</trkpt>
			<trkpt lat="47.0522470328" lon="8.5495621267">
				<ele>504.6</ele>
			</trkpt>
			<trkpt lat="47.0523292158" lon="8.5494733264">
				<ele>504.6</ele>
			</trkpt>
			<trkpt lat="47.0524077280" lon="8.5494095892">
				<ele>504.5</ele>
			</trkpt>
			<trkpt lat="47.0524629116" lon="8.5493889484">
				<ele>504.5</ele>
			</trkpt>
			<trkpt lat="47.0525304518" lon="8.5493937038">
				<ele>504.4</ele>
			</trkpt>
			<trkpt lat="47.0525818897" lon="8.5494031403">
				<ele>504.3</ele>
			</trkpt>
			<trkpt lat="47.0526743735" lon="8.5494352245">
				<ele>504.3</ele>
			</trkpt>
			<trkpt lat="47.0527500950" lon="8.5494749238">
				<ele>504.2</ele>
			</trkpt>
			<trkpt lat="47.0527857907" lon="8.5494935902">
				<ele>504.3</ele>
			</trkpt>
			<trkpt lat="47.0529216505" lon="8.5495677186">
				<ele>504.2</ele>
			</trkpt>
			<trkpt lat="47.0531031539" lon="8.5496624569">
				<ele>504.3</ele>
			</trkpt>
			<trkpt lat="47.0531222550" lon="8.5496724344">
				<ele>504.3</ele>
			</trkpt>
			<trkpt lat="47.0532366391" lon="8.5497355888">
				<ele>504.2</ele>
			</trkpt>
			<trkpt lat="47.0533808836" lon="8.5498152224">
				<ele>504.2</ele>
			</trkpt>
			<trkpt lat="47.0534854894" lon="8.5498653667">
				<ele>504.4</ele>
			</trkpt>
			<trkpt lat="47.0534405808" lon="8.5500977540">
				<ele>504.8</ele>
			</trkpt>
			<trkpt lat="47.0533984464" lon="8.5502750476">
				<ele>504.9</ele>
			</trkpt>
			<trkpt lat="47.0534642034" lon="8.5503181227">
				<ele>505.1</ele>
			</trkpt>
			<trkpt lat="47.0535714438" lon="8.5503888697">
				<ele>505.0</ele>
			</trkpt>
			<trkpt lat="47.0537392953" lon="8.5505100492">
				<ele>504.8</ele>
			</trkpt>
			<trkpt lat="47.0537943631" lon="8.5505487433">
				<ele>504.9</ele>
			</trkpt>
			<trkpt lat="47.0539031220" lon="8.5506251697">
				<ele>505.5</ele>
			</trkpt>
			<trkpt lat="47.0540215103" lon="8.5507021247">
				<ele>506.5</ele>
			</trkpt>
			<trkpt lat="47.0541272344" lon="8.5507797918">
				<ele>507.4</ele>
			</trkpt>
			<trkpt lat="47.0541474218" lon="8.5507946240">
				<ele>507.6</ele>
			</trkpt>
			<trkpt lat="47.0542144832" lon="8.5508358845">
				<ele>508.2</ele>
			</trkpt>
			<trkpt lat="47.0542570844" lon="8.5508557351">
				<ele>508.5</ele>
			</trkpt>
			<trkpt lat="47.0543036631" lon="8.5508681005">
				<ele>508.9</ele>
			</trkpt>
			<trkpt lat="47.0543503052" lon="8.5508747671">
				<ele>509.2</ele>
			</trkpt>
			<trkpt lat="47.0544008890" lon="8.5508739074">
				<ele>509.6</ele>
			</trkpt>
			<trkpt lat="47.0544528864" lon="8.5508636003">
				<ele>510.0</ele>
			</trkpt>
			<trkpt lat="47.0546504806" lon="8.5508183521">
				<ele>510.9</ele>
			</trkpt>
			<trkpt lat="47.0549196091" lon="8.5507556053">
				<ele>511.4</ele>
			</trkpt>
			<trkpt lat="47.0550521990" lon="8.5507260931">
				<ele>511.6</ele>
			</trkpt>
			<trkpt lat="47.0551613937" lon="8.5507017821">
				<ele>511.8</ele>
			</trkpt>
			<trkpt lat="47.0552628263" lon="8.5506754140">
				<ele>512.1</ele>
			</trkpt>
			<trkpt lat="47.0553214100" lon="8.5506538573">
				<ele>512.3</ele>
			</trkpt>
			<trkpt lat="47.0553696881" lon="8.5506244915">
				<ele>512.5</ele>
			</trkpt>
			<trkpt lat="47.0554089091" lon="8.5505930426">
				<ele>512.7</ele>
			</trkpt>
			<trkpt lat="47.0554508492" lon="8.5505483683">
				<ele>512.9</ele>
			</trkpt>
			<trkpt lat="47.0554889315" lon="8.5504997968">
				<ele>513.1</ele>
			</trkpt>
			<trkpt lat="47.0555179663" lon="8.5504491554">
				<ele>513.3</ele>
			</trkpt>
			<trkpt lat="47.0555510698" lon="8.5503796178">
				<ele>513.5</ele>
			</trkpt>
			<trkpt lat="47.0555777165" lon="8.5503061413">
				<ele>513.8</ele>
			</trkpt>
			<trkpt lat="47.0555939008" lon="8.5502419522">
				<ele>514.0</ele>
			</trkpt>
			<trkpt lat="47.0556102325" lon="8.5501625753">
				<ele>514.3</ele>
			</trkpt>
			<trkpt lat="47.0556174057" lon="8.5500924999">
				<ele>514.5</ele>
			</trkpt>
			<trkpt lat="47.0556262692" lon="8.5499806922">
				<ele>514.9</ele>
			</trkpt>
			<trkpt lat="47.0556356099" lon="8.5498195603">
				<ele>515.5</ele>
			</trkpt>
			<trkpt lat="47.0556515273" lon="8.5496490612">
				<ele>516.4</ele>
			</trkpt>
			<trkpt lat="47.0556651211" lon="8.5495848174">
				<ele>516.9</ele>
			</trkpt>
			<trkpt lat="47.0556786050" lon="8.5495319450">
				<ele>517.3</ele>
			</trkpt>
			<trkpt lat="47.0557025046" lon="8.5494755099">
				<ele>517.8</ele>
			</trkpt>
			<trkpt lat="47.0557315203" lon="8.5494248673">
				<ele>518.4</ele>
			</trkpt>
			<trkpt lat="47.0557643485" lon="8.5493837806">
				<ele>518.8</ele>
			</trkpt>
			<trkpt lat="47.0558114224" lon="8.5493449115">
				<ele>519.6</ele>
			</trkpt>
			<trkpt lat="47.0559171718" lon="8.5492749686">
				<ele>521.2</ele>
			</trkpt>
			<trkpt lat="47.0561116505" lon="8.5491499326">
				<ele>524.2</ele>
			</trkpt>
			<trkpt lat="47.0561977707" lon="8.5490985759">
				<ele>525.7</ele>
			</trkpt>
			<trkpt lat="47.0562631881" lon="8.5490391828">
				<ele>526.9</ele>
			</trkpt>
			<trkpt lat="47.0563193549" lon="8.5490005013">
				<ele>528.0</ele>
			</trkpt>
			<trkpt lat="47.0563975304" lon="8.5489641571">
				<ele>529.5</ele>
			</trkpt>
			<trkpt lat="47.0564703786" lon="8.5489428806">
				<ele>530.7</ele>
			</trkpt>
			<trkpt lat="47.0565626721" lon="8.5489220187">
				<ele>532.3</ele>
			</trkpt>
			<trkpt lat="47.0566424781" lon="8.5489068227">
				<ele>533.5</ele>
			</trkpt>
			<trkpt lat="47.0566705346" lon="8.5489014800">
				<ele>534.0</ele>
			</trkpt>
			<trkpt lat="47.0567497937" lon="8.5488879308">
				<ele>535.3</ele>
			</trkpt>
			<trkpt lat="47.0568054841" lon="8.5488966923">
				<ele>536.2</ele>
			</trkpt>
			<trkpt lat="47.0568312953" lon="8.5489104953">
				<ele>536.6</ele>
			</trkpt>
			<trkpt lat="47.0569042003" lon="8.5488154260">
				<ele>538.1</ele>
			</trkpt>
			<trkpt lat="47.0569216167" lon="8.5487865243">
				<ele>538.5</ele>
			</trkpt>
			<trkpt lat="47.0569420957" lon="8.5487367961">
				<ele>539.2</ele>
			</trkpt>
			<trkpt lat="47.0569567932" lon="8.5486932270">
				<ele>540.0</ele>
			</trkpt>
			<trkpt lat="47.0569716618" lon="8.5486329308">
				<ele>540.5</ele>
			</trkpt>
			<trkpt lat="47.0569866825" lon="8.5485559208">
				<ele>541.0</ele>
			</trkpt>
			<trkpt lat="47.0569989532" lon="8.5484684142">
				<ele>541.8</ele>
			</trkpt>
			<trkpt lat="47.0570169349" lon="8.5483810138">
				<ele>542.8</ele>
			</trkpt>
			<trkpt lat="47.0570390255" lon="8.5483125080">
				<ele>543.8</ele>
			</trkpt>
			<trkpt lat="47.0570609653" lon="8.5482586367">
				<ele>544.5</ele>
			</trkpt>
			<trkpt lat="47.0571002613" lon="8.5481821290">
				<ele>545.6</ele>
			</trkpt>
			<trkpt lat="47.0571698868" lon="8.5480707330">
				<ele>547.6</ele>
			</trkpt>
			<trkpt lat="47.0572466133" lon="8.5479636567">
				<ele>549.9</ele>
			</trkpt>
			<trkpt lat="47.0572971907" lon="8.5479020058">
				<ele>551.5</ele>
			</trkpt>
			<trkpt lat="47.0573216877" lon="8.5478795296">
				<ele>552.2</ele>
			</trkpt>
			<trkpt lat="47.0573662193" lon="8.5478532812">
				<ele>553.1</ele>
			</trkpt>
			<trkpt lat="47.0574077092" lon="8.5478457806">
				<ele>554.1</ele>
			</trkpt>
			<trkpt lat="47.0574607228" lon="8.5478280673">
				<ele>555.3</ele>
			</trkpt>
			<trkpt lat="47.0574851996" lon="8.5478076827">
				<ele>555.9</ele>
			</trkpt>
			<trkpt lat="47.0575097079" lon="8.5477831138">
				<ele>556.5</ele>
			</trkpt>
			<trkpt lat="47.0575473201" lon="8.5477337390">
				<ele>557.5</ele>
			</trkpt>
			<trkpt lat="47.0575862727" lon="8.5476927501">
				<ele>558.2</ele>
			</trkpt>
			<trkpt lat="47.0576207624" lon="8.5476704804">
				<ele>558.7</ele>
			</trkpt>
			<trkpt lat="47.0576637026" lon="8.5476609167">
				<ele>559.2</ele>
			</trkpt>
			<trkpt lat="47.0576965402" lon="8.5476615958">
				<ele>559.5</ele>
			</trkpt>
			<trkpt lat="47.0577607142" lon="8.5476712821">
				<ele>560.4</ele>
			</trkpt>
			<trkpt lat="47.0578391007" lon="8.5476875275">
				<ele>561.3</ele>
			</trkpt>
			<trkpt lat="47.0578890726" lon="8.5476885612">
				<ele>562.1</ele>
			</trkpt>
			<trkpt lat="47.0579531451" lon="8.5477086973">
				<ele>563.0</ele>
			</trkpt>
			<trkpt lat="47.0580128267" lon="8.5477391810">
				<ele>563.6</ele>
			</trkpt>
			<trkpt lat="47.0581163537" lon="8.5478144726">
				<ele>564.5</ele>
			</trkpt>
			<trkpt lat="47.0581944582" lon="8.5478599627">
				<ele>565.6</ele>
			</trkpt>
			<trkpt lat="47.0582427666" lon="8.5478860392">
				<ele>566.5</ele>
			</trkpt>
			<trkpt lat="47.0582826044" lon="8.5479015012">
				<ele>567.3</ele>
			</trkpt>
			<trkpt lat="47.0583153816" lon="8.5479084454">
				<ele>568.0</ele>
			</trkpt>
			<trkpt lat="47.0583638919" lon="8.5479136213">
				<ele>569.2</ele>
			</trkpt>
			<trkpt lat="47.0583980990" lon="8.5479206079">
				<ele>569.9</ele>
			</trkpt>
			<trkpt lat="47.0584293854" lon="8.5479337873">
				<ele>570.6</ele>
			</trkpt>
			<trkpt lat="47.0584577803" lon="8.5479510928">
				<ele>571.1</ele>
			</trkpt>
			<trkpt lat="47.0584790542" lon="8.5479661573">
				<ele>571.4</ele>
			</trkpt>
			<trkpt lat="47.0584974163" lon="8.5479874413">
				<ele>571.7</ele>
			</trkpt>
			<trkpt lat="47.0584988850" lon="8.5480067698">
				<ele>571.9</ele>
			</trkpt>
			<trkpt lat="47.0585581403" lon="8.5480245685">
				<ele>572.4</ele>
			</trkpt>
			<trkpt lat="47.0586750681" lon="8.5480787476">
				<ele>574.7</ele>
			</trkpt>
			<trkpt lat="47.0587597350" lon="8.5481032733">
				<ele>576.5</ele>
			</trkpt>
			<trkpt lat="47.0588739207" lon="8.5481470620">
				<ele>578.9</ele>
			</trkpt>
			<trkpt lat="47.0589583786" lon="8.5481922766">
				<ele>580.9</ele>
			</trkpt>
			<trkpt lat="47.0590286578" lon="8.5482413573">
				<ele>582.6</ele>
			</trkpt>
			<trkpt lat="47.0590903753" lon="8.5482985415">
				<ele>584.0</ele>
			</trkpt>
			<trkpt lat="47.0591494105" lon="8.5483391101">
				<ele>585.0</ele>
			</trkpt>
			<trkpt lat="47.0592365926" lon="8.5483947414">
				<ele>586.8</ele>
			</trkpt>
			<trkpt lat="47.0592805370" lon="8.5484302062">
				<ele>587.4</ele>
			</trkpt>
			<trkpt lat="47.0593217036" lon="8.5484561358">
				<ele>588.0</ele>
			</trkpt>
			<trkpt lat="47.0593585087" lon="8.5484903336">
				<ele>588.8</ele>
			</trkpt>
			<trkpt lat="47.0593724594" lon="8.5485240585">
				<ele>589.3</ele>
			</trkpt>
			<trkpt lat="47.0593871220" lon="8.5485576406">
				<ele>590.0</ele>
			</trkpt>
			<trkpt lat="47.0594015592" lon="8.5485968655">
				<ele>591.2</ele>
			</trkpt>
			<trkpt lat="47.0594095867" lon="8.5486393532">
				<ele>591.7</ele>
			</trkpt>
			<trkpt lat="47.0594293307" lon="8.5486758840">
				<ele>592.1</ele>
			</trkpt>
			<trkpt lat="47.0594598394" lon="8.5486959979">
				<ele>593.3</ele>
			</trkpt>
			<trkpt lat="47.0594914230" lon="8.5487147523">
				<ele>594.7</ele>
			</trkpt>
			<trkpt lat="47.0595112632" lon="8.5487422550">
				<ele>595.3</ele>
			</trkpt>
			<trkpt lat="47.0595386425" lon="8.5488087726">
				<ele>595.9</ele>
			</trkpt>
			<trkpt lat="47.0595561493" lon="8.5488589611">
				<ele>597.0</ele>
			</trkpt>
			<trkpt lat="47.0595798592" lon="8.5488946525">
				<ele>597.8</ele>
			</trkpt>
			<trkpt lat="47.0595922259" lon="8.5489321758">
				<ele>598.6</ele>
			</trkpt>
			<trkpt lat="47.0596072453" lon="8.5489884071">
				<ele>599.7</ele>
			</trkpt>
			<trkpt lat="47.0596334281" lon="8.5490614171">
				<ele>601.0</ele>
			</trkpt>
			<trkpt lat="47.0596819802" lon="8.5491618105">
				<ele>603.2</ele>
			</trkpt>
			<trkpt lat="47.0597013705" lon="8.5491948986">
				<ele>604.0</ele>
			</trkpt>
			<trkpt lat="47.0597307911" lon="8.5492224017">
				<ele>604.7</ele>
			</trkpt>
			<trkpt lat="47.0597657935" lon="8.5492550492">
				<ele>605.6</ele>
			</trkpt>
			<trkpt lat="47.0597698923" lon="8.5492340062">
				<ele>605.0</ele>
			</trkpt>
			<trkpt lat="47.0598056585" lon="8.5491513920">
				<ele>604.5</ele>
			</trkpt>
			<trkpt lat="47.0598194467" lon="8.5491246787">
				<ele>604.7</ele>
			</trkpt>
			<trkpt lat="47.0598845482" lon="8.5492253888">
				<ele>606.6</ele>
			</trkpt>
			<trkpt lat="47.0599637587" lon="8.5493043554">
				<ele>610.3</ele>
			</trkpt>
			<trkpt lat="47.0600810735" lon="8.5494300807">
				<ele>614.7</ele>
			</trkpt>
			<trkpt lat="47.0601603242" lon="8.5495048619">
				<ele>617.3</ele>
			</trkpt>
			<trkpt lat="47.0602070607" lon="8.5495455331">
				<ele>618.6</ele>
			</trkpt>
			<trkpt lat="47.0602453470" lon="8.5495734974">
				<ele>619.6</ele>
			</trkpt>
			<trkpt lat="47.0602794327" lon="8.5495930146">
				<ele>620.8</ele>
			</trkpt>
			<trkpt lat="47.0602965869" lon="8.5495912770">
				<ele>621.3</ele>
			</trkpt>
			<trkpt lat="47.0603066693" lon="8.5495831273">
				<ele>621.6</ele>
			</trkpt>
			<trkpt lat="47.0603196946" lon="8.5495645854">
				<ele>622.2</ele>
			</trkpt>
			<trkpt lat="47.0603373337" lon="8.5495127153">
				<ele>623.4</ele>
			</trkpt>
			<trkpt lat="47.0603520006" lon="8.5494733034">
				<ele>624.3</ele>
			</trkpt>
			<trkpt lat="47.0603723494" lon="8.5494361150">
				<ele>625.5</ele>
			</trkpt>
			<trkpt lat="47.0604012493" lon="8.5494011832">
				<ele>626.1</ele>
			</trkpt>
			<trkpt lat="47.0604329894" lon="8.5493684040">
				<ele>627.4</ele>
			</trkpt>
			<trkpt lat="47.0604589484" lon="8.5493417705">
				<ele>628.6</ele>
			</trkpt>
			<trkpt lat="47.0604847951" lon="8.5493276810">
				<ele>630.3</ele>
			</trkpt>
			<trkpt lat="47.0605562422" lon="8.5493228947">
				<ele>634.8</ele>
			</trkpt>
			<trkpt lat="47.0606177261" lon="8.5493158090">
				<ele>639.6</ele>
			</trkpt>
			<trkpt lat="47.0607676611" lon="8.5493168218">
				<ele>645.9</ele>
			</trkpt>
			<trkpt lat="47.0608432775" lon="8.5493246546">
				<ele>648.2</ele>
			</trkpt>
			<trkpt lat="47.0609653235" lon="8.5493183621">
				<ele>652.3</ele>
			</trkpt>
			<trkpt lat="47.0610805631" lon="8.5493024114">
				<ele>655.9</ele>
			</trkpt>
			<trkpt lat="47.0611549109" lon="8.5492934997">
				<ele>658.5</ele>
			</trkpt>
			<trkpt lat="47.0612250494" lon="8.5492761404">
				<ele>661.5</ele>
			</trkpt>
			<trkpt lat="47.0612938070" lon="8.5492545792">
				<ele>664.8</ele>
			</trkpt>
			<trkpt lat="47.0613257389" lon="8.5492345074">
				<ele>666.0</ele>
			</trkpt>
			<trkpt lat="47.0613683015" lon="8.5491886419">
				<ele>667.7</ele>
			</trkpt>
			<trkpt lat="47.0613948618" lon="8.5491491323">
				<ele>668.7</ele>
			</trkpt>
			<trkpt lat="47.0614107190" lon="8.5491094019">
				<ele>669.9</ele>
			</trkpt>
			<trkpt lat="47.0614240580" lon="8.5490835599">
				<ele>670.5</ele>
			</trkpt>
			<trkpt lat="47.0614431828" lon="8.5490752542">
				<ele>671.1</ele>
			</trkpt>
			<trkpt lat="47.0614717729" lon="8.5490723575">
				<ele>671.9</ele>
			</trkpt>
			<trkpt lat="47.0615055221" lon="8.5490708718">
				<ele>672.8</ele>
			</trkpt>
			<trkpt lat="47.0615720458" lon="8.5489844822">
				<ele>675.6</ele>
			</trkpt>
			<trkpt lat="47.0616341066" lon="8.5489167987">
				<ele>678.2</ele>
			</trkpt>
			<trkpt lat="47.0617206445" lon="8.5488287300">
				<ele>682.4</ele>
			</trkpt>
			<trkpt lat="47.0617868339" lon="8.5487778507">
				<ele>684.8</ele>
			</trkpt>
			<trkpt lat="47.0618848144" lon="8.5486879246">
				<ele>686.5</ele>
			</trkpt>
			<trkpt lat="47.0619470163" lon="8.5486056178">
				<ele>687.6</ele>
			</trkpt>
			<trkpt lat="47.0620482607" lon="8.5484739614">
				<ele>689.4</ele>
			</trkpt>
			<trkpt lat="47.0621911877" lon="8.5483139164">
				<ele>693.2</ele>
			</trkpt>
			<trkpt lat="47.0622790946" lon="8.5482321399">
				<ele>694.0</ele>
			</trkpt>
			<trkpt lat="47.0623567981" lon="8.5481710449">
				<ele>694.8</ele>
			</trkpt>
			<trkpt lat="47.0624388928" lon="8.5480996013">
				<ele>696.2</ele>
			</trkpt>
			<trkpt lat="47.0624838394" lon="8.5480294684">
				<ele>696.4</ele>
			</trkpt>
			<trkpt lat="47.0625372967" lon="8.5479657908">
				<ele>697.0</ele>
			</trkpt>
			<trkpt lat="47.0626049559" lon="8.5479107674">
				<ele>698.2</ele>
			</trkpt>
			<trkpt lat="47.0626509289" lon="8.5478824532">
				<ele>699.1</ele>
			</trkpt>
			<trkpt lat="47.0626871498" lon="8.5478597689">
				<ele>699.8</ele>
			</trkpt>
			<trkpt lat="47.0627949953" lon="8.5478148571">
				<ele>700.4</ele>
			</trkpt>
			<trkpt lat="47.0629153563" lon="8.5477249968">
				<ele>702.5</ele>
			</trkpt>
			<trkpt lat="47.0629759788" lon="8.5477046339">
				<ele>702.7</ele>
			</trkpt>
			<trkpt lat="47.0630365543" lon="8.5476882112">
				<ele>703.1</ele>
			</trkpt>
			<trkpt lat="47.0631014063" lon="8.5476463170">
				<ele>703.9</ele>
			</trkpt>
			<trkpt lat="47.0631502447" lon="8.5475942694">
				<ele>704.7</ele>
			</trkpt>
			<trkpt lat="47.0631871485" lon="8.5475262772">
				<ele>705.9</ele>
			</trkpt>
			<trkpt lat="47.0632266455" lon="8.5474681351">
				<ele>706.2</ele>
			</trkpt>
			<trkpt lat="47.0632838311" lon="8.5473867931">
				<ele>707.7</ele>
			</trkpt>
			<trkpt lat="47.0633448032" lon="8.5473291077">
				<ele>707.6</ele>
			</trkpt>
			<trkpt lat="47.0634109887" lon="8.5472892204">
				<ele>708.6</ele>
			</trkpt>
			<trkpt lat="47.0634785575" lon="8.5472434604">
				<ele>709.4</ele>
			</trkpt>
			<trkpt lat="47.0635394535" lon="8.5471936413">
				<ele>710.4</ele>
			</trkpt>
			<trkpt lat="47.0636100034" lon="8.5471184502">
				<ele>711.1</ele>
			</trkpt>
			<trkpt lat="47.0636777804" lon="8.5470510953">
				<ele>712.3</ele>
			</trkpt>
			<trkpt lat="47.0637322593" lon="8.5469716504">
				<ele>713.2</ele>
			</trkpt>
			<trkpt lat="47.0637880349" lon="8.5468961855">
				<ele>714.2</ele>
			</trkpt>
			<trkpt lat="47.0638328691" lon="8.5468420803">
				<ele>715.4</ele>
			</trkpt>
			<trkpt lat="47.0638708322" lon="8.5468035692">
				<ele>715.9</ele>
			</trkpt>
			<trkpt lat="47.0639548403" lon="8.5467247469">
				<ele>717.0</ele>
			</trkpt>
			<trkpt lat="47.0640198540" lon="8.5466651637">
				<ele>718.5</ele>
			</trkpt>
			<trkpt lat="47.0640739825" lon="8.5466210982">
				<ele>719.1</ele>
			</trkpt>
			<trkpt lat="47.0641226963" lon="8.5465828089">
				<ele>720.1</ele>
			</trkpt>
			<trkpt lat="47.0641904820" lon="8.5465154337">
				<ele>721.0</ele>
			</trkpt>
			<trkpt lat="47.0642419417" lon="8.5464693393">
				<ele>721.8</ele>
			</trkpt>
			<trkpt lat="47.0642957758" lon="8.5464567080">
				<ele>722.6</ele>
			</trkpt>
			<trkpt lat="47.0643739536" lon="8.5464249092">
				<ele>723.4</ele>
			</trkpt>
			<trkpt lat="47.0644658642" lon="8.5463619724">
				<ele>724.8</ele>
			</trkpt>
			<trkpt lat="47.0645239485" lon="8.5463258370">
				<ele>725.8</ele>
			</trkpt>
			<trkpt lat="47.0645921259" lon="8.5462734020">
				<ele>726.4</ele>
			</trkpt>
			<trkpt lat="47.0646496476" lon="8.5462400188">
				<ele>727.6</ele>
			</trkpt>
			<trkpt lat="47.0647021860" lon="8.5462214463">
				<ele>728.8</ele>
			</trkpt>
			<trkpt lat="47.0647493576" lon="8.5462027759">
				<ele>730.0</ele>
			</trkpt>
			<trkpt lat="47.0647856065" lon="8.5462035247">
				<ele>731.1</ele>
			</trkpt>
			<trkpt lat="47.0648177481" lon="8.5462120378">
				<ele>732.0</ele>
			</trkpt>
			<trkpt lat="47.0648501650" lon="8.5461911017">
				<ele>732.8</ele>
			</trkpt>
			<trkpt lat="47.0648785679" lon="8.5461700828">
				<ele>733.8</ele>
			</trkpt>
			<trkpt lat="47.0649027587" lon="8.5461686090">
				<ele>734.3</ele>
			</trkpt>
			<trkpt lat="47.0649309912" lon="8.5461652581">
				<ele>734.5</ele>
			</trkpt>
			<trkpt lat="47.0649140954" lon="8.5462110261">
				<ele>734.6</ele>
			</trkpt>
			<trkpt lat="47.0648750877" lon="8.5462503846">
				<ele>734.6</ele>
			</trkpt>
			<trkpt lat="47.0648051122" lon="8.5462998000">
				<ele>735.6</ele>
			</trkpt>
			<trkpt lat="47.0647575469" lon="8.5463438027">
				<ele>735.7</ele>
			</trkpt>
			<trkpt lat="47.0647003834" lon="8.5464092641">
				<ele>736.0</ele>
			</trkpt>
			<trkpt lat="47.0646542831" lon="8.5464680563">
				<ele>736.1</ele>
			</trkpt>
			<trkpt lat="47.0645880430" lon="8.5465318515">
				<ele>735.8</ele>
			</trkpt>
			<trkpt lat="47.0645943518" lon="8.5465572451">
				<ele>736.1</ele>
			</trkpt>
			<trkpt lat="47.0645994656" lon="8.5465817334">
				<ele>737.1</ele>
			</trkpt>
			<trkpt lat="47.0646051347" lon="8.5466105915">
				<ele>738.5</ele>
			</trkpt>
			<trkpt lat="47.0646121329" lon="8.5466255341">
				<ele>739.2</ele>
			</trkpt>
			<trkpt lat="47.0646149509" lon="8.5466421388">
				<ele>739.8</ele>
			</trkpt>
			<trkpt lat="47.0646141268" lon="8.5466656366">
				<ele>740.7</ele>
			</trkpt>
			<trkpt lat="47.0646155738" lon="8.5467005015">
				<ele>741.5</ele>
			</trkpt>
			<trkpt lat="47.0646212518" lon="8.5467293470">
				<ele>742.3</ele>
			</trkpt>
			<trkpt lat="47.0646251715" lon="8.5467546914">
				<ele>742.9</ele>
			</trkpt>
			<trkpt lat="47.0646188635" lon="8.5467911316">
				<ele>744.7</ele>
			</trkpt>
			<trkpt lat="47.0646060796" lon="8.5468213440">
				<ele>745.5</ele>
			</trkpt>
			<trkpt lat="47.0645757763" lon="8.5468790675">
				<ele>747.1</ele>
			</trkpt>
			<trkpt lat="47.0645667251" lon="8.5468947969">
				<ele>747.9</ele>
			</trkpt>
			<trkpt lat="47.0645568136" lon="8.5469514504">
				<ele>751.0</ele>
			</trkpt>
			<trkpt lat="47.0645620025" lon="8.5470127552">
				<ele>752.0</ele>
			</trkpt>
			<trkpt lat="47.0645646112" lon="8.5470683497">
				<ele>753.0</ele>
			</trkpt>
			<trkpt lat="47.0645540142" lon="8.5471295467">
				<ele>754.0</ele>
			</trkpt>
			<trkpt lat="47.0645320118" lon="8.5471946348">
				<ele>755.6</ele>
			</trkpt>
			<trkpt lat="47.0645273105" lon="8.5472639375">
				<ele>756.8</ele>
			</trkpt>
			<trkpt lat="47.0645241137" lon="8.5473002428">
				<ele>757.5</ele>
			</trkpt>
			<trkpt lat="47.0645169020" lon="8.5473629496">
				<ele>759.0</ele>
			</trkpt>
			<trkpt lat="47.0645105926" lon="8.5474231938">
				<ele>759.9</ele>
			</trkpt>
			<trkpt lat="47.0645172833" lon="8.5474854296">
				<ele>761.2</ele>
			</trkpt>
			<trkpt lat="47.0645245812" lon="8.5475430239">
				<ele>762.9</ele>
			</trkpt>
			<trkpt lat="47.0645234852" lon="8.5475737414">
				<ele>763.9</ele>
			</trkpt>
			<trkpt lat="47.0645224409" lon="8.5476027372">
				<ele>764.8</ele>
			</trkpt>
			<trkpt lat="47.0645044301" lon="8.5476865754">
				<ele>766.5</ele>
			</trkpt>
			<trkpt lat="47.0644853628" lon="8.5478115842">
				<ele>770.1</ele>
			</trkpt>
			<trkpt lat="47.0644735885" lon="8.5479227946">
				<ele>772.4</ele>
			</trkpt>
			<trkpt lat="47.0644724615" lon="8.5480394706">
				<ele>774.4</ele>
			</trkpt>
			<trkpt lat="47.0644603498" lon="8.5481837667">
				<ele>777.5</ele>
			</trkpt>
			<trkpt lat="47.0644382798" lon="8.5482512442">
				<ele>779.3</ele>
			</trkpt>
			<trkpt lat="47.0643899427" lon="8.5483268690">
				<ele>780.8</ele>
			</trkpt>
			<trkpt lat="47.0643315881" lon="8.5484545483">
				<ele>783.0</ele>
			</trkpt>
			<trkpt lat="47.0642913843" lon="8.5485512459">
				<ele>784.2</ele>
			</trkpt>
			<trkpt lat="47.0642462595" lon="8.5486635137">
				<ele>787.0</ele>
			</trkpt>
			<trkpt lat="47.0642048696" lon="8.5487601993">
				<ele>791.7</ele>
			</trkpt>
			<trkpt lat="47.0641840693" lon="8.5488189858">
				<ele>794.9</ele>
			</trkpt>
			<trkpt lat="47.0641708640" lon="8.5488890891">
				<ele>796.4</ele>
			</trkpt>
			<trkpt lat="47.0641626652" lon="8.5489256890">
				<ele>797.2</ele>
			</trkpt>
			<trkpt lat="47.0641624674" lon="8.5489463686">
				<ele>797.9</ele>
			</trkpt>
			<trkpt lat="47.0641813579" lon="8.5489398615">
				<ele>797.8</ele>
			</trkpt>
			<trkpt lat="47.0642289939" lon="8.5488856989">
				<ele>797.8</ele>
			</trkpt>
			<trkpt lat="47.0642622243" lon="8.5488588066">
				<ele>797.5</ele>
			</trkpt>
			<trkpt lat="47.0642999757" lon="8.5488527157">
				<ele>798.5</ele>
			</trkpt>
			<trkpt lat="47.0643313432" lon="8.5488556561">
				<ele>799.7</ele>
			</trkpt>
			<trkpt lat="47.0643800106" lon="8.5488566639">
				<ele>801.0</ele>
			</trkpt>
			<trkpt lat="47.0644555846" lon="8.5488447214">
				<ele>802.5</ele>
			</trkpt>
			<trkpt lat="47.0645583484" lon="8.5488015611">
				<ele>804.4</ele>
			</trkpt>
			<trkpt lat="47.0646479585" lon="8.5487651063">
				<ele>806.0</ele>
			</trkpt>
			<trkpt lat="47.0647544116" lon="8.5487098307">
				<ele>807.9</ele>
			</trkpt>
			<trkpt lat="47.0648514736" lon="8.5486404319">
				<ele>809.6</ele>
			</trkpt>
			<trkpt lat="47.0649521664" lon="8.5485658818">
				<ele>811.4</ele>
			</trkpt>
			<trkpt lat="47.0650720251" lon="8.5484777994">
				<ele>813.9</ele>
			</trkpt>
			<trkpt lat="47.0651811969" lon="8.5483877566">
				<ele>815.8</ele>
			</trkpt>
			<trkpt lat="47.0652541237" lon="8.5483526934">
				<ele>817.5</ele>
			</trkpt>
			<trkpt lat="47.0652934267" lon="8.5483500178">
				<ele>817.2</ele>
			</trkpt>
			<trkpt lat="47.0653266230" lon="8.5483628964">
				<ele>817.8</ele>
			</trkpt>
			<trkpt lat="47.0653574782" lon="8.5483722504">
				<ele>818.8</ele>
			</trkpt>
			<trkpt lat="47.0653884430" lon="8.5483694023">
				<ele>819.5</ele>
			</trkpt>
			<trkpt lat="47.0654636956" lon="8.5483413507">
				<ele>820.7</ele>
			</trkpt>
			<trkpt lat="47.0655605135" lon="8.5482981579">
				<ele>822.9</ele>
			</trkpt>
			<trkpt lat="47.0655897587" lon="8.5482888763">
				<ele>823.7</ele>
			</trkpt>
			<trkpt lat="47.0656590779" lon="8.5482650328">
				<ele>825.3</ele>
			</trkpt>
			<trkpt lat="47.0657000712" lon="8.5482474894">
				<ele>826.5</ele>
			</trkpt>
			<trkpt lat="47.0657572437" lon="8.5482089521">
				<ele>828.1</ele>
			</trkpt>
			<trkpt lat="47.0658306929" lon="8.5481617468">
				<ele>830.8</ele>
			</trkpt>
			<trkpt lat="47.0659004284" lon="8.5481013385">
				<ele>833.3</ele>
			</trkpt>
			<trkpt lat="47.0659560337" lon="8.5480462730">
				<ele>835.0</ele>
			</trkpt>
			<trkpt lat="47.0660025356" lon="8.5480041307">
				<ele>836.2</ele>
			</trkpt>
			<trkpt lat="47.0660399442" lon="8.5479767833">
				<ele>837.4</ele>
			</trkpt>
			<trkpt lat="47.0660543185" lon="8.5479470895">
				<ele>838.1</ele>
			</trkpt>
			<trkpt lat="47.0660700243" lon="8.5479118150">
				<ele>838.8</ele>
			</trkpt>
			<trkpt lat="47.0660996159" lon="8.5478974320">
				<ele>839.5</ele>
			</trkpt>
			<trkpt lat="47.0661133375" lon="8.5478822594">
				<ele>839.4</ele>
			</trkpt>
			<trkpt lat="47.0661409736" lon="8.5478589228">
				<ele>840.4</ele>
			</trkpt>
			<trkpt lat="47.0661717701" lon="8.5478520684">
				<ele>842.1</ele>
			</trkpt>
			<trkpt lat="47.0662319498" lon="8.5478533134">
				<ele>843.5</ele>
			</trkpt>
			<trkpt lat="47.0662794308" lon="8.5478430524">
				<ele>844.8</ele>
			</trkpt>
			<trkpt lat="47.0663424181" lon="8.5478181167">
				<ele>847.1</ele>
			</trkpt>
			<trkpt lat="47.0663886760" lon="8.5478022085">
				<ele>848.1</ele>
			</trkpt>
			<trkpt lat="47.0664438013" lon="8.5477958444">
				<ele>849.2</ele>
			</trkpt>
			<trkpt lat="47.0665195065" lon="8.5477805454">
				<ele>850.8</ele>
			</trkpt>
			<trkpt lat="47.0665720413" lon="8.5477778803">
				<ele>851.6</ele>
			</trkpt>
			<trkpt lat="47.0666232362" lon="8.5477808222">
				<ele>852.7</ele>
			</trkpt>
			<trkpt lat="47.0667019067" lon="8.5477695074">
				<ele>854.3</ele>
			</trkpt>
			<trkpt lat="47.0667570749" lon="8.5477456996">
				<ele>855.7</ele>
			</trkpt>
			<trkpt lat="47.0668199141" lon="8.5477109649">
				<ele>857.0</ele>
			</trkpt>
			<trkpt lat="47.0668619050" lon="8.5476785769">
				<ele>858.1</ele>
			</trkpt>
			<trkpt lat="47.0668830838" lon="8.5476429675">
				<ele>858.5</ele>
			</trkpt>
			<trkpt lat="47.0669268829" lon="8.5476189242">
				<ele>859.7</ele>
			</trkpt>
			<trkpt lat="47.0669496649" lon="8.5476138531">
				<ele>860.3</ele>
			</trkpt>
			<trkpt lat="47.0669954333" lon="8.5475815432">
				<ele>861.4</ele>
			</trkpt>
			<trkpt lat="47.0670620414" lon="8.5475496375">
				<ele>863.0</ele>
			</trkpt>
			<trkpt lat="47.0671228223" lon="8.5475314883">
				<ele>864.5</ele>
			</trkpt>
			<trkpt lat="47.0672024735" lon="8.5475220505">
				<ele>866.0</ele>
			</trkpt>
			<trkpt lat="47.0672707295" lon="8.5475151541">
				<ele>867.6</ele>
			</trkpt>
			<trkpt lat="47.0673143507" lon="8.5475105004">
				<ele>868.6</ele>
			</trkpt>
			<trkpt lat="47.0673637096" lon="8.5474976707">
				<ele>869.7</ele>
			</trkpt>
			<trkpt lat="47.0674358236" lon="8.5474852990">
				<ele>871.2</ele>
			</trkpt>
			<trkpt lat="47.0675062089" lon="8.5474534848">
				<ele>872.5</ele>
			</trkpt>
			<trkpt lat="47.0675443776" lon="8.5474237814">
				<ele>873.7</ele>
			</trkpt>
			<trkpt lat="47.0675787596" lon="8.5473939869">
				<ele>873.3</ele>
			</trkpt>
			<trkpt lat="47.0676205096" lon="8.5473865428">
				<ele>874.9</ele>
			</trkpt>
			<trkpt lat="47.0676583310" lon="8.5473928682">
				<ele>875.8</ele>
			</trkpt>
			<trkpt lat="47.0676865027" lon="8.5474184006">
				<ele>876.7</ele>
			</trkpt>
			<trkpt lat="47.0677281899" lon="8.5474164976">
				<ele>877.6</ele>
			</trkpt>
			<trkpt lat="47.0677740390" lon="8.5473758675">
				<ele>879.0</ele>
			</trkpt>
			<trkpt lat="47.0678370655" lon="8.5473217161">
				<ele>880.6</ele>
			</trkpt>
			<trkpt lat="47.0679081094" lon="8.5472720088">
				<ele>882.4</ele>
			</trkpt>
			<trkpt lat="47.0679473458" lon="8.5472639991">
				<ele>883.3</ele>
			</trkpt>
			<trkpt lat="47.0679728794" lon="8.5472711367">
				<ele>883.9</ele>
			</trkpt>
			<trkpt lat="47.0680087502" lon="8.5473005410">
				<ele>885.2</ele>
			</trkpt>
			<trkpt lat="47.0680567195" lon="8.5473235859">
				<ele>884.3</ele>
			</trkpt>
			<trkpt lat="47.0681138642" lon="8.5473335621">
				<ele>886.7</ele>
			</trkpt>
			<trkpt lat="47.0681819340" lon="8.5472797382">
				<ele>885.2</ele>
			</trkpt>
			<trkpt lat="47.0682284724" lon="8.5472338429">
				<ele>886.2</ele>
			</trkpt>
			<trkpt lat="47.0682825558" lon="8.5472030997">
				<ele>890.0</ele>
			</trkpt>
			<trkpt lat="47.0683661584" lon="8.5471654747">
				<ele>893.6</ele>
			</trkpt>
			<trkpt lat="47.0684649872" lon="8.5471431475">
				<ele>896.1</ele>
			</trkpt>
			<trkpt lat="47.0685497766" lon="8.5471149217">
				<ele>898.4</ele>
			</trkpt>
			<trkpt lat="47.0686358162" lon="8.5470904600">
				<ele>900.4</ele>
			</trkpt>
			<trkpt lat="47.0686960502" lon="8.5470860706">
				<ele>902.3</ele>
			</trkpt>
			<trkpt lat="47.0687510313" lon="8.5470947122">
				<ele>905.2</ele>
			</trkpt>
			<trkpt lat="47.0687738749" lon="8.5471158025">
				<ele>906.3</ele>
			</trkpt>
			<trkpt lat="47.0687709952" lon="8.5471494749">
				<ele>907.4</ele>
			</trkpt>
			<trkpt lat="47.0687578799" lon="8.5471810657">
				<ele>908.1</ele>
			</trkpt>
			<trkpt lat="47.0687240681" lon="8.5472347302">
				<ele>909.3</ele>
			</trkpt>
			<trkpt lat="47.0686706291" lon="8.5473310809">
				<ele>911.7</ele>
			</trkpt>
			<trkpt lat="47.0686236384" lon="8.5474238257">
				<ele>914.0</ele>
			</trkpt>
			<trkpt lat="47.0685830792" lon="8.5475129514">
				<ele>916.4</ele>
			</trkpt>
			<trkpt lat="47.0685337693" lon="8.5475794080">
				<ele>917.8</ele>
			</trkpt>
			<trkpt lat="47.0684755557" lon="8.5476400456">
				<ele>918.1</ele>
			</trkpt>
			<trkpt lat="47.0684246069" lon="8.5477439517">
				<ele>920.4</ele>
			</trkpt>
			<trkpt lat="47.0683736219" lon="8.5478516099">
				<ele>923.1</ele>
			</trkpt>
			<trkpt lat="47.0683203539" lon="8.5479310971">
				<ele>924.8</ele>
			</trkpt>
			<trkpt lat="47.0682736254" lon="8.5479957373">
				<ele>926.0</ele>
			</trkpt>
			<trkpt lat="47.0682399219" lon="8.5480381454">
				<ele>927.0</ele>
			</trkpt>
			<trkpt lat="47.0682307556" lon="8.5480585735">
				<ele>927.6</ele>
			</trkpt>
			<trkpt lat="47.0682472953" lon="8.5480701597">
				<ele>928.3</ele>
			</trkpt>
			<trkpt lat="47.0682742694" lon="8.5480613439">
				<ele>928.9</ele>
			</trkpt>
			<trkpt lat="47.0683129368" lon="8.5480359043">
				<ele>929.8</ele>
			</trkpt>
			<trkpt lat="47.0683398747" lon="8.5480308398">
				<ele>930.9</ele>
			</trkpt>
			<trkpt lat="47.0683538869" lon="8.5480386346">
				<ele>931.6</ele>
			</trkpt>
			<trkpt lat="47.0683446394" lon="8.5480684222">
				<ele>932.9</ele>
			</trkpt>
			<trkpt lat="47.0683456810" lon="8.5480928143">
				<ele>933.6</ele>
			</trkpt>
			<trkpt lat="47.0683727002" lon="8.5480802467">
				<ele>934.6</ele>
			</trkpt>
			<trkpt lat="47.0683947379" lon="8.5480525931">
				<ele>934.9</ele>
			</trkpt>
			<trkpt lat="47.0684309501" lon="8.5480158587">
				<ele>935.4</ele>
			</trkpt>
			<trkpt lat="47.0684811145" lon="8.5479848500">
				<ele>936.1</ele>
			</trkpt>
			<trkpt lat="47.0685024732" lon="8.5479566429">
				<ele>935.9</ele>
			</trkpt>
			<trkpt lat="47.0685676782" lon="8.5479116992">
				<ele>936.6</ele>
			</trkpt>
			<trkpt lat="47.0686463644" lon="8.5478736449">
				<ele>938.3</ele>
			</trkpt>
			<trkpt lat="47.0687280512" lon="8.5478378639">
				<ele>940.0</ele>
			</trkpt>
			<trkpt lat="47.0688125715" lon="8.5478197845">
				<ele>942.1</ele>
			</trkpt>
			<trkpt lat="47.0688851891" lon="8.5477860144">
				<ele>942.6</ele>
			</trkpt>
			<trkpt lat="47.0689243072" lon="8.5477912210">
				<ele>943.7</ele>
			</trkpt>
			<trkpt lat="47.0689585818" lon="8.5478294151">
				<ele>945.4</ele>
			</trkpt>
			<trkpt lat="47.0690251943" lon="8.5477933084">
				<ele>946.8</ele>
			</trkpt>
			<trkpt lat="47.0690794325" lon="8.5477922318">
				<ele>948.9</ele>
			</trkpt>
			<trkpt lat="47.0691446799" lon="8.5477428781">
				<ele>950.3</ele>
			</trkpt>
			<trkpt lat="47.0691792525" lon="8.5477502168">
				<ele>952.4</ele>
			</trkpt>
			<trkpt lat="47.0692218640" lon="8.5477047920">
				<ele>953.9</ele>
			</trkpt>
			<trkpt lat="47.0692556278" lon="8.5476393558">
				<ele>955.4</ele>
			</trkpt>
			<trkpt lat="47.0693344507" lon="8.5475880840">
				<ele>959.0</ele>
			</trkpt>
			<trkpt lat="47.0694001443" lon="8.5474924462">
				<ele>961.2</ele>
			</trkpt>
			<trkpt lat="47.0694567188" lon="8.5474580807">
				<ele>963.5</ele>
			</trkpt>
			<trkpt lat="47.0694676172" lon="8.5474799907">
				<ele>964.1</ele>
			</trkpt>
			<trkpt lat="47.0695061226" lon="8.5474769426">
				<ele>965.9</ele>
			</trkpt>
			<trkpt lat="47.0695412216" lon="8.5474651347">
				<ele>966.7</ele>
			</trkpt>
			<trkpt lat="47.0695568854" lon="8.5474696319">
				<ele>967.5</ele>
			</trkpt>
			<trkpt lat="47.0695892591" lon="8.5475183720">
				<ele>969.5</ele>
			</trkpt>
			<trkpt lat="47.0696528271" lon="8.5475907594">
				<ele>972.8</ele>
			</trkpt>
			<trkpt lat="47.0697021728" lon="8.5476565726">
				<ele>975.4</ele>
			</trkpt>
			<trkpt lat="47.0697290461" lon="8.5476843043">
				<ele>976.8</ele>
			</trkpt>
			<trkpt lat="47.0697488696" lon="8.5477014353">
				<ele>978.1</ele>
			</trkpt>
			<trkpt lat="47.0697627790" lon="8.5477403931">
				<ele>979.3</ele>
			</trkpt>
			<trkpt lat="47.0697892091" lon="8.5478130525">
				<ele>981.5</ele>
			</trkpt>
			<trkpt lat="47.0698156795" lon="8.5478815259">
				<ele>983.5</ele>
			</trkpt>
			<trkpt lat="47.0698388303" lon="8.5479248619">
				<ele>985.0</ele>
			</trkpt>
			<trkpt lat="47.0698996896" lon="8.5479814994">
				<ele>989.2</ele>
			</trkpt>
			<trkpt lat="47.0699570690" lon="8.5480286779">
				<ele>992.0</ele>
			</trkpt>
			<trkpt lat="47.0699958832" lon="8.5480765115">
				<ele>995.1</ele>
			</trkpt>
			<trkpt lat="47.0700369593" lon="8.5481118448">
				<ele>997.2</ele>
			</trkpt>
			<trkpt lat="47.0700973704" lon="8.5481413111">
				<ele>999.6</ele>
			</trkpt>
			<trkpt lat="47.0701656571" lon="8.5481591432">
				<ele>1001.5</ele>
			</trkpt>
			<trkpt lat="47.0702213804" lon="8.5481561097">
				<ele>1003.6</ele>
			</trkpt>
			<trkpt lat="47.0702587277" lon="8.5481350915">
				<ele>1004.5</ele>
			</trkpt>
			<trkpt lat="47.0703042970" lon="8.5481485696">
				<ele>1006.4</ele>
			</trkpt>
			<trkpt lat="47.0703428256" lon="8.5481514604">
				<ele>1007.9</ele>
			</trkpt>
			<trkpt lat="47.0703954800" lon="8.5481848608">
				<ele>1011.1</ele>
			</trkpt>
			<trkpt lat="47.0704647761" lon="8.5481578290">
				<ele>1011.8</ele>
			</trkpt>
			<trkpt lat="47.0705220993" lon="8.5481623593">
				<ele>1015.0</ele>
			</trkpt>
			<trkpt lat="47.0705520589" lon="8.5480763561">
				<ele>1013.9</ele>
			</trkpt>
			<trkpt lat="47.0706151654" lon="8.5480484061">
				<ele>1015.6</ele>
			</trkpt>
			<trkpt lat="47.0706443960" lon="8.5481263515">
				<ele>1017.9</ele>
			</trkpt>
			<trkpt lat="47.0706759944" lon="8.5481081909">
				<ele>1019.6</ele>
			</trkpt>
			<trkpt lat="47.0707145836" lon="8.5481048026">
				<ele>1021.1</ele>
			</trkpt>
			<trkpt lat="47.0707127727" lon="8.5481432904">
				<ele>1021.9</ele>
			</trkpt>
			<trkpt lat="47.0707137991" lon="8.5481851157">
				<ele>1022.2</ele>
			</trkpt>
			<trkpt lat="47.0707250195" lon="8.5482062568">
				<ele>1022.8</ele>
			</trkpt>
			<trkpt lat="47.0707602732" lon="8.5482529647">
				<ele>1026.1</ele>
			</trkpt>
			<trkpt lat="47.0707813653" lon="8.5482868444">
				<ele>1027.8</ele>
			</trkpt>
			<trkpt lat="47.0708023967" lon="8.5483269912">
				<ele>1029.4</ele>
			</trkpt>
			<trkpt lat="47.0708265306" lon="8.5483421323">
				<ele>1030.9</ele>
			</trkpt>
			<trkpt lat="47.0708636182" lon="8.5483470732">
				<ele>1033.2</ele>
			</trkpt>
			<trkpt lat="47.0709008354" lon="8.5483385873">
				<ele>1035.1</ele>
			</trkpt>
			<trkpt lat="47.0709320501" lon="8.5483601297">
				<ele>1036.4</ele>
			</trkpt>
			<trkpt lat="47.0709114502" lon="8.5484224164">
				<ele>1037.7</ele>
			</trkpt>
			<trkpt lat="47.0709498782" lon="8.5484357462">
				<ele>1039.9</ele>
			</trkpt>
			<trkpt lat="47.0709437427" lon="8.5484795177">
				<ele>1040.3</ele>
			</trkpt>
			<trkpt lat="47.0709490705" lon="8.5485193388">
				<ele>1041.7</ele>
			</trkpt>
			<trkpt lat="47.0709876574" lon="8.5485180571">
				<ele>1044.0</ele>
			</trkpt>
			<trkpt lat="47.0709728294" lon="8.5485741830">
				<ele>1044.4</ele>
			</trkpt>
			<trkpt lat="47.0709810171" lon="8.5486140634">
				<ele>1045.6</ele>
			</trkpt>
			<trkpt lat="47.0710207741" lon="8.5486378753">
				<ele>1048.7</ele>
			</trkpt>
			<trkpt lat="47.0710130065" lon="8.5487025213">
				<ele>1050.2</ele>
			</trkpt>
			<trkpt lat="47.0710094891" lon="8.5487714164">
				<ele>1051.6</ele>
			</trkpt>
			<trkpt lat="47.0710134066" lon="8.5488091278">
				<ele>1052.5</ele>
			</trkpt>
			<trkpt lat="47.0710348823" lon="8.5488033058">
				<ele>1053.5</ele>
			</trkpt>
			<trkpt lat="47.0710876330" lon="8.5488127584">
				<ele>1056.6</ele>
			</trkpt>
			<trkpt lat="47.0710741747" lon="8.5488751803">
				<ele>1056.9</ele>
			</trkpt>
			<trkpt lat="47.0710736293" lon="8.5489316019">
				<ele>1057.7</ele>
			</trkpt>
			<trkpt lat="47.0711049649" lon="8.5489406119">
				<ele>1059.2</ele>
			</trkpt>
			<trkpt lat="47.0710914660" lon="8.5490072191">
				<ele>1061.5</ele>
			</trkpt>
			<trkpt lat="47.0711071697" lon="8.5490075443">
				<ele>1061.8</ele>
			</trkpt>
			<trkpt lat="47.0711316469" lon="8.5489871560">
				<ele>1062.8</ele>
			</trkpt>
			<trkpt lat="47.0711573229" lon="8.5489897813">
				<ele>1064.2</ele>
			</trkpt>
			<trkpt lat="47.0711802894" lon="8.5489777089">
				<ele>1065.5</ele>
			</trkpt>
			<trkpt lat="47.0711828868" lon="8.5490049394">
				<ele>1066.1</ele>
			</trkpt>
			<trkpt lat="47.0711723085" lon="8.5490653403">
				<ele>1067.4</ele>
			</trkpt>
			<trkpt lat="47.0711274469" lon="8.5491238328">
				<ele>1068.0</ele>
			</trkpt>
			<trkpt lat="47.0710881706" lon="8.5491982670">
				<ele>1069.4</ele>
			</trkpt>
			<trkpt lat="47.0710865587" lon="8.5492170491">
				<ele>1069.9</ele>
			</trkpt>
			<trkpt lat="47.0710920267" lon="8.5492469853">
				<ele>1070.6</ele>
			</trkpt>
			<trkpt lat="47.0711130738" lon="8.5492296458">
				<ele>1071.0</ele>
			</trkpt>
			<trkpt lat="47.0711083302" lon="8.5492634256">
				<ele>1071.5</ele>
			</trkpt>
			<trkpt lat="47.0711157036" lon="8.5492879768">
				<ele>1072.0</ele>
			</trkpt>
			<trkpt lat="47.0711330683" lon="8.5493137612">
				<ele>1073.1</ele>
			</trkpt>
			<trkpt lat="47.0711741807" lon="8.5492885430">
				<ele>1075.5</ele>
			</trkpt>
			<trkpt lat="47.0711894396" lon="8.5492809063">
				<ele>1076.2</ele>
			</trkpt>
			<trkpt lat="47.0712385089" lon="8.5492626597">
				<ele>1078.3</ele>
			</trkpt>
			<trkpt lat="47.0712836193" lon="8.5492649637">
				<ele>1080.3</ele>
			</trkpt>
			<trkpt lat="47.0713078661" lon="8.5492860987">
				<ele>1082.2</ele>
			</trkpt>
			<trkpt lat="47.0713319218" lon="8.5493279018">
				<ele>1084.4</ele>
			</trkpt>
			<trkpt lat="47.0713572277" lon="8.5493352988">
				<ele>1085.8</ele>
			</trkpt>
			<trkpt lat="47.0714415962" lon="8.5493618135">
				<ele>1089.7</ele>
			</trkpt>
			<trkpt lat="47.0715941021" lon="8.5494420526">
				<ele>1097.6</ele>
			</trkpt>
			<trkpt lat="47.0717166600" lon="8.5495065298">
				<ele>1102.1</ele>
			</trkpt>
			<trkpt lat="47.0717565588" lon="8.5495230905">
				<ele>1103.0</ele>
			</trkpt>
			<trkpt lat="47.0717802387" lon="8.5495349054">
				<ele>1103.6</ele>
			</trkpt>
			<trkpt lat="47.0718127916" lon="8.5495538686">
				<ele>1104.1</ele>
			</trkpt>
			<trkpt lat="47.0718293729" lon="8.5495620469">
				<ele>1104.6</ele>
			</trkpt>
			<trkpt lat="47.0718506618" lon="8.5495755491">
				<ele>1105.1</ele>
			</trkpt>
			<trkpt lat="47.0718831466" lon="8.5496006082">
				<ele>1104.8</ele>
			</trkpt>
			<trkpt lat="47.0719134079" lon="8.5496090830">
				<ele>1104.2</ele>
			</trkpt>
			<trkpt lat="47.0719442973" lon="8.5496149372">
				<ele>1103.9</ele>
			</trkpt>
			<trkpt lat="47.0719639820" lon="8.5496101311">
				<ele>1104.0</ele>
			</trkpt>
			<trkpt lat="47.0719895950" lon="8.5496071724">
				<ele>1104.1</ele>
			</trkpt>
			<trkpt lat="47.0720265391" lon="8.5496018416">
				<ele>1104.7</ele>
			</trkpt>
			<trkpt lat="47.0720676136" lon="8.5496000729">
				<ele>1105.3</ele>
			</trkpt>
			<trkpt lat="47.0720884435" lon="8.5495996351">
				<ele>1105.5</ele>
			</trkpt>
			<trkpt lat="47.0721135483" lon="8.5496055012">
				<ele>1106.4</ele>
			</trkpt>
			<trkpt lat="47.0721404582" lon="8.5496191207">
				<ele>1106.9</ele>
			</trkpt>
			<trkpt lat="47.0721883736" lon="8.5496374284">
				<ele>1109.2</ele>
			</trkpt>
			<trkpt lat="47.0722579698" lon="8.5496361191">
				<ele>1112.8</ele>
			</trkpt>
			<trkpt lat="47.0723168637" lon="8.5496094119">
				<ele>1113.7</ele>
			</trkpt>
			<trkpt lat="47.0723730905" lon="8.5495859282">
				<ele>1113.2</ele>
			</trkpt>
			<trkpt lat="47.0723915527" lon="8.5495754349">
				<ele>1112.5</ele>
			</trkpt>
			<trkpt lat="47.0724195787" lon="8.5495620321">
				<ele>1111.8</ele>
			</trkpt>
			<trkpt lat="47.0724487138" lon="8.5495539460">
				<ele>1111.6</ele>
			</trkpt>
			<trkpt lat="47.0724709729" lon="8.5495480478">
				<ele>1111.8</ele>
			</trkpt>
			<trkpt lat="47.0724995133" lon="8.5495409885">
				<ele>1111.6</ele>
			</trkpt>
			<trkpt lat="47.0725224239" lon="8.5495272433">
				<ele>1112.0</ele>
			</trkpt>
			<trkpt lat="47.0725511495" lon="8.5495001084">
				<ele>1112.3</ele>
			</trkpt>
			<trkpt lat="47.0725746784" lon="8.5494800946">
				<ele>1112.4</ele>
			</trkpt>
			<trkpt lat="47.0725995264" lon="8.5494623070">
				<ele>1113.0</ele>
			</trkpt>
			<trkpt lat="47.0726135627" lon="8.5494536579">
				<ele>1113.6</ele>
			</trkpt>
			<trkpt lat="47.0726465752" lon="8.5494529983">
				<ele>1113.7</ele>
			</trkpt>
			<trkpt lat="47.0726723306" lon="8.5494409049">
				<ele>1114.7</ele>
			</trkpt>
			<trkpt lat="47.0726929504" lon="8.5494203172">
				<ele>1115.9</ele>
			</trkpt>
			<trkpt lat="47.0727188726" lon="8.5493900435">
				<ele>1117.1</ele>
			</trkpt>
			<trkpt lat="47.0727428708" lon="8.5493763987">
				<ele>1118.8</ele>
			</trkpt>
			<trkpt lat="47.0728241093" lon="8.5493367899">
				<ele>1122.6</ele>
			</trkpt>
			<trkpt lat="47.0728762290" lon="8.5492952081">
				<ele>1125.4</ele>
			</trkpt>
			<trkpt lat="47.0729492479" lon="8.5492320436">
				<ele>1129.3</ele>
			</trkpt>
			<trkpt lat="47.0729799453" lon="8.5491693581">
				<ele>1131.8</ele>
			</trkpt>
			<trkpt lat="47.0730120775" lon="8.5491276384">
				<ele>1132.9</ele>
			</trkpt>
			<trkpt lat="47.0730075197" lon="8.5490956658">
				<ele>1132.8</ele>
			</trkpt>
			<trkpt lat="47.0730100803" lon="8.5490531888">
				<ele>1132.4</ele>
			</trkpt>
			<trkpt lat="47.0730170312" lon="8.5490013750">
				<ele>1131.9</ele>
			</trkpt>
			<trkpt lat="47.0730358883" lon="8.5489435006">
				<ele>1131.9</ele>
			</trkpt>
			<trkpt lat="47.0730544746" lon="8.5489073626">
				<ele>1131.7</ele>
			</trkpt>
			<trkpt lat="47.0730358883" lon="8.5489435006">
				<ele>1131.9</ele>
			</trkpt>
			<trkpt lat="47.0730170312" lon="8.5490013750">
				<ele>1131.9</ele>
			</trkpt>
			<trkpt lat="47.0730100803" lon="8.5490531888">
				<ele>1132.4</ele>
			</trkpt>
			<trkpt lat="47.0730075197" lon="8.5490956658">
				<ele>1132.8</ele>
			</trkpt>
			<trkpt lat="47.0730120775" lon="8.5491276384">
				<ele>1132.9</ele>
			</trkpt>
			<trkpt lat="47.0730617143" lon="8.5491176716">
				<ele>1136.1</ele>
			</trkpt>
			<trkpt lat="47.0731052574" lon="8.5490997052">
				<ele>1138.2</ele>
			</trkpt>
			<trkpt lat="47.0731799937" lon="8.5490589603">
				<ele>1141.9</ele>
			</trkpt>
			<trkpt lat="47.0731964011" lon="8.5490432622">
				<ele>1143.0</ele>
			</trkpt>
			<trkpt lat="47.0732041720" lon="8.5489969029">
				<ele>1144.2</ele>
			</trkpt>
			<trkpt lat="47.0732278330" lon="8.5489939299">
				<ele>1145.2</ele>
			</trkpt>
			<trkpt lat="47.0732443213" lon="8.5489689381">
				<ele>1146.0</ele>
			</trkpt>
			<trkpt lat="47.0732657401" lon="8.5489559637">
				<ele>1146.8</ele>
			</trkpt>
			<trkpt lat="47.0732812251" lon="8.5489575093">
				<ele>1147.6</ele>
			</trkpt>
			<trkpt lat="47.0732952604" lon="8.5489470951">
				<ele>1148.2</ele>
			</trkpt>
			<trkpt lat="47.0733051159" lon="8.5489279822">
				<ele>1148.7</ele>
			</trkpt>
			<trkpt lat="47.0733186643" lon="8.5489288423">
				<ele>1149.3</ele>
			</trkpt>
			<trkpt lat="47.0733293991" lon="8.5489416131">
				<ele>1149.9</ele>
			</trkpt>
			<trkpt lat="47.0733553928" lon="8.5489448776">
				<ele>1151.1</ele>
			</trkpt>
			<trkpt lat="47.0733726006" lon="8.5489394404">
				<ele>1151.9</ele>
			</trkpt>
			<trkpt lat="47.0733872291" lon="8.5489281423">
				<ele>1152.5</ele>
			</trkpt>
			<trkpt lat="47.0734188132" lon="8.5489384615">
				<ele>1153.7</ele>
			</trkpt>
			<trkpt lat="47.0734543918" lon="8.5489450057">
				<ele>1155.3</ele>
			</trkpt>
			<trkpt lat="47.0734941335" lon="8.5489303566">
				<ele>1157.3</ele>
			</trkpt>
			<trkpt lat="47.0735219750" lon="8.5489174235">
				<ele>1158.4</ele>
			</trkpt>
			<trkpt lat="47.0735670051" lon="8.5489028982">
				<ele>1160.1</ele>
			</trkpt>
			<trkpt lat="47.0735546944" lon="8.5489470833">
				<ele>1160.3</ele>
			</trkpt>
			<trkpt lat="47.0735625161" lon="8.5489568838">
				<ele>1160.6</ele>
			</trkpt>
			<trkpt lat="47.0735797141" lon="8.5489533951">
				<ele>1161.3</ele>
			</trkpt>
			<trkpt lat="47.0736008512" lon="8.5489518841">
				<ele>1162.3</ele>
			</trkpt>
			<trkpt lat="47.0736141665" lon="8.5489405724">
				<ele>1162.9</ele>
			</trkpt>
			<trkpt lat="47.0736405553" lon="8.5489411190">
				<ele>1164.0</ele>
			</trkpt>
			<trkpt lat="47.0736443909" lon="8.5489547348">
				<ele>1164.2</ele>
			</trkpt>
			<trkpt lat="47.0736771857" lon="8.5489747304">
				<ele>1165.3</ele>
			</trkpt>
			<trkpt lat="47.0737084987" lon="8.5490140125">
				<ele>1166.0</ele>
			</trkpt>
			<trkpt lat="47.0737335840" lon="8.5490126097">
				<ele>1166.8</ele>
			</trkpt>
			<trkpt lat="47.0737678779" lon="8.5490152425">
				<ele>1167.7</ele>
			</trkpt>
			<trkpt lat="47.0738234112" lon="8.5490067277">
				<ele>1169.8</ele>
			</trkpt>
			<trkpt lat="47.0738903716" lon="8.5490007667">
				<ele>1171.6</ele>
			</trkpt>
			<trkpt lat="47.0739930736" lon="8.5490133491">
				<ele>1175.1</ele>
			</trkpt>
			<trkpt lat="47.0740586679" lon="8.5490230693">
				<ele>1177.8</ele>
			</trkpt>
			<trkpt lat="47.0741140161" lon="8.5490597556">
				<ele>1180.0</ele>
			</trkpt>
			<trkpt lat="47.0741537325" lon="8.5490877427">
				<ele>1181.7</ele>
			</trkpt>
			<trkpt lat="47.0741749455" lon="8.5491090923">
				<ele>1182.5</ele>
			</trkpt>
			<trkpt lat="47.0742176745" lon="8.5491204326">
				<ele>1184.1</ele>
			</trkpt>
			<trkpt lat="47.0742639734" lon="8.5491244860">
				<ele>1185.8</ele>
			</trkpt>
			<trkpt lat="47.0742935581" lon="8.5491080334">
				<ele>1187.2</ele>
			</trkpt>
			<trkpt lat="47.0743222450" lon="8.5491025703">
				<ele>1188.0</ele>
			</trkpt>
			<trkpt lat="47.0743437451" lon="8.5491165522">
				<ele>1188.8</ele>
			</trkpt>
			<trkpt lat="47.0743604353" lon="8.5491451162">
				<ele>1189.7</ele>
			</trkpt>
			<trkpt lat="47.0744128863" lon="8.5491585804">
				<ele>1191.6</ele>
			</trkpt>
			<trkpt lat="47.0744721948" lon="8.5491820229">
				<ele>1193.3</ele>
			</trkpt>
			<trkpt lat="47.0745128302" lon="8.5492135850">
				<ele>1195.4</ele>
			</trkpt>
			<trkpt lat="47.0745605289" lon="8.5492367663">
				<ele>1197.0</ele>
			</trkpt>
			<trkpt lat="47.0746057449" lon="8.5492745700">
				<ele>1199.2</ele>
			</trkpt>
			<trkpt lat="47.0746380078" lon="8.5492936911">
				<ele>1200.5</ele>
			</trkpt>
			<trkpt lat="47.0746719507" lon="8.5493030485">
				<ele>1201.7</ele>
			</trkpt>
			<trkpt lat="47.0747046446" lon="8.5493380210">
				<ele>1202.9</ele>
			</trkpt>
			<trkpt lat="47.0747295056" lon="8.5493617211">
				<ele>1203.8</ele>
			</trkpt>
			<trkpt lat="47.0747715821" lon="8.5493780495">
				<ele>1204.8</ele>
			</trkpt>
			<trkpt lat="47.0748095797" lon="8.5494078212">
				<ele>1206.4</ele>
			</trkpt>
			<trkpt lat="47.0748437424" lon="8.5494239857">
				<ele>1207.8</ele>
			</trkpt>
			<trkpt lat="47.0748872098" lon="8.5494345565">
				<ele>1209.6</ele>
			</trkpt>
			<trkpt lat="47.0749310109" lon="8.5494905655">
				<ele>1210.9</ele>
			</trkpt>
			<trkpt lat="47.0749661405" lon="8.5495498282">
				<ele>1212.2</ele>
			</trkpt>
			<trkpt lat="47.0749815217" lon="8.5495835936">
				<ele>1212.7</ele>
			</trkpt>
			<trkpt lat="47.0750140550" lon="8.5496156183">
				<ele>1213.5</ele>
			</trkpt>
			<trkpt lat="47.0750451900" lon="8.5496455311">
				<ele>1214.5</ele>
			</trkpt>
			<trkpt lat="47.0751003060" lon="8.5497052083">
				<ele>1216.0</ele>
			</trkpt>
			<trkpt lat="47.0751426212" lon="8.5497604282">
				<ele>1217.4</ele>
			</trkpt>
			<trkpt lat="47.0751624415" lon="8.5497775688">
				<ele>1218.1</ele>
			</trkpt>
			<trkpt lat="47.0751895081" lon="8.5497844051">
				<ele>1219.1</ele>
			</trkpt>
			<trkpt lat="47.0752194338" lon="8.5497912879">
				<ele>1220.4</ele>
			</trkpt>
			<trkpt lat="47.0752506697" lon="8.5498107612">
				<ele>1221.1</ele>
			</trkpt>
			<trkpt lat="47.0752885087" lon="8.5498428449">
				<ele>1222.3</ele>
			</trkpt>
			<trkpt lat="47.0754035195" lon="8.5499630968">
				<ele>1225.7</ele>
			</trkpt>
			<trkpt lat="47.0754507197" lon="8.5499969050">
				<ele>1227.2</ele>
			</trkpt>
			<trkpt lat="47.0754794451" lon="8.5500284269">
				<ele>1228.3</ele>
			</trkpt>
			<trkpt lat="47.0755120330" lon="8.5500716025">
				<ele>1229.6</ele>
			</trkpt>
			<trkpt lat="47.0755422573" lon="8.5500857571">
				<ele>1230.3</ele>
			</trkpt>
			<trkpt lat="47.0755997630" lon="8.5501449319">
				<ele>1231.9</ele>
			</trkpt>
			<trkpt lat="47.0756652376" lon="8.5502003886">
				<ele>1233.8</ele>
			</trkpt>
			<trkpt lat="47.0757121068" lon="8.5502670458">
				<ele>1235.0</ele>
			</trkpt>
			<trkpt lat="47.0757670612" lon="8.5503184140">
				<ele>1237.1</ele>
			</trkpt>
			<trkpt lat="47.0757939368" lon="8.5503404464">
				<ele>1237.9</ele>
			</trkpt>
			<trkpt lat="47.0758237209" lon="8.5503619605">
				<ele>1238.8</ele>
			</trkpt>
			<trkpt lat="47.0758535570" lon="8.5503772004">
				<ele>1239.7</ele>
			</trkpt>
			<trkpt lat="47.0759059233" lon="8.5504263804">
				<ele>1242.0</ele>
			</trkpt>
			<trkpt lat="47.0759701291" lon="8.5504772207">
				<ele>1244.2</ele>
			</trkpt>
			<trkpt lat="47.0760001476" lon="8.5505126407">
				<ele>1245.1</ele>
			</trkpt>
			<trkpt lat="47.0760299794" lon="8.5505673461">
				<ele>1246.3</ele>
			</trkpt>
			<trkpt lat="47.0760416717" lon="8.5505869163">
				<ele>1246.9</ele>
			</trkpt>
			<trkpt lat="47.0760626517" lon="8.5506008667">
				<ele>1247.9</ele>
			</trkpt>
			<trkpt lat="47.0760933042" lon="8.5506070835">
				<ele>1249.2</ele>
			</trkpt>
			<trkpt lat="47.0761290920" lon="8.5505973713">
				<ele>1250.8</ele>
			</trkpt>
			<trkpt lat="47.0761791139" lon="8.5505942425">
				<ele>1253.1</ele>
			</trkpt>
			<trkpt lat="47.0762276349" lon="8.5505973194">
				<ele>1254.8</ele>
			</trkpt>
			<trkpt lat="47.0762773648" lon="8.5506234397">
				<ele>1256.5</ele>
			</trkpt>
			<trkpt lat="47.0763284702" lon="8.5506558641">
				<ele>1258.8</ele>
			</trkpt>
			<trkpt lat="47.0763602041" lon="8.5506824085">
				<ele>1260.1</ele>
			</trkpt>
			<trkpt lat="47.0763944975" lon="8.5506850489">
				<ele>1261.3</ele>
			</trkpt>
			<trkpt lat="47.0764337045" lon="8.5507264340">
				<ele>1263.0</ele>
			</trkpt>
			<trkpt lat="47.0764497047" lon="8.5507093800">
				<ele>1263.9</ele>
			</trkpt>
			<trkpt lat="47.0764812508" lon="8.5507235626">
				<ele>1265.1</ele>
			</trkpt>
			<trkpt lat="47.0764933458" lon="8.5507006407">
				<ele>1265.6</ele>
			</trkpt>
			<trkpt lat="47.0765065890" lon="8.5506970447">
				<ele>1266.2</ele>
			</trkpt>
			<trkpt lat="47.0765234580" lon="8.5507263672">
				<ele>1267.4</ele>
			</trkpt>
			<trkpt lat="47.0765431435" lon="8.5507383620">
				<ele>1267.9</ele>
			</trkpt>
			<trkpt lat="47.0765655288" lon="8.5507446260">
				<ele>1269.0</ele>
			</trkpt>
			<trkpt lat="47.0765853493" lon="8.5507431212">
				<ele>1270.1</ele>
			</trkpt>
			<trkpt lat="47.0766064600" lon="8.5507435592">
				<ele>1271.0</ele>
			</trkpt>
			<trkpt lat="47.0766198112" lon="8.5507283662">
				<ele>1271.7</ele>
			</trkpt>
			<trkpt lat="47.0766373015" lon="8.5506939570">
				<ele>1273.0</ele>
			</trkpt>
			<trkpt lat="47.0766547073" lon="8.5506691905">
				<ele>1274.0</ele>
			</trkpt>
			<trkpt lat="47.0766716885" lon="8.5506869289">
				<ele>1275.0</ele>
			</trkpt>
			<trkpt lat="47.0766874732" lon="8.5506930432">
				<ele>1275.6</ele>
			</trkpt>
			<trkpt lat="47.0767047247" lon="8.5506837563">
				<ele>1276.5</ele>
			</trkpt>
			<trkpt lat="47.0767098167" lon="8.5507031771">
				<ele>1277.3</ele>
			</trkpt>
			<trkpt lat="47.0767294932" lon="8.5507151846">
				<ele>1278.0</ele>
			</trkpt>
			<trkpt lat="47.0767310108" lon="8.5506959011">
				<ele>1278.3</ele>
			</trkpt>
			<trkpt lat="47.0767611465" lon="8.5506829080">
				<ele>1278.6</ele>
			</trkpt>
			<trkpt lat="47.0767690244" lon="8.5507194511">
				<ele>1279.0</ele>
			</trkpt>
			<trkpt lat="47.0767747373" lon="8.5507418681">
				<ele>1279.3</ele>
			</trkpt>
			<trkpt lat="47.0767883227" lon="8.5507342285">
				<ele>1279.3</ele>
			</trkpt>
			<trkpt lat="47.0767928765" lon="8.5507071378">
				<ele>1279.8</ele>
			</trkpt>
			<trkpt lat="47.0768002311" lon="8.5506842975">
				<ele>1280.4</ele>
			</trkpt>
			<trkpt lat="47.0768176057" lon="8.5506595818">
				<ele>1281.6</ele>
			</trkpt>
			<trkpt lat="47.0768419030" lon="8.5506579898">
				<ele>1282.7</ele>
			</trkpt>
			<trkpt lat="47.0768415592" lon="8.5506935136">
				<ele>1282.8</ele>
			</trkpt>
			<trkpt lat="47.0768441146" lon="8.5507249311">
				<ele>1283.3</ele>
			</trkpt>
			<trkpt lat="47.0768584078" lon="8.5507231316">
				<ele>1283.6</ele>
			</trkpt>
			<trkpt lat="47.0768656902" lon="8.5507086484">
				<ele>1283.9</ele>
			</trkpt>
			<trkpt lat="47.0768931816" lon="8.5506716045">
				<ele>1285.6</ele>
			</trkpt>
			<trkpt lat="47.0769087042" lon="8.5506907273">
				<ele>1286.2</ele>
			</trkpt>
			<trkpt lat="47.0769272273" lon="8.5506952909">
				<ele>1286.8</ele>
			</trkpt>
			<trkpt lat="47.0769429724" lon="8.5506914382">
				<ele>1287.5</ele>
			</trkpt>
			<trkpt lat="47.0769603672" lon="8.5506646267">
				<ele>1288.4</ele>
			</trkpt>
			<trkpt lat="47.0769872201" lon="8.5506944523">
				<ele>1289.7</ele>
			</trkpt>
			<trkpt lat="47.0769999645" lon="8.5507051716">
				<ele>1290.2</ele>
			</trkpt>
			<trkpt lat="47.0770111041" lon="8.5507346583">
				<ele>1291.2</ele>
			</trkpt>
			<trkpt lat="47.0770298093" lon="8.5507204121">
				<ele>1292.0</ele>
			</trkpt>
			<trkpt lat="47.0770511824" lon="8.5507250478">
				<ele>1293.0</ele>
			</trkpt>
			<trkpt lat="47.0770582019" lon="8.5507377316">
				<ele>1293.4</ele>
			</trkpt>
			<trkpt lat="47.0770580198" lon="8.5507565414">
				<ele>1293.7</ele>
			</trkpt>
			<trkpt lat="47.0770693212" lon="8.5507693140">
				<ele>1294.2</ele>
			</trkpt>
			<trkpt lat="47.0770835623" lon="8.5507738017">
				<ele>1294.8</ele>
			</trkpt>
			<trkpt lat="47.0771037916" lon="8.5507491323">
				<ele>1296.0</ele>
			</trkpt>
			<trkpt lat="47.0771395679" lon="8.5507415158">
				<ele>1297.5</ele>
			</trkpt>
			<trkpt lat="47.0771865893" lon="8.5507529463">
				<ele>1299.8</ele>
			</trkpt>
			<trkpt lat="47.0772163241" lon="8.5507786395">
				<ele>1301.4</ele>
			</trkpt>
			<trkpt lat="47.0772431972" lon="8.5508063696">
				<ele>1302.6</ele>
			</trkpt>
			<trkpt lat="47.0772729926" lon="8.5508258015">
				<ele>1303.8</ele>
			</trkpt>
			<trkpt lat="47.0772841724" lon="8.5508511228">
				<ele>1304.5</ele>
			</trkpt>
			<trkpt lat="47.0773012637" lon="8.5508556696">
				<ele>1305.2</ele>
			</trkpt>
			<trkpt lat="47.0773186227" lon="8.5508330238">
				<ele>1306.1</ele>
			</trkpt>
			<trkpt lat="47.0773556283" lon="8.5508463428">
				<ele>1307.6</ele>
			</trkpt>
			<trkpt lat="47.0773885863" lon="8.5508344755">
				<ele>1309.1</ele>
			</trkpt>
			<trkpt lat="47.0774086220" lon="8.5508307118">
				<ele>1310.1</ele>
			</trkpt>
			<trkpt lat="47.0774241805" lon="8.5508456690">
				<ele>1311.2</ele>
			</trkpt>
			<trkpt lat="47.0774410133" lon="8.5508773703">
				<ele>1311.7</ele>
			</trkpt>
			<trkpt lat="47.0774622044" lon="8.5509008160">
				<ele>1312.4</ele>
			</trkpt>
			<trkpt lat="47.0774821187" lon="8.5509095881">
				<ele>1313.2</ele>
			</trkpt>
			<trkpt lat="47.0774990279" lon="8.5509329322">
				<ele>1313.7</ele>
			</trkpt>
			<trkpt lat="47.0775314237" lon="8.5509795908">
				<ele>1314.8</ele>
			</trkpt>
			<trkpt lat="47.0775624844" lon="8.5510157798">
				<ele>1315.9</ele>
			</trkpt>
			<trkpt lat="47.0775908815" lon="8.5510330867">
				<ele>1316.8</ele>
			</trkpt>
			<trkpt lat="47.0776049811" lon="8.5510521932">
				<ele>1317.5</ele>
			</trkpt>
			<trkpt lat="47.0776292335" lon="8.5510547926">
				<ele>1318.7</ele>
			</trkpt>
			<trkpt lat="47.0776491795" lon="8.5510593861">
				<ele>1319.6</ele>
			</trkpt>
			<trkpt lat="47.0776902849" lon="8.5510915913">
				<ele>1321.3</ele>
			</trkpt>
			<trkpt lat="47.0777313296" lon="8.5511300708">
				<ele>1322.8</ele>
			</trkpt>
			<trkpt lat="47.0777538107" lon="8.5511681652">
				<ele>1323.7</ele>
			</trkpt>
			<trkpt lat="47.0777962940" lon="8.5512045914">
				<ele>1325.2</ele>
			</trkpt>
			<trkpt lat="47.0778103170" lon="8.5512320553">
				<ele>1325.7</ele>
			</trkpt>
			<trkpt lat="47.0778358303" lon="8.5512514116">
				<ele>1326.5</ele>
			</trkpt>
			<trkpt lat="47.0778992549" lon="8.5513384261">
				<ele>1328.7</ele>
			</trkpt>
			<trkpt lat="47.0779276476" lon="8.5513557332">
				<ele>1329.7</ele>
			</trkpt>
			<trkpt lat="47.0780490978" lon="8.5514962408">
				<ele>1333.2</ele>
			</trkpt>
			<trkpt lat="47.0780832039" lon="8.5515136667">
				<ele>1334.3</ele>
			</trkpt>
			<trkpt lat="47.0781131498" lon="8.5515184679">
				<ele>1335.5</ele>
			</trkpt>
			<trkpt lat="47.0781724541" lon="8.5515886925">
				<ele>1337.7</ele>
			</trkpt>
			<trkpt lat="47.0782022088" lon="8.5516123039">
				<ele>1338.8</ele>
			</trkpt>
			<trkpt lat="47.0782334649" lon="8.5516296707">
				<ele>1340.1</ele>
			</trkpt>
			<trkpt lat="47.0782618575" lon="8.5516469782">
				<ele>1341.3</ele>
			</trkpt>
			<trkpt lat="47.0783212946" lon="8.5517025842">
				<ele>1343.7</ele>
			</trkpt>
			<trkpt lat="47.0783566704" lon="8.5517367674">
				<ele>1345.1</ele>
			</trkpt>
			<trkpt lat="47.0783714894" lon="8.5517382841">
				<ele>1345.6</ele>
			</trkpt>
			<trkpt lat="47.0783739975" lon="8.5517192391">
				<ele>1346.6</ele>
			</trkpt>
			<trkpt lat="47.0783733796" lon="8.5517036786">
				<ele>1346.4</ele>
			</trkpt>
			<trkpt lat="47.0783985893" lon="8.5516963318">
				<ele>1348.0</ele>
			</trkpt>
			<trkpt lat="47.0784107790" lon="8.5517135086">
				<ele>1348.0</ele>
			</trkpt>
			<trkpt lat="47.0784223118" lon="8.5517200753">
				<ele>1348.6</ele>
			</trkpt>
			<trkpt lat="47.0784313398" lon="8.5517067854">
				<ele>1349.0</ele>
			</trkpt>
			<trkpt lat="47.0784463988" lon="8.5517084613">
				<ele>1349.6</ele>
			</trkpt>
			<trkpt lat="47.0784963606" lon="8.5517382923">
				<ele>1351.4</ele>
			</trkpt>
			<trkpt lat="47.0785228471" lon="8.5517578366">
				<ele>1352.8</ele>
			</trkpt>
			<trkpt lat="47.0785489976" lon="8.5517717154">
				<ele>1354.0</ele>
			</trkpt>
			<trkpt lat="47.0785834922" lon="8.5517631083">
				<ele>1355.4</ele>
			</trkpt>
			<trkpt lat="47.0786106075" lon="8.5517572028">
				<ele>1357.2</ele>
			</trkpt>
			<trkpt lat="47.0786250667" lon="8.5517419039">
				<ele>1357.6</ele>
			</trkpt>
			<trkpt lat="47.0786359908" lon="8.5517314826">
				<ele>1358.8</ele>
			</trkpt>
			<trkpt lat="47.0786537048" lon="8.5517388592">
				<ele>1359.2</ele>
			</trkpt>
			<trkpt lat="47.0786681768" lon="8.5517603145">
				<ele>1360.1</ele>
			</trkpt>
			<trkpt lat="47.0786912990" lon="8.5517684849">
				<ele>1361.1</ele>
			</trkpt>
			<trkpt lat="47.0787177520" lon="8.5517901376">
				<ele>1362.7</ele>
			</trkpt>
			<trkpt lat="47.0787443699" lon="8.5518137998">
				<ele>1363.2</ele>
			</trkpt>
			<trkpt lat="47.0787780400" lon="8.5518358853">
				<ele>1364.1</ele>
			</trkpt>
			<trkpt lat="47.0788051388" lon="8.5518643159">
				<ele>1364.7</ele>
			</trkpt>
			<trkpt lat="47.0788310599" lon="8.5518909988">
				<ele>1365.9</ele>
			</trkpt>
			<trkpt lat="47.0788500178" lon="8.5519000987">
				<ele>1366.8</ele>
			</trkpt>
			<trkpt lat="47.0788666415" lon="8.5519039291">
				<ele>1367.6</ele>
			</trkpt>
			<trkpt lat="47.0788844849" lon="8.5519042996">
				<ele>1368.6</ele>
			</trkpt>
			<trkpt lat="47.0789034259" lon="8.5519151354">
				<ele>1369.5</ele>
			</trkpt>
			<trkpt lat="47.0789340445" lon="8.5519488732">
				<ele>1371.0</ele>
			</trkpt>
			<trkpt lat="47.0789597078" lon="8.5519731331">
				<ele>1371.5</ele>
			</trkpt>
			<trkpt lat="47.0789875490" lon="8.5519974769">
				<ele>1372.4</ele>
			</trkpt>
			<trkpt lat="47.0790085592" lon="8.5520173578">
				<ele>1374.2</ele>
			</trkpt>
			<trkpt lat="47.0790261875" lon="8.5520317543">
				<ele>1374.5</ele>
			</trkpt>
			<trkpt lat="47.0790510284" lon="8.5520701819">
				<ele>1375.1</ele>
			</trkpt>
			<trkpt lat="47.0790685935" lon="8.5520910844">
				<ele>1376.1</ele>
			</trkpt>
			<trkpt lat="47.0790969154" lon="8.5521252119">
				<ele>1377.3</ele>
			</trkpt>
			<trkpt lat="47.0791274665" lon="8.5521658930">
				<ele>1377.6</ele>
			</trkpt>
			<trkpt lat="47.0791559687" lon="8.5522258217">
				<ele>1378.6</ele>
			</trkpt>
			<trkpt lat="47.0792063152" lon="8.5523355745">
				<ele>1379.7</ele>
			</trkpt>
			<trkpt lat="47.0792481946" lon="8.5524347092">
				<ele>1380.2</ele>
			</trkpt>
			<trkpt lat="47.0793012624" lon="8.5525591537">
				<ele>1381.0</ele>
			</trkpt>
			<trkpt lat="47.0793417912" lon="8.5526498758">
				<ele>1381.6</ele>
			</trkpt>
			<trkpt lat="47.0794003448" lon="8.5527974418">
				<ele>1381.9</ele>
			</trkpt>
			<trkpt lat="47.0794563390" lon="8.5529135888">
				<ele>1382.5</ele>
			</trkpt>
			<trkpt lat="47.0794698257" lon="8.5529953900">
				<ele>1382.0</ele>
			</trkpt>
			<trkpt lat="47.0795020829" lon="8.5530566966">
				<ele>1382.1</ele>
			</trkpt>
			<trkpt lat="47.0795423680" lon="8.5531725046">
				<ele>1382.2</ele>
			</trkpt>
			<trkpt lat="47.0795966390" lon="8.5533199826">
				<ele>1382.6</ele>
			</trkpt>
			<trkpt lat="47.0796286441" lon="8.5534063489">
				<ele>1382.9</ele>
			</trkpt>
			<trkpt lat="47.0796545949" lon="8.5535281480">
				<ele>1382.5</ele>
			</trkpt>
			<trkpt lat="47.0796669422" lon="8.5535806689">
				<ele>1382.1</ele>
			</trkpt>
			<trkpt lat="47.0796880719" lon="8.5536103784">
				<ele>1382.8</ele>
			</trkpt>
			<trkpt lat="47.0797226041" lon="8.5536440833">
				<ele>1383.4</ele>
			</trkpt>
			<trkpt lat="47.0797807708" lon="8.5537711826">
				<ele>1384.9</ele>
			</trkpt>
			<trkpt lat="47.0798298305" lon="8.5538662893">
				<ele>1386.6</ele>
			</trkpt>
			<trkpt lat="47.0798747864" lon="8.5539424832">
				<ele>1387.8</ele>
			</trkpt>
			<trkpt lat="47.0799397463" lon="8.5540575588">
				<ele>1389.7</ele>
			</trkpt>
			<trkpt lat="47.0799753461" lon="8.5541278611">
				<ele>1390.6</ele>
			</trkpt>
			<trkpt lat="47.0800172443" lon="8.5541909771">
				<ele>1391.8</ele>
			</trkpt>
			<trkpt lat="47.0800726056" lon="8.5542699345">
				<ele>1393.3</ele>
			</trkpt>
			<trkpt lat="47.0801503176" lon="8.5543935070">
				<ele>1395.8</ele>
			</trkpt>
			<trkpt lat="47.0801967252" lon="8.5544676487">
				<ele>1397.4</ele>
			</trkpt>
			<trkpt lat="47.0802402173" lon="8.5545479928">
				<ele>1399.3</ele>
			</trkpt>
			<trkpt lat="47.0802780320" lon="8.5546240391">
				<ele>1400.7</ele>
			</trkpt>
			<trkpt lat="47.0803441417" lon="8.5547278489">
				<ele>1403.1</ele>
			</trkpt>
			<trkpt lat="47.0803946728" lon="8.5548187956">
				<ele>1405.4</ele>
			</trkpt>
			<trkpt lat="47.0804448949" lon="8.5549411026">
				<ele>1408.2</ele>
			</trkpt>
			<trkpt lat="47.0804827427" lon="8.5550150669">
				<ele>1409.8</ele>
			</trkpt>
			<trkpt lat="47.0805121920" lon="8.5550700413">
				<ele>1410.8</ele>
			</trkpt>
			<trkpt lat="47.0805557491" lon="8.5551441119">
				<ele>1412.6</ele>
			</trkpt>
			<trkpt lat="47.0806623326" lon="8.5553449368">
				<ele>1416.0</ele>
			</trkpt>
			<trkpt lat="47.0807158150" lon="8.5554255034">
				<ele>1417.5</ele>
			</trkpt>
			<trkpt lat="47.0807930418" lon="8.5555609135">
				<ele>1419.6</ele>
			</trkpt>
			<trkpt lat="47.0808450810" lon="8.5556435209">
				<ele>1420.8</ele>
			</trkpt>
			<trkpt lat="47.0808815171" lon="8.5557153605">
				<ele>1421.8</ele>
			</trkpt>
			<trkpt lat="47.0809065217" lon="8.5557869619">
				<ele>1422.6</ele>
			</trkpt>
			<trkpt lat="47.0809217994" lon="8.5558311863">
				<ele>1422.9</ele>
			</trkpt>
			<trkpt lat="47.0809242721" lon="8.5558709642">
				<ele>1423.3</ele>
			</trkpt>
			<trkpt lat="47.0809348005" lon="8.5559631624">
				<ele>1423.9</ele>
			</trkpt>
			<trkpt lat="47.0809355411" lon="8.5560342582">
				<ele>1424.9</ele>
			</trkpt>
			<trkpt lat="47.0809293802" lon="8.5560801321">
				<ele>1425.5</ele>
			</trkpt>
			<trkpt lat="47.0809202022" lon="8.5561426488">
				<ele>1426.0</ele>
			</trkpt>
			<trkpt lat="47.0809505652" lon="8.5563325767">
				<ele>1428.1</ele>
			</trkpt>
			<trkpt lat="47.0809599935" lon="8.5563874692">
				<ele>1428.1</ele>
			</trkpt>
			<trkpt lat="47.0809626139" lon="8.5564599032">
				<ele>1429.3</ele>
			</trkpt>
			<trkpt lat="47.0809651528" lon="8.5565136363">
				<ele>1430.8</ele>
			</trkpt>
			<trkpt lat="47.0809630905" lon="8.5565784105">
				<ele>1432.8</ele>
			</trkpt>
			<trkpt lat="47.0809493004" lon="8.5566742943">
				<ele>1435.9</ele>
			</trkpt>
			<trkpt lat="47.0809452704" lon="8.5567954726">
				<ele>1439.2</ele>
			</trkpt>
			<trkpt lat="47.0809503533" lon="8.5568603830">
				<ele>1440.6</ele>
			</trkpt>
			<trkpt lat="47.0809543097" lon="8.5568939159">
				<ele>1441.0</ele>
			</trkpt>
			<trkpt lat="47.0809496209" lon="8.5569356279">
				<ele>1442.3</ele>
			</trkpt>
			<trkpt lat="47.0809422157" lon="8.5569626478">
				<ele>1442.7</ele>
			</trkpt>
			<trkpt lat="47.0809391895" lon="8.5569793162">
				<ele>1443.0</ele>
			</trkpt>
			<trkpt lat="47.0809489494" lon="8.5570046109">
				<ele>1443.5</ele>
			</trkpt>
			<trkpt lat="47.0809841478" lon="8.5570555144">
				<ele>1445.1</ele>
			</trkpt>
			<trkpt lat="47.0810125237" lon="8.5570749087">
				<ele>1445.8</ele>
			</trkpt>
			<trkpt lat="47.0810708608" lon="8.5570970502">
				<ele>1447.1</ele>
			</trkpt>
			<trkpt lat="47.0810721094" lon="8.5571158913">
				<ele>1447.3</ele>
			</trkpt>
			<trkpt lat="47.0810634352" lon="8.5571261531">
				<ele>1447.9</ele>
			</trkpt>
			<trkpt lat="47.0810631910" lon="8.5571512390">
				<ele>1448.1</ele>
			</trkpt>
			<trkpt lat="47.0810728449" lon="8.5571869743">
				<ele>1448.9</ele>
			</trkpt>
			<trkpt lat="47.0810898387" lon="8.5572019643">
				<ele>1449.7</ele>
			</trkpt>
			<trkpt lat="47.0811370293" lon="8.5571945898">
				<ele>1450.9</ele>
			</trkpt>
			<trkpt lat="47.0811684472" lon="8.5571952454">
				<ele>1451.5</ele>
			</trkpt>
			<trkpt lat="47.0811854366" lon="8.5572102354">
				<ele>1452.1</ele>
			</trkpt>
			<trkpt lat="47.0811921704" lon="8.5572521987">
				<ele>1453.3</ele>
			</trkpt>
			<trkpt lat="47.0811946587" lon="8.5572898680">
				<ele>1454.1</ele>
			</trkpt>
			<trkpt lat="47.0811973548" lon="8.5573066559">
				<ele>1454.9</ele>
			</trkpt>
			<trkpt lat="47.0812099111" lon="8.5573361889">
				<ele>1455.4</ele>
			</trkpt>
			<trkpt lat="47.0812312566" lon="8.5573449938">
				<ele>1456.2</ele>
			</trkpt>
			<trkpt lat="47.0812539390" lon="8.5573621989">
				<ele>1456.6</ele>
			</trkpt>
			<trkpt lat="47.0812666786" lon="8.5573729077">
				<ele>1456.9</ele>
			</trkpt>
			<trkpt lat="47.0812664546" lon="8.5573959107">
				<ele>1457.1</ele>
			</trkpt>
			<trkpt lat="47.0812702772" lon="8.5574440637">
				<ele>1458.1</ele>
			</trkpt>
			<trkpt lat="47.0812801663" lon="8.5574547258">
				<ele>1458.7</ele>
			</trkpt>
			<trkpt lat="47.0812958098" lon="8.5574613283">
				<ele>1459.3</ele>
			</trkpt>
			<trkpt lat="47.0813056585" lon="8.5574761564">
				<ele>1459.8</ele>
			</trkpt>
			<trkpt lat="47.0813125594" lon="8.5575013917">
				<ele>1460.3</ele>
			</trkpt>
			<trkpt lat="47.0813252058" lon="8.5575225671">
				<ele>1460.8</ele>
			</trkpt>
			<trkpt lat="47.0813535204" lon="8.5575482493">
				<ele>1461.9</ele>
			</trkpt>
			<trkpt lat="47.0813803584" lon="8.5575780677">
				<ele>1463.1</ele>
			</trkpt>
			<trkpt lat="47.0813944001" lon="8.5576034520">
				<ele>1463.6</ele>
			</trkpt>
			<trkpt lat="47.0813941353" lon="8.5576306340">
				<ele>1464.1</ele>
			</trkpt>
			<trkpt lat="47.0813852168" lon="8.5576659818">
				<ele>1464.9</ele>
			</trkpt>
			<trkpt lat="47.0813775873" lon="8.5576826315">
				<ele>1465.3</ele>
			</trkpt>
			<trkpt lat="47.0813376337" lon="8.5577244690">
				<ele>1467.0</ele>
			</trkpt>
			<trkpt lat="47.0813115493" lon="8.5577399487">
				<ele>1468.1</ele>
			</trkpt>
			<trkpt lat="47.0813090710" lon="8.5577576319">
				<ele>1468.1</ele>
			</trkpt>
			<trkpt lat="47.0813202955" lon="8.5577764113">
				<ele>1468.6</ele>
			</trkpt>
			<trkpt lat="47.0813541178" lon="8.5578062084">
				<ele>1470.0</ele>
			</trkpt>
			<trkpt lat="47.0813776475" lon="8.5578225569">
				<ele>1470.4</ele>
			</trkpt>
			<trkpt lat="47.0813881242" lon="8.5578838381">
				<ele>1472.1</ele>
			</trkpt>
			<trkpt lat="47.0814022620" lon="8.5578876316">
				<ele>1472.9</ele>
			</trkpt>
			<trkpt lat="47.0814243263" lon="8.5579110228">
				<ele>1473.4</ele>
			</trkpt>
			<trkpt lat="47.0814543799" lon="8.5579389923">
				<ele>1474.0</ele>
			</trkpt>
			<trkpt lat="47.0814824427" lon="8.5579828546">
				<ele>1474.7</ele>
			</trkpt>
			<trkpt lat="47.0815078352" lon="8.5580036663">
				<ele>1475.3</ele>
			</trkpt>
			<trkpt lat="47.0815171409" lon="8.5580250808">
				<ele>1475.9</ele>
			</trkpt>
			<trkpt lat="47.0815191362" lon="8.5580826742">
				<ele>1477.8</ele>
			</trkpt>
			<trkpt lat="47.0815383161" lon="8.5581131173">
				<ele>1478.5</ele>
			</trkpt>
			<trkpt lat="47.0815615720" lon="8.5581701903">
				<ele>1479.6</ele>
			</trkpt>
			<trkpt lat="47.0815935399" lon="8.5581955378">
				<ele>1480.3</ele>
			</trkpt>
			<trkpt lat="47.0816047645" lon="8.5582143046">
				<ele>1480.8</ele>
			</trkpt>
			<trkpt lat="47.0815909805" lon="8.5582255913">
				<ele>1481.4</ele>
			</trkpt>
			<trkpt lat="47.0815777309" lon="8.5582289156">
				<ele>1482.0</ele>
			</trkpt>
			<trkpt lat="47.0815747831" lon="8.5582483380">
				<ele>1482.3</ele>
			</trkpt>
			<trkpt lat="47.0815788158" lon="8.5582803040">
				<ele>1482.6</ele>
			</trkpt>
			<trkpt lat="47.0815942104" lon="8.5583115427">
				<ele>1483.2</ele>
			</trkpt>
			<trkpt lat="47.0816264899" lon="8.5583617051">
				<ele>1484.3</ele>
			</trkpt>
			<trkpt lat="47.0816688319" lon="8.5583898674">
				<ele>1485.3</ele>
			</trkpt>
			<trkpt lat="47.0817038972" lon="8.5584471487">
				<ele>1486.4</ele>
			</trkpt>
			<trkpt lat="47.0817553013" lon="8.5585374765">
				<ele>1488.6</ele>
			</trkpt>
			<trkpt lat="47.0817808897" lon="8.5585990226">
				<ele>1490.2</ele>
			</trkpt>
			<trkpt lat="47.0817839786" lon="8.5586327181">
				<ele>1491.1</ele>
			</trkpt>
			<trkpt lat="47.0817473918" lon="8.5586657517">
				<ele>1492.9</ele>
			</trkpt>
			<trkpt lat="47.0817083219" lon="8.5587155681">
				<ele>1495.0</ele>
			</trkpt>
			<trkpt lat="47.0816812419" lon="8.5587399006">
				<ele>1496.2</ele>
			</trkpt>
			<trkpt lat="47.0815812527" lon="8.5587860130">
				<ele>1500.3</ele>
			</trkpt>
			<trkpt lat="47.0814780463" lon="8.5588188116">
				<ele>1505.1</ele>
			</trkpt>
			<trkpt lat="47.0813696999" lon="8.5588417669">
				<ele>1508.5</ele>
			</trkpt>
			<trkpt lat="47.0813539933" lon="8.5588583248">
				<ele>1509.1</ele>
			</trkpt>
			<trkpt lat="47.0813316118" lon="8.5588733412">
				<ele>1509.7</ele>
			</trkpt>
			<trkpt lat="47.0813255149" lon="8.5588976748">
				<ele>1510.9</ele>
			</trkpt>
			<trkpt lat="47.0813347589" lon="8.5589461083">
				<ele>1511.8</ele>
			</trkpt>
			<trkpt lat="47.0813359432" lon="8.5589980774">
				<ele>1512.7</ele>
			</trkpt>
			<trkpt lat="47.0813304867" lon="8.5590346676">
				<ele>1513.3</ele>
			</trkpt>
			<trkpt lat="47.0813139541" lon="8.5590796174">
				<ele>1513.6</ele>
			</trkpt>
			<trkpt lat="47.0812904048" lon="8.5591220411">
				<ele>1514.9</ele>
			</trkpt>
			<trkpt lat="47.0812601100" lon="8.5591796151">
				<ele>1517.1</ele>
			</trkpt>
			<trkpt lat="47.0812022740" lon="8.5592709768">
				<ele>1520.5</ele>
			</trkpt>
			<trkpt lat="47.0811932138" lon="8.5592775650">
				<ele>1520.9</ele>
			</trkpt>
			<trkpt lat="47.0811781463" lon="8.5592803750">
				<ele>1521.0</ele>
			</trkpt>
			<trkpt lat="47.0811617023" lon="8.5592923517">
				<ele>1521.6</ele>
			</trkpt>
			<trkpt lat="47.0811475945" lon="8.5593080168">
				<ele>1521.9</ele>
			</trkpt>
			<trkpt lat="47.0811344844" lon="8.5593267507">
				<ele>1523.0</ele>
			</trkpt>
			<trkpt lat="47.0811108311" lon="8.5593501125">
				<ele>1524.2</ele>
			</trkpt>
			<trkpt lat="47.0810426390" lon="8.5593746523">
				<ele>1526.7</ele>
			</trkpt>
			<trkpt lat="47.0809999940" lon="8.5594072881">
				<ele>1528.2</ele>
			</trkpt>
			<trkpt lat="47.0809424770" lon="8.5594447572">
				<ele>1529.9</ele>
			</trkpt>
			<trkpt lat="47.0809147193" lon="8.5594628888">
				<ele>1530.6</ele>
			</trkpt>
			<trkpt lat="47.0808929697" lon="8.5594811076">
				<ele>1531.5</ele>
			</trkpt>
			<trkpt lat="47.0808635223" lon="8.5595054027">
				<ele>1532.4</ele>
			</trkpt>
			<trkpt lat="47.0808551288" lon="8.5595219973">
				<ele>1533.5</ele>
			</trkpt>
			<trkpt lat="47.0808427804" lon="8.5595540577">
				<ele>1534.0</ele>
			</trkpt>
			<trkpt lat="47.0808327111" lon="8.5596095976">
				<ele>1535.8</ele>
			</trkpt>
			<trkpt lat="47.0808246109" lon="8.5596595972">
				<ele>1537.8</ele>
			</trkpt>
			<trkpt lat="47.0808261273" lon="8.5596986607">
				<ele>1539.0</ele>
			</trkpt>
			<trkpt lat="47.0808482657" lon="8.5597715930">
				<ele>1541.2</ele>
			</trkpt>
			<trkpt lat="47.0808602922" lon="8.5598013339">
				<ele>1542.0</ele>
			</trkpt>
			<trkpt lat="47.0808986909" lon="8.5598729988">
				<ele>1544.0</ele>
			</trkpt>
			<trkpt lat="47.0809134360" lon="8.5599234763">
				<ele>1545.1</ele>
			</trkpt>
			<trkpt lat="47.0809149523" lon="8.5599625399">
				<ele>1545.7</ele>
			</trkpt>
			<trkpt lat="47.0809030944" lon="8.5600068923">
				<ele>1546.3</ele>
			</trkpt>
			<trkpt lat="47.0808721802" lon="8.5600536367">
				<ele>1546.7</ele>
			</trkpt>
			<trkpt lat="47.0808202591" lon="8.5601055101">
				<ele>1547.0</ele>
			</trkpt>
			<trkpt lat="47.0807647752" lon="8.5601322308">
				<ele>1546.6</ele>
			</trkpt>
			<trkpt lat="47.0807337385" lon="8.5601357097">
				<ele>1546.3</ele>
			</trkpt>
			<trkpt lat="47.0807229061" lon="8.5601542079">
				<ele>1546.4</ele>
			</trkpt>
			<trkpt lat="47.0807251431" lon="8.5601684785">
				<ele>1546.5</ele>
			</trkpt>
			<trkpt lat="47.0807381522" lon="8.5601749366">
				<ele>1546.7</ele>
			</trkpt>
			<trkpt lat="47.0807788731" lon="8.5602192830">
				<ele>1548.3</ele>
			</trkpt>
			<trkpt lat="47.0808603502" lon="8.5603043630">
				<ele>1550.5</ele>
			</trkpt>
			<trkpt lat="47.0809215583" lon="8.5604237940">
				<ele>1552.7</ele>
			</trkpt>
			<trkpt lat="47.0809980860" lon="8.5605559694">
				<ele>1554.9</ele>
			</trkpt>
			<trkpt lat="47.0810619230" lon="8.5607021546">
				<ele>1556.5</ele>
			</trkpt>
			<trkpt lat="47.0811500573" lon="8.5609128307">
				<ele>1558.3</ele>
			</trkpt>
			<trkpt lat="47.0812078073" lon="8.5610642522">
				<ele>1559.2</ele>
			</trkpt>
			<trkpt lat="47.0812818625" lon="8.5612898101">
				<ele>1560.1</ele>
			</trkpt>
			<trkpt lat="47.0813476283" lon="8.5615001221">
				<ele>1560.0</ele>
			</trkpt>
			<trkpt lat="47.0813690153" lon="8.5615814896">
				<ele>1559.8</ele>
			</trkpt>
			<trkpt lat="47.0814192511" lon="8.5617425550">
				<ele>1559.6</ele>
			</trkpt>
			<trkpt lat="47.0814749733" lon="8.5619206474">
				<ele>1560.3</ele>
			</trkpt>
			<trkpt lat="47.0815163462" lon="8.5620824408">
				<ele>1561.1</ele>
			</trkpt>
			<trkpt lat="47.0815790575" lon="8.5623327391">
				<ele>1562.3</ele>
			</trkpt>
			<trkpt lat="47.0815967718" lon="8.5624051306">
				<ele>1562.7</ele>
			</trkpt>
			<trkpt lat="47.0816161012" lon="8.5625167171">
				<ele>1563.7</ele>
			</trkpt>
			<trkpt lat="47.0816695595" lon="8.5628318078">
				<ele>1565.7</ele>
			</trkpt>
			<trkpt lat="47.0817373163" lon="8.5630937627">
				<ele>1567.1</ele>
			</trkpt>
			<trkpt lat="47.0817647979" lon="8.5631923126">
				<ele>1566.6</ele>
			</trkpt>
			<trkpt lat="47.0817648242" lon="8.5632237321">
				<ele>1566.4</ele>
			</trkpt>
			<trkpt lat="47.0817600934" lon="8.5632573924">
				<ele>1566.3</ele>
			</trkpt>
			<trkpt lat="47.0817529371" lon="8.5632848544">
				<ele>1566.2</ele>
			</trkpt>
			<trkpt lat="47.0817400239" lon="8.5633152692">
				<ele>1566.2</ele>
			</trkpt>
			<trkpt lat="47.0817201679" lon="8.5633378733">
				<ele>1566.3</ele>
			</trkpt>
			<trkpt lat="47.0816880534" lon="8.5633540856">
				<ele>1566.7</ele>
			</trkpt>
			<trkpt lat="47.0816374112" lon="8.5633783586">
				<ele>1567.5</ele>
			</trkpt>
			<trkpt lat="47.0816085930" lon="8.5633907947">
				<ele>1566.6</ele>
			</trkpt>
			<trkpt lat="47.0815731403" lon="8.5634146147">
				<ele>1565.5</ele>
			</trkpt>
			<trkpt lat="47.0815577929" lon="8.5634303043">
				<ele>1565.0</ele>
			</trkpt>
			<trkpt lat="47.0815393196" lon="8.5634565898">
				<ele>1564.2</ele>
			</trkpt>
			<trkpt lat="47.0815235723" lon="8.5634911375">
				<ele>1563.3</ele>
			</trkpt>
			<trkpt lat="47.0815104285" lon="8.5635442080">
				<ele>1562.3</ele>
			</trkpt>
			<trkpt lat="47.0814753757" lon="8.5636891328">
				<ele>1559.8</ele>
			</trkpt>
			<trkpt lat="47.0814565407" lon="8.5637523466">
				<ele>1558.7</ele>
			</trkpt>
			<trkpt lat="47.0814420337" lon="8.5638033177">
				<ele>1557.8</ele>
			</trkpt>
			<trkpt lat="47.0814316289" lon="8.5638646506">
				<ele>1556.8</ele>
			</trkpt>
			<trkpt lat="47.0814191380" lon="8.5639936513">
				<ele>1554.7</ele>
			</trkpt>
			<trkpt lat="47.0813974798" lon="8.5642024530">
				<ele>1551.7</ele>
			</trkpt>
			<trkpt lat="47.0813779212" lon="8.5643394974">
				<ele>1549.9</ele>
			</trkpt>
			<trkpt lat="47.0813629830" lon="8.5644335554">
				<ele>1548.9</ele>
			</trkpt>
			<trkpt lat="47.0813440472" lon="8.5645070166">
				<ele>1548.3</ele>
			</trkpt>
			<trkpt lat="47.0813209601" lon="8.5645742303">
				<ele>1547.7</ele>
			</trkpt>
			<trkpt lat="47.0813036979" lon="8.5646190087">
				<ele>1547.4</ele>
			</trkpt>
			<trkpt lat="47.0812728358" lon="8.5646777123">
				<ele>1547.0</ele>
			</trkpt>
			<trkpt lat="47.0812087842" lon="8.5647811810">
				<ele>1546.6</ele>
			</trkpt>
			<trkpt lat="47.0811840203" lon="8.5648195899">
				<ele>1547.0</ele>
			</trkpt>
			<trkpt lat="47.0811397536" lon="8.5649027812">
				<ele>1547.6</ele>
			</trkpt>
			<trkpt lat="47.0811082293" lon="8.5649739197">
				<ele>1548.1</ele>
			</trkpt>
			<trkpt lat="47.0810864868" lon="8.5650473343">
				<ele>1548.9</ele>
			</trkpt>
			<trkpt lat="47.0810687416" lon="8.5651413325">
				<ele>1549.4</ele>
			</trkpt>
			<trkpt lat="47.0810504509" lon="8.5652927549">
				<ele>1548.6</ele>
			</trkpt>
			<trkpt lat="47.0810215758" lon="8.5655219156">
				<ele>1546.8</ele>
			</trkpt>
			<trkpt lat="47.0810023575" lon="8.5656241007">
				<ele>1545.5</ele>
			</trkpt>
			<trkpt lat="47.0809877805" lon="8.5656812297">
				<ele>1544.7</ele>
			</trkpt>
			<trkpt lat="47.0809662791" lon="8.5657300208">
				<ele>1543.8</ele>
			</trkpt>
			<trkpt lat="47.0809518426" lon="8.5657728130">
				<ele>1542.9</ele>
			</trkpt>
			<trkpt lat="47.0809415890" lon="8.5658177252">
				<ele>1542.2</ele>
			</trkpt>
			<trkpt lat="47.0809353012" lon="8.5658873360">
				<ele>1541.2</ele>
			</trkpt>
			<trkpt lat="47.0809345564" lon="8.5659632365">
				<ele>1540.3</ele>
			</trkpt>
			<trkpt lat="47.0809407359" lon="8.5660474875">
				<ele>1539.6</ele>
			</trkpt>
			<trkpt lat="47.0809523308" lon="8.5661523653">
				<ele>1539.0</ele>
			</trkpt>
			<trkpt lat="47.0809545647" lon="8.5662098477">
				<ele>1538.6</ele>
			</trkpt>
			<trkpt lat="47.0809509217" lon="8.5662959370">
				<ele>1538.0</ele>
			</trkpt>
			<trkpt lat="47.0809539927" lon="8.5664108854">
				<ele>1537.4</ele>
			</trkpt>
			<trkpt lat="47.0809567973" lon="8.5665525139">
				<ele>1536.6</ele>
			</trkpt>
			<trkpt lat="47.0809737785" lon="8.5666800626">
				<ele>1536.3</ele>
			</trkpt>
			<trkpt lat="47.0809883587" lon="8.5667644779">
				<ele>1536.2</ele>
			</trkpt>
			<trkpt lat="47.0810096618" lon="8.5668661007">
				<ele>1535.9</ele>
			</trkpt>
			<trkpt lat="47.0810152148" lon="8.5669281929">
				<ele>1535.9</ele>
			</trkpt>
			<trkpt lat="47.0810111313" lon="8.5670197259">
				<ele>1535.9</ele>
			</trkpt>
			<trkpt lat="47.0809929428" lon="8.5672128052">
				<ele>1533.7</ele>
			</trkpt>
			<trkpt lat="47.0809814131" lon="8.5673763808">
				<ele>1532.6</ele>
			</trkpt>
			<trkpt lat="47.0809803249" lon="8.5674661249">
				<ele>1532.6</ele>
			</trkpt>
			<trkpt lat="47.0809841811" lon="8.5675587126">
				<ele>1532.1</ele>
			</trkpt>
			<trkpt lat="47.0809977161" lon="8.5676922079">
				<ele>1532.1</ele>
			</trkpt>
			<trkpt lat="47.0810085697" lon="8.5677803002">
				<ele>1531.6</ele>
			</trkpt>
			<trkpt lat="47.0810101014" lon="8.5678488024">
				<ele>1531.6</ele>
			</trkpt>
			<trkpt lat="47.0810021165" lon="8.5679291673">
				<ele>1530.2</ele>
			</trkpt>
			<trkpt lat="47.0809998700" lon="8.5680410845">
				<ele>1529.7</ele>
			</trkpt>
			<trkpt lat="47.0810129265" lon="8.5681727051">
				<ele>1529.1</ele>
			</trkpt>
			<trkpt lat="47.0810233346" lon="8.5682524674">
				<ele>1528.1</ele>
			</trkpt>
			<trkpt lat="47.0810234177" lon="8.5682544529">
				<ele>1528.0</ele>
			</trkpt>
			<trkpt lat="47.0810074552" lon="8.5683776830">
				<ele>1526.7</ele>
			</trkpt>
			<trkpt lat="47.0810237964" lon="8.5685371242">
				<ele>1525.6</ele>
			</trkpt>
			<trkpt lat="47.0810349928" lon="8.5686492851">
				<ele>1524.5</ele>
			</trkpt>
			<trkpt lat="47.0810507668" lon="8.5687448753">
				<ele>1524.0</ele>
			</trkpt>
			<trkpt lat="47.0810715632" lon="8.5688585761">
				<ele>1524.0</ele>
			</trkpt>
			<trkpt lat="47.0810974421" lon="8.5690709599">
				<ele>1523.4</ele>
			</trkpt>
			<trkpt lat="47.0811252970" lon="8.5692315708">
				<ele>1523.1</ele>
			</trkpt>
			<trkpt lat="47.0811434011" lon="8.5693858157">
				<ele>1523.1</ele>
			</trkpt>
			<trkpt lat="47.0811548794" lon="8.5695009409">
				<ele>1522.9</ele>
			</trkpt>
			<trkpt lat="47.0811586671" lon="8.5695441034">
				<ele>1522.9</ele>
			</trkpt>
			<trkpt lat="47.0811639551" lon="8.5695749774">
				<ele>1523.0</ele>
			</trkpt>
			<trkpt lat="47.0811734386" lon="8.5696080233">
				<ele>1523.1</ele>
			</trkpt>
			<trkpt lat="47.0811886317" lon="8.5696308885">
				<ele>1523.3</ele>
			</trkpt>
			<trkpt lat="47.0812162761" lon="8.5696704523">
				<ele>1523.8</ele>
			</trkpt>
			<trkpt lat="47.0812759607" lon="8.5697291730">
				<ele>1525.4</ele>
			</trkpt>
			<trkpt lat="47.0813187489" lon="8.5697957164">
				<ele>1527.0</ele>
			</trkpt>
			<trkpt lat="47.0813627043" lon="8.5698869255">
				<ele>1528.8</ele>
			</trkpt>
			<trkpt lat="47.0813889548" lon="8.5699243897">
				<ele>1529.7</ele>
			</trkpt>
			<trkpt lat="47.0814222319" lon="8.5699620278">
				<ele>1530.7</ele>
			</trkpt>
			<trkpt lat="47.0814582326" lon="8.5700058837">
				<ele>1531.6</ele>
			</trkpt>
			<trkpt lat="47.0814871682" lon="8.5700557251">
				<ele>1532.5</ele>
			</trkpt>
			<trkpt lat="47.0815228906" lon="8.5701282928">
				<ele>1533.3</ele>
			</trkpt>
			<trkpt lat="47.0815734870" lon="8.5702565528">
				<ele>1534.3</ele>
			</trkpt>
			<trkpt lat="47.0816281562" lon="8.5703972065">
				<ele>1535.4</ele>
			</trkpt>
			<trkpt lat="47.0817005658" lon="8.5705874917">
				<ele>1536.8</ele>
			</trkpt>
			<trkpt lat="47.0817325224" lon="8.5706829111">
				<ele>1537.3</ele>
			</trkpt>
			<trkpt lat="47.0817869046" lon="8.5708419504">
				<ele>1538.2</ele>
			</trkpt>
			<trkpt lat="47.0818151240" lon="8.5709599645">
				<ele>1538.2</ele>
			</trkpt>
			<trkpt lat="47.0818369972" lon="8.5711175327">
				<ele>1537.4</ele>
			</trkpt>
			<trkpt lat="47.0818520316" lon="8.5712834830">
				<ele>1537.4</ele>
			</trkpt>
			<trkpt lat="47.0818622546" lon="8.5714847629">
				<ele>1537.4</ele>
			</trkpt>
			<trkpt lat="47.0818559702" lon="8.5716383152">
				<ele>1537.3</ele>
			</trkpt>
			<trkpt lat="47.0818575960" lon="8.5717171213">
				<ele>1537.8</ele>
			</trkpt>
			<trkpt lat="47.0818678872" lon="8.5719532680">
				<ele>1537.6</ele>
			</trkpt>
			<trkpt lat="47.0818795858" lon="8.5721874126">
				<ele>1538.1</ele>
			</trkpt>
			<trkpt lat="47.0818916052" lon="8.5723907628">
				<ele>1537.7</ele>
			</trkpt>
			<trkpt lat="47.0819010117" lon="8.5725735450">
				<ele>1536.9</ele>
			</trkpt>
			<trkpt lat="47.0819089718" lon="8.5727604249">
				<ele>1535.8</ele>
			</trkpt>
			<trkpt lat="47.0819202531" lon="8.5728960611">
				<ele>1535.2</ele>
			</trkpt>
			<trkpt lat="47.0819330435" lon="8.5730194217">
				<ele>1534.6</ele>
			</trkpt>
			<trkpt lat="47.0819446730" lon="8.5731201999">
				<ele>1533.9</ele>
			</trkpt>
			<trkpt lat="47.0819548840" lon="8.5732209482">
				<ele>1533.3</ele>
			</trkpt>
			<trkpt lat="47.0819732663" lon="8.5733464722">
				<ele>1532.5</ele>
			</trkpt>
			<trkpt lat="47.0820013785" lon="8.5734804331">
				<ele>1531.8</ele>
			</trkpt>
			<trkpt lat="47.0820363449" lon="8.5736288791">
				<ele>1530.9</ele>
			</trkpt>
			<trkpt lat="47.0820796040" lon="8.5737898216">
				<ele>1529.8</ele>
			</trkpt>
			<trkpt lat="47.0821269758" lon="8.5739590697">
				<ele>1528.5</ele>
			</trkpt>
			<trkpt lat="47.0822126843" lon="8.5742214319">
				<ele>1526.5</ele>
			</trkpt>
			<trkpt lat="47.0822728510" lon="8.5743724838">
				<ele>1525.6</ele>
			</trkpt>
			<trkpt lat="47.0823480155" lon="8.5745669249">
				<ele>1525.1</ele>
			</trkpt>
			<trkpt lat="47.0824192160" lon="8.5747366540">
				<ele>1524.8</ele>
			</trkpt>
			<trkpt lat="47.0825013062" lon="8.5749374031">
				<ele>1524.7</ele>
			</trkpt>
			<trkpt lat="47.0826096957" lon="8.5751735896">
				<ele>1525.7</ele>
			</trkpt>
			<trkpt lat="47.0826728502" lon="8.5753062388">
				<ele>1526.4</ele>
			</trkpt>
			<trkpt lat="47.0827223876" lon="8.5753975605">
				<ele>1526.8</ele>
			</trkpt>
			<trkpt lat="47.0828010379" lon="8.5755223209">
				<ele>1528.4</ele>
			</trkpt>
			<trkpt lat="47.0829268670" lon="8.5756952827">
				<ele>1530.0</ele>
			</trkpt>
			<trkpt lat="47.0830307068" lon="8.5758246815">
				<ele>1532.3</ele>
			</trkpt>
			<trkpt lat="47.0831014134" lon="8.5759021006">
				<ele>1533.9</ele>
			</trkpt>
			<trkpt lat="47.0831721648" lon="8.5759754181">
				<ele>1535.2</ele>
			</trkpt>
			<trkpt lat="47.0832743988" lon="8.5761232395">
				<ele>1538.1</ele>
			</trkpt>
			<trkpt lat="47.0833671232" lon="8.5762421537">
				<ele>1541.1</ele>
			</trkpt>
			<trkpt lat="47.0834099974" lon="8.5763005143">
				<ele>1542.4</ele>
			</trkpt>
			<trkpt lat="47.0834375248" lon="8.5763503439">
				<ele>1543.3</ele>
			</trkpt>
			<trkpt lat="47.0834772680" lon="8.5764414468">
				<ele>1545.0</ele>
			</trkpt>
			<trkpt lat="47.0835472022" lon="8.5765968150">
				<ele>1547.4</ele>
			</trkpt>
			<trkpt lat="47.0836471900" lon="8.5768307603">
				<ele>1550.6</ele>
			</trkpt>
			<trkpt lat="47.0836895967" lon="8.5769362993">
				<ele>1552.2</ele>
			</trkpt>
			<trkpt lat="47.0837263092" lon="8.5770499357">
				<ele>1553.7</ele>
			</trkpt>
			<trkpt lat="47.0837559763" lon="8.5771675124">
				<ele>1555.3</ele>
			</trkpt>
			<trkpt lat="47.0837706597" lon="8.5772416731">
				<ele>1556.3</ele>
			</trkpt>
			<trkpt lat="47.0837852818" lon="8.5773220061">
				<ele>1557.5</ele>
			</trkpt>
			<trkpt lat="47.0837986570" lon="8.5773858887">
				<ele>1558.5</ele>
			</trkpt>
			<trkpt lat="47.0838148790" lon="8.5774457294">
				<ele>1559.1</ele>
			</trkpt>
			<trkpt lat="47.0838665245" lon="8.5775863402">
				<ele>1559.9</ele>
			</trkpt>
			<trkpt lat="47.0839087636" lon="8.5774319312">
				<ele>1561.7</ele>
			</trkpt>
			<trkpt lat="47.0839216690" lon="8.5773552701">
				<ele>1562.4</ele>
			</trkpt>
			<trkpt lat="47.0839650760" lon="8.5773593693">
				<ele>1563.1</ele>
			</trkpt>
			<trkpt lat="47.0840201110" lon="8.5773434464">
				<ele>1564.4</ele>
			</trkpt>
			<trkpt lat="47.0840337534" lon="8.5773422355">
				<ele>1564.7</ele>
			</trkpt>
			<trkpt lat="47.0840388660" lon="8.5773546871">
				<ele>1564.7</ele>
			</trkpt>
			<trkpt lat="47.0840592880" lon="8.5774636826">
				<ele>1565.9</ele>
			</trkpt>
			<trkpt lat="47.0840794987" lon="8.5774556882">
				<ele>1566.2</ele>
			</trkpt>
			<trkpt lat="47.0840851488" lon="8.5773664614">
				<ele>1566.9</ele>
			</trkpt>
			<trkpt lat="47.0841005305" lon="8.5772942282">
				<ele>1567.6</ele>
			</trkpt>
			<trkpt lat="47.0841155602" lon="8.5772881207">
				<ele>1568.6</ele>
			</trkpt>
			<trkpt lat="47.0841517432" lon="8.5772508419">
				<ele>1570.6</ele>
			</trkpt>
			<trkpt lat="47.0841760424" lon="8.5772444309">
				<ele>1571.1</ele>
			</trkpt>
			<trkpt lat="47.0841877132" lon="8.5772550304">
				<ele>1571.6</ele>
			</trkpt>
			<trkpt lat="47.0842478861" lon="8.5773233573">
				<ele>1573.6</ele>
			</trkpt>
			<trkpt lat="47.0843142463" lon="8.5774009560">
				<ele>1575.6</ele>
			</trkpt>
			<trkpt lat="47.0843442510" lon="8.5774615168">
				<ele>1576.4</ele>
			</trkpt>
			<trkpt lat="47.0843674034" lon="8.5774972914">
				<ele>1577.2</ele>
			</trkpt>
			<trkpt lat="47.0843930900" lon="8.5775169996">
				<ele>1577.9</ele>
			</trkpt>
			<trkpt lat="47.0844142250" lon="8.5775466337">
				<ele>1578.6</ele>
			</trkpt>
			<trkpt lat="47.0844282874" lon="8.5775682811">
				<ele>1579.0</ele>
			</trkpt>
			<trkpt lat="47.0844357765" lon="8.5775932657">
				<ele>1579.2</ele>
			</trkpt>
			<trkpt lat="47.0844313962" lon="8.5776149557">
				<ele>1579.2</ele>
			</trkpt>
			<trkpt lat="47.0844193112" lon="8.5776334266">
				<ele>1579.2</ele>
			</trkpt>
			<trkpt lat="47.0844032812" lon="8.5776596496">
				<ele>1579.2</ele>
			</trkpt>
			<trkpt lat="47.0843969741" lon="8.5776796918">
				<ele>1578.9</ele>
			</trkpt>
			<trkpt lat="47.0843503930" lon="8.5778338830">
				<ele>1576.8</ele>
			</trkpt>
			<trkpt lat="47.0843289450" lon="8.5779283955">
				<ele>1575.3</ele>
			</trkpt>
			<trkpt lat="47.0843124172" lon="8.5779585196">
				<ele>1574.9</ele>
			</trkpt>
			<trkpt lat="47.0843011785" lon="8.5779896381">
				<ele>1574.5</ele>
			</trkpt>
			<trkpt lat="47.0842723512" lon="8.5780253742">
				<ele>1573.9</ele>
			</trkpt>
			<trkpt lat="47.0842336562" lon="8.5780710146">
				<ele>1572.8</ele>
			</trkpt>
			<trkpt lat="47.0842068140" lon="8.5781161433">
				<ele>1571.6</ele>
			</trkpt>
			<trkpt lat="47.0841689437" lon="8.5782246618">
				<ele>1569.2</ele>
			</trkpt>
			<trkpt lat="47.0841403651" lon="8.5783487199">
				<ele>1566.2</ele>
			</trkpt>
			<trkpt lat="47.0841020742" lon="8.5784606267">
				<ele>1562.9</ele>
			</trkpt>
			<trkpt lat="47.0840634336" lon="8.5785606202">
				<ele>1559.8</ele>
			</trkpt>
			<trkpt lat="47.0840496755" lon="8.5786035509">
				<ele>1558.9</ele>
			</trkpt>
			<trkpt lat="47.0840533932" lon="8.5786622626">
				<ele>1557.8</ele>
			</trkpt>
			<trkpt lat="47.0840520225" lon="8.5786834501">
				<ele>1557.3</ele>
			</trkpt>
			<trkpt lat="47.0840480352" lon="8.5787326072">
				<ele>1556.8</ele>
			</trkpt>
			<trkpt lat="47.0840533893" lon="8.5787904977">
				<ele>1555.9</ele>
			</trkpt>
			<trkpt lat="47.0840515487" lon="8.5788218685">
				<ele>1555.2</ele>
			</trkpt>
			<trkpt lat="47.0840410943" lon="8.5789235021">
				<ele>1553.1</ele>
			</trkpt>
			<trkpt lat="47.0840360425" lon="8.5790753880">
				<ele>1549.9</ele>
			</trkpt>
			<trkpt lat="47.0840158013" lon="8.5791741922">
				<ele>1547.7</ele>
			</trkpt>
			<trkpt lat="47.0839860720" lon="8.5792871893">
				<ele>1544.9</ele>
			</trkpt>
			<trkpt lat="47.0839682390" lon="8.5793291508">
				<ele>1543.6</ele>
			</trkpt>
			<trkpt lat="47.0839572427" lon="8.5793874564">
				<ele>1542.2</ele>
			</trkpt>
			<trkpt lat="47.0839525014" lon="8.5794255483">
				<ele>1541.4</ele>
			</trkpt>
			<trkpt lat="47.0839423054" lon="8.5795509452">
				<ele>1539.2</ele>
			</trkpt>
			<trkpt lat="47.0839463714" lon="8.5796198445">
				<ele>1538.2</ele>
			</trkpt>
			<trkpt lat="47.0839366929" lon="8.5797266039">
				<ele>1535.9</ele>
			</trkpt>
			<trkpt lat="47.0839314487" lon="8.5797791060">
				<ele>1534.7</ele>
			</trkpt>
			<trkpt lat="47.0839176910" lon="8.5798237351">
				<ele>1533.9</ele>
			</trkpt>
			<trkpt lat="47.0839010231" lon="8.5798425685">
				<ele>1533.5</ele>
			</trkpt>
			<trkpt lat="47.0839015709" lon="8.5801496165">
				<ele>1529.7</ele>
			</trkpt>
			<trkpt lat="47.0839036879" lon="8.5802500175">
				<ele>1528.6</ele>
			</trkpt>
			<trkpt lat="47.0839188845" lon="8.5805530681">
				<ele>1525.5</ele>
			</trkpt>
			<trkpt lat="47.0839441710" lon="8.5809404333">
				<ele>1522.1</ele>
			</trkpt>
			<trkpt lat="47.0839408593" lon="8.5809916532">
				<ele>1521.6</ele>
			</trkpt>
			<trkpt lat="47.0839348885" lon="8.5810284504">
				<ele>1521.3</ele>
			</trkpt>
			<trkpt lat="47.0839234478" lon="8.5810507778">
				<ele>1521.0</ele>
			</trkpt>
			<trkpt lat="47.0839107349" lon="8.5810607634">
				<ele>1520.7</ele>
			</trkpt>
			<trkpt lat="47.0839599034" lon="8.5812450648">
				<ele>1521.3</ele>
			</trkpt>
			<trkpt lat="47.0839931075" lon="8.5813524053">
				<ele>1521.7</ele>
			</trkpt>
			<trkpt lat="47.0840151011" lon="8.5814385944">
				<ele>1522.2</ele>
			</trkpt>
			<trkpt lat="47.0840270114" lon="8.5815329282">
				<ele>1522.7</ele>
			</trkpt>
			<trkpt lat="47.0840416855" lon="8.5816377772">
				<ele>1523.5</ele>
			</trkpt>
			<trkpt lat="47.0840606697" lon="8.5817385385">
				<ele>1524.1</ele>
			</trkpt>
			<trkpt lat="47.0840841777" lon="8.5818164003">
				<ele>1524.5</ele>
			</trkpt>
			<trkpt lat="47.0841382175" lon="8.5819827175">
				<ele>1525.3</ele>
			</trkpt>
			<trkpt lat="47.0841992316" lon="8.5821659036">
				<ele>1526.2</ele>
			</trkpt>
			<trkpt lat="47.0842558013" lon="8.5823657406">
				<ele>1527.2</ele>
			</trkpt>
			<trkpt lat="47.0842986256" lon="8.5825109070">
				<ele>1528.0</ele>
			</trkpt>
			<trkpt lat="47.0843359899" lon="8.5826308775">
				<ele>1528.6</ele>
			</trkpt>
			<trkpt lat="47.0843554815" lon="8.5826814784">
				<ele>1529.0</ele>
			</trkpt>
			<trkpt lat="47.0843791555" lon="8.5827426123">
				<ele>1529.4</ele>
			</trkpt>
			<trkpt lat="47.0844041657" lon="8.5828121464">
				<ele>1529.9</ele>
			</trkpt>
			<trkpt lat="47.0844318081" lon="8.5829047346">
				<ele>1530.4</ele>
			</trkpt>
			<trkpt lat="47.0844567427" lon="8.5829826151">
				<ele>1531.3</ele>
			</trkpt>
			<trkpt lat="47.0845095988" lon="8.5831238299">
				<ele>1532.7</ele>
			</trkpt>
			<trkpt lat="47.0845347414" lon="8.5831808154">
				<ele>1533.3</ele>
			</trkpt>
			<trkpt lat="47.0846250277" lon="8.5834357402">
				<ele>1536.1</ele>
			</trkpt>
			<trkpt lat="47.0846526872" lon="8.5835262322">
				<ele>1537.2</ele>
			</trkpt>
			<trkpt lat="47.0846704803" lon="8.5836039735">
				<ele>1538.1</ele>
			</trkpt>
			<trkpt lat="47.0846896219" lon="8.5836901038">
				<ele>1539.4</ele>
			</trkpt>
			<trkpt lat="47.0847159997" lon="8.5837659324">
				<ele>1540.7</ele>
			</trkpt>
			<trkpt lat="47.0847479827" lon="8.5838523244">
				<ele>1542.2</ele>
			</trkpt>
			<trkpt lat="47.0848025193" lon="8.5839684970">
				<ele>1544.0</ele>
			</trkpt>
			<trkpt lat="47.0848655454" lon="8.5840931852">
				<ele>1546.2</ele>
			</trkpt>
			<trkpt lat="47.0849188925" lon="8.5841863238">
				<ele>1548.1</ele>
			</trkpt>
			<trkpt lat="47.0849765084" lon="8.5842795537">
				<ele>1549.8</ele>
			</trkpt>
			<trkpt lat="47.0850481483" lon="8.5844002600">
				<ele>1551.8</ele>
			</trkpt>
			<trkpt lat="47.0851406098" lon="8.5845799447">
				<ele>1555.6</ele>
			</trkpt>
			<trkpt lat="47.0852036724" lon="8.5847004682">
				<ele>1558.0</ele>
			</trkpt>
			<trkpt lat="47.0852681830" lon="8.5848189267">
				<ele>1559.9</ele>
			</trkpt>
			<trkpt lat="47.0853213836" lon="8.5849266999">
				<ele>1561.3</ele>
			</trkpt>
			<trkpt lat="47.0853646632" lon="8.5850259010">
				<ele>1562.5</ele>
			</trkpt>
			<trkpt lat="47.0854064366" lon="8.5851334171">
				<ele>1563.9</ele>
			</trkpt>
			<trkpt lat="47.0854620701" lon="8.5852830431">
				<ele>1565.5</ele>
			</trkpt>
			<trkpt lat="47.0854882173" lon="8.5853818780">
				<ele>1566.2</ele>
			</trkpt>
			<trkpt lat="47.0855072653" lon="8.5854763683">
				<ele>1567.0</ele>
			</trkpt>
			<trkpt lat="47.0855151451" lon="8.5855455394">
				<ele>1567.5</ele>
			</trkpt>
			<trkpt lat="47.0855129458" lon="8.5856228546">
				<ele>1568.2</ele>
			</trkpt>
			<trkpt lat="47.0855064736" lon="8.5857167857">
				<ele>1569.0</ele>
			</trkpt>
			<trkpt lat="47.0855012247" lon="8.5858676942">
				<ele>1569.2</ele>
			</trkpt>
			<trkpt lat="47.0855029269" lon="8.5860047451">
				<ele>1568.9</ele>
			</trkpt>
			<trkpt lat="47.0855118982" lon="8.5862267612">
				<ele>1567.8</ele>
			</trkpt>
			<trkpt lat="47.0855391291" lon="8.5865675337">
				<ele>1564.5</ele>
			</trkpt>
			<trkpt lat="47.0855650039" lon="8.5869902959">
				<ele>1560.1</ele>
			</trkpt>
			<trkpt lat="47.0855747519" lon="8.5870557261">
				<ele>1559.4</ele>
			</trkpt>
			<trkpt lat="47.0855891614" lon="8.5871100665">
				<ele>1558.7</ele>
			</trkpt>
			<trkpt lat="47.0856189300" lon="8.5871703183">
				<ele>1558.2</ele>
			</trkpt>
			<trkpt lat="47.0856678535" lon="8.5872654370">
				<ele>1556.1</ele>
			</trkpt>
			<trkpt lat="47.0856903536" lon="8.5873255588">
				<ele>1554.8</ele>
			</trkpt>
			<trkpt lat="47.0857090728" lon="8.5874004934">
				<ele>1553.8</ele>
			</trkpt>
			<trkpt lat="47.0857254144" lon="8.5874856406">
				<ele>1552.8</ele>
			</trkpt>
			<trkpt lat="47.0857394856" lon="8.5875707391">
				<ele>1551.9</ele>
			</trkpt>
			<trkpt lat="47.0857654003" lon="8.5877800523">
				<ele>1550.8</ele>
			</trkpt>
			<trkpt lat="47.0857901677" lon="8.5879679009">
				<ele>1549.2</ele>
			</trkpt>
			<trkpt lat="47.0858174980" lon="8.5881278304">
				<ele>1548.0</ele>
			</trkpt>
			<trkpt lat="47.0858589658" lon="8.5883253366">
				<ele>1546.8</ele>
			</trkpt>
			<trkpt lat="47.0859186323" lon="8.5885614200">
				<ele>1545.7</ele>
			</trkpt>
			<trkpt lat="47.0859872041" lon="8.5888144541">
				<ele>1544.3</ele>
			</trkpt>
			<trkpt lat="47.0860235247" lon="8.5889419476">
				<ele>1543.9</ele>
			</trkpt>
			<trkpt lat="47.0860695298" lon="8.5890966474">
				<ele>1543.6</ele>
			</trkpt>
			<trkpt lat="47.0860969977" lon="8.5892059558">
				<ele>1543.6</ele>
			</trkpt>
			<trkpt lat="47.0861524653" lon="8.5893716359">
				<ele>1544.5</ele>
			</trkpt>
			<trkpt lat="47.0862057564" lon="8.5895651411">
				<ele>1545.5</ele>
			</trkpt>
			<trkpt lat="47.0862722793" lon="8.5897672783">
				<ele>1546.0</ele>
			</trkpt>
			<trkpt lat="47.0863238504" lon="8.5899412231">
				<ele>1547.5</ele>
			</trkpt>
			<trkpt lat="47.0863552545" lon="8.5900796737">
				<ele>1548.3</ele>
			</trkpt>
			<trkpt lat="47.0863756841" lon="8.5901783770">
				<ele>1548.0</ele>
			</trkpt>
			<trkpt lat="47.0863892957" lon="8.5902455766">
				<ele>1547.5</ele>
			</trkpt>
			<trkpt lat="47.0863928025" lon="8.5903230159">
				<ele>1546.8</ele>
			</trkpt>
			<trkpt lat="47.0863858153" lon="8.5904504163">
				<ele>1545.2</ele>
			</trkpt>
			<trkpt lat="47.0863508371" lon="8.5906629131">
				<ele>1542.1</ele>
			</trkpt>
			<trkpt lat="47.0863452242" lon="8.5906883536">
				<ele>1541.7</ele>
			</trkpt>
			<trkpt lat="47.0863044521" lon="8.5908730933">
				<ele>1538.1</ele>
			</trkpt>
			<trkpt lat="47.0862372712" lon="8.5911643697">
				<ele>1533.3</ele>
			</trkpt>
			<trkpt lat="47.0861940601" lon="8.5913432367">
				<ele>1529.9</ele>
			</trkpt>
			<trkpt lat="47.0861248360" lon="8.5915529222">
				<ele>1525.8</ele>
			</trkpt>
			<trkpt lat="47.0860996068" lon="8.5916035991">
				<ele>1524.4</ele>
			</trkpt>
			<trkpt lat="47.0860746024" lon="8.5916281505">
				<ele>1523.7</ele>
			</trkpt>
			<trkpt lat="47.0860335167" lon="8.5916425968">
				<ele>1522.2</ele>
			</trkpt>
			<trkpt lat="47.0859847085" lon="8.5916680320">
				<ele>1520.0</ele>
			</trkpt>
			<trkpt lat="47.0859491245" lon="8.5917035111">
				<ele>1518.2</ele>
			</trkpt>
			<trkpt lat="47.0859190131" lon="8.5917628015">
				<ele>1516.2</ele>
			</trkpt>
			<trkpt lat="47.0859051100" lon="8.5918196485">
				<ele>1515.0</ele>
			</trkpt>
			<trkpt lat="47.0858928342" lon="8.5919044123">
				<ele>1513.2</ele>
			</trkpt>
			<trkpt lat="47.0858796191" lon="8.5919877598">
				<ele>1511.0</ele>
			</trkpt>
			<trkpt lat="47.0858625159" lon="8.5920793866">
				<ele>1509.2</ele>
			</trkpt>
			<trkpt lat="47.0858531979" lon="8.5921544547">
				<ele>1507.8</ele>
			</trkpt>
			<trkpt lat="47.0858475583" lon="8.5922421400">
				<ele>1506.6</ele>
			</trkpt>
			<trkpt lat="47.0858436301" lon="8.5923270439">
				<ele>1505.3</ele>
			</trkpt>
			<trkpt lat="47.0858335487" lon="8.5924073636">
				<ele>1504.0</ele>
			</trkpt>
			<trkpt lat="47.0858191721" lon="8.5925596721">
				<ele>1501.4</ele>
			</trkpt>
			<trkpt lat="47.0858169238" lon="8.5926411746">
				<ele>1499.9</ele>
			</trkpt>
			<trkpt lat="47.0858032950" lon="8.5927182306">
				<ele>1498.5</ele>
			</trkpt>
			<trkpt lat="47.0857866456" lon="8.5928119610">
				<ele>1496.6</ele>
			</trkpt>
			<trkpt lat="47.0857802623" lon="8.5928787289">
				<ele>1495.5</ele>
			</trkpt>
			<trkpt lat="47.0857712500" lon="8.5929224445">
				<ele>1494.7</ele>
			</trkpt>
			<trkpt lat="47.0857722816" lon="8.5929621886">
				<ele>1494.3</ele>
			</trkpt>
			<trkpt lat="47.0857760375" lon="8.5930145427">
				<ele>1493.8</ele>
			</trkpt>
			<trkpt lat="47.0857719473" lon="8.5931378082">
				<ele>1492.1</ele>
			</trkpt>
			<trkpt lat="47.0857595176" lon="8.5932378983">
				<ele>1490.8</ele>
			</trkpt>
			<trkpt lat="47.0857588875" lon="8.5933006151">
				<ele>1490.1</ele>
			</trkpt>
			<trkpt lat="47.0857510524" lon="8.5933694326">
				<ele>1488.9</ele>
			</trkpt>
			<trkpt lat="47.0857375700" lon="8.5934318723">
				<ele>1487.9</ele>
			</trkpt>
			<trkpt lat="47.0857324689" lon="8.5935133000">
				<ele>1486.9</ele>
			</trkpt>
			<trkpt lat="47.0857344047" lon="8.5936053366">
				<ele>1485.8</ele>
			</trkpt>
			<trkpt lat="47.0857292327" lon="8.5936930448">
				<ele>1485.1</ele>
			</trkpt>
			<trkpt lat="47.0857245528" lon="8.5937326659">
				<ele>1484.7</ele>
			</trkpt>
			<trkpt lat="47.0857240906" lon="8.5937786466">
				<ele>1484.2</ele>
			</trkpt>
			<trkpt lat="47.0857321599" lon="8.5938519556">
				<ele>1483.0</ele>
			</trkpt>
			<trkpt lat="47.0857291367" lon="8.5939146601">
				<ele>1481.8</ele>
			</trkpt>
			<trkpt lat="47.0857082085" lon="8.5941834107">
				<ele>1478.2</ele>
			</trkpt>
			<trkpt lat="47.0857115748" lon="8.5943452150">
				<ele>1477.0</ele>
			</trkpt>
			<trkpt lat="47.0857184531" lon="8.5945137593">
				<ele>1474.3</ele>
			</trkpt>
			<trkpt lat="47.0857255994" lon="8.5945805293">
				<ele>1472.3</ele>
			</trkpt>
			<trkpt lat="47.0857285734" lon="8.5946595627">
				<ele>1470.0</ele>
			</trkpt>
			<trkpt lat="47.0857314156" lon="8.5946891258">
				<ele>1469.5</ele>
			</trkpt>
			<trkpt lat="47.0857373650" lon="8.5947120914">
				<ele>1469.2</ele>
			</trkpt>
			<trkpt lat="47.0857731341" lon="8.5947657291">
				<ele>1468.2</ele>
			</trkpt>
			<trkpt lat="47.0857978404" lon="8.5948048252">
				<ele>1467.3</ele>
			</trkpt>
			<trkpt lat="47.0857940419" lon="8.5948264347">
				<ele>1467.0</ele>
			</trkpt>
			<trkpt lat="47.0857974373" lon="8.5948805855">
				<ele>1466.0</ele>
			</trkpt>
			<trkpt lat="47.0858034910" lon="8.5949146955">
				<ele>1465.7</ele>
			</trkpt>
			<trkpt lat="47.0858030420" lon="8.5949333351">
				<ele>1465.2</ele>
			</trkpt>
			<trkpt lat="47.0857929010" lon="8.5949863375">
				<ele>1463.9</ele>
			</trkpt>
			<trkpt lat="47.0857801934" lon="8.5950458833">
				<ele>1462.6</ele>
			</trkpt>
			<trkpt lat="47.0857758946" lon="8.5950743174">
				<ele>1462.3</ele>
			</trkpt>
			<trkpt lat="47.0857813058" lon="8.5951106133">
				<ele>1461.7</ele>
			</trkpt>
			<trkpt lat="47.0857890122" lon="8.5951332483">
				<ele>1461.2</ele>
			</trkpt>
			<trkpt lat="47.0857904871" lon="8.5951475304">
				<ele>1460.7</ele>
			</trkpt>
			<trkpt lat="47.0857856675" lon="8.5951617033">
				<ele>1460.7</ele>
			</trkpt>
			<trkpt lat="47.0857839781" lon="8.5951775634">
				<ele>1460.7</ele>
			</trkpt>
			<trkpt lat="47.0857859407" lon="8.5952105051">
				<ele>1459.5</ele>
			</trkpt>
			<trkpt lat="47.0857848117" lon="8.5952368083">
				<ele>1459.1</ele>
			</trkpt>
			<trkpt lat="47.0857783601" lon="8.5952575310">
				<ele>1458.7</ele>
			</trkpt>
			<trkpt lat="47.0857687285" lon="8.5952831236">
				<ele>1458.1</ele>
			</trkpt>
			<trkpt lat="47.0857660749" lon="8.5953028085">
				<ele>1457.8</ele>
			</trkpt>
			<trkpt lat="47.0857667569" lon="8.5953395686">
				<ele>1456.8</ele>
			</trkpt>
			<trkpt lat="47.0857694314" lon="8.5954054256">
				<ele>1456.1</ele>
			</trkpt>
			<trkpt lat="47.0857709869" lon="8.5954520824">
				<ele>1455.2</ele>
			</trkpt>
			<trkpt lat="47.0857694896" lon="8.5954855029">
				<ele>1454.3</ele>
			</trkpt>
			<trkpt lat="47.0857632536" lon="8.5955204802">
				<ele>1454.2</ele>
			</trkpt>
			<trkpt lat="47.0857624984" lon="8.5955374669">
				<ele>1453.5</ele>
			</trkpt>
			<trkpt lat="47.0857666654" lon="8.5955721025">
				<ele>1453.0</ele>
			</trkpt>
			<trkpt lat="47.0857829644" lon="8.5957144443">
				<ele>1452.1</ele>
			</trkpt>
			<trkpt lat="47.0857927346" lon="8.5958001836">
				<ele>1450.9</ele>
			</trkpt>
			<trkpt lat="47.0858032742" lon="8.5959122673">
				<ele>1450.1</ele>
			</trkpt>
			<trkpt lat="47.0858045752" lon="8.5959501337">
				<ele>1449.8</ele>
			</trkpt>
			<trkpt lat="47.0858023459" lon="8.5959972489">
				<ele>1448.7</ele>
			</trkpt>
			<trkpt lat="47.0857964884" lon="8.5960678867">
				<ele>1448.0</ele>
			</trkpt>
			<trkpt lat="47.0857926435" lon="8.5961210119">
				<ele>1447.5</ele>
			</trkpt>
			<trkpt lat="47.0857942885" lon="8.5961550401">
				<ele>1446.9</ele>
			</trkpt>
			<trkpt lat="47.0857992866" lon="8.5962044977">
				<ele>1446.5</ele>
			</trkpt>
			<trkpt lat="47.0857987734" lon="8.5962313537">
				<ele>1446.1</ele>
			</trkpt>
			<trkpt lat="47.0857966901" lon="8.5962587294">
				<ele>1445.6</ele>
			</trkpt>
			<trkpt lat="47.0858014330" lon="8.5963005030">
				<ele>1445.6</ele>
			</trkpt>
			<trkpt lat="47.0858112895" lon="8.5963303099">
				<ele>1445.6</ele>
			</trkpt>
			<trkpt lat="47.0858250118" lon="8.5963486630">
				<ele>1445.9</ele>
			</trkpt>
			<trkpt lat="47.0858334003" lon="8.5963652808">
				<ele>1446.4</ele>
			</trkpt>
			<trkpt lat="47.0858370577" lon="8.5963817966">
				<ele>1446.2</ele>
			</trkpt>
			<trkpt lat="47.0858364745" lon="8.5964190825">
				<ele>1445.4</ele>
			</trkpt>
			<trkpt lat="47.0858368666" lon="8.5964525434">
				<ele>1445.4</ele>
			</trkpt>
			<trkpt lat="47.0858401656" lon="8.5964750967">
				<ele>1445.4</ele>
			</trkpt>
			<trkpt lat="47.0858456793" lon="8.5964965916">
				<ele>1445.1</ele>
			</trkpt>
			<trkpt lat="47.0858506519" lon="8.5965504211">
				<ele>1444.6</ele>
			</trkpt>
			<trkpt lat="47.0858582532" lon="8.5966317411">
				<ele>1444.3</ele>
			</trkpt>
			<trkpt lat="47.0858657024" lon="8.5966905632">
				<ele>1443.1</ele>
			</trkpt>
			<trkpt lat="47.0858700792" lon="8.5967383477">
				<ele>1443.1</ele>
			</trkpt>
			<trkpt lat="47.0858729942" lon="8.5967713102">
				<ele>1442.5</ele>
			</trkpt>
			<trkpt lat="47.0858702993" lon="8.5967959464">
				<ele>1442.0</ele>
			</trkpt>
			<trkpt lat="47.0858729481" lon="8.5968223184">
				<ele>1442.0</ele>
			</trkpt>
			<trkpt lat="47.0858765755" lon="8.5968426788">
				<ele>1442.0</ele>
			</trkpt>
			<trkpt lat="47.0858861524" lon="8.5968680808">
				<ele>1442.0</ele>
			</trkpt>
			<trkpt lat="47.0858888498" lon="8.5968878818">
				<ele>1442.0</ele>
			</trkpt>
			<trkpt lat="47.0858861859" lon="8.5969075798">
				<ele>1442.0</ele>
			</trkpt>
			<trkpt lat="47.0858822639" lon="8.5969272375">
				<ele>1441.5</ele>
			</trkpt>
			<trkpt lat="47.0858839795" lon="8.5969524959">
				<ele>1441.0</ele>
			</trkpt>
			<trkpt lat="47.0858906895" lon="8.5970266718">
				<ele>1440.2</ele>
			</trkpt>
			<trkpt lat="47.0858950606" lon="8.5970750094">
				<ele>1439.9</ele>
			</trkpt>
			<trkpt lat="47.0858948965" lon="8.5970974877">
				<ele>1439.9</ele>
			</trkpt>
			<trkpt lat="47.0858902920" lon="8.5971259150">
				<ele>1439.2</ele>
			</trkpt>
			<trkpt lat="47.0858877736" lon="8.5971686510">
				<ele>1438.4</ele>
			</trkpt>
			<trkpt lat="47.0858821320" lon="8.5972535442">
				<ele>1437.1</ele>
			</trkpt>
			<trkpt lat="47.0858747338" lon="8.5973181168">
				<ele>1436.0</ele>
			</trkpt>
			<trkpt lat="47.0858743967" lon="8.5973658256">
				<ele>1435.3</ele>
			</trkpt>
			<trkpt lat="47.0858798759" lon="8.5973917054">
				<ele>1435.3</ele>
			</trkpt>
			<trkpt lat="47.0858921788" lon="8.5974330763">
				<ele>1435.3</ele>
			</trkpt>
			<trkpt lat="47.0859007272" lon="8.5974694271">
				<ele>1435.0</ele>
			</trkpt>
			<trkpt lat="47.0859049148" lon="8.5975002177">
				<ele>1434.5</ele>
			</trkpt>
			<trkpt lat="47.0859056504" lon="8.5975298541">
				<ele>1434.5</ele>
			</trkpt>
			<trkpt lat="47.0859112483" lon="8.5975831573">
				<ele>1433.9</ele>
			</trkpt>
			<trkpt lat="47.0859206909" lon="8.5976272056">
				<ele>1433.7</ele>
			</trkpt>
			<trkpt lat="47.0859240197" lon="8.5976459138">
				<ele>1433.7</ele>
			</trkpt>
			<trkpt lat="47.0859219957" lon="8.5976656255">
				<ele>1433.2</ele>
			</trkpt>
			<trkpt lat="47.0859133391" lon="8.5976862872">
				<ele>1432.4</ele>
			</trkpt>
			<trkpt lat="47.0859002497" lon="8.5977112648">
				<ele>1431.8</ele>
			</trkpt>
			<trkpt lat="47.0858907553" lon="8.5977615417">
				<ele>1431.0</ele>
			</trkpt>
			<trkpt lat="47.0858825501" lon="8.5978080002">
				<ele>1429.8</ele>
			</trkpt>
			<trkpt lat="47.0858832002" lon="8.5978496987">
				<ele>1429.3</ele>
			</trkpt>
			<trkpt lat="47.0858852242" lon="8.5978738574">
				<ele>1428.8</ele>
			</trkpt>
			<trkpt lat="47.0858815648" lon="8.5979012123">
				<ele>1428.2</ele>
			</trkpt>
			<trkpt lat="47.0858817213" lon="8.5979231574">
				<ele>1428.2</ele>
			</trkpt>
			<trkpt lat="47.0858867787" lon="8.5979649248">
				<ele>1427.4</ele>
			</trkpt>
			<trkpt lat="47.0858948763" lon="8.5980210217">
				<ele>1426.7</ele>
			</trkpt>
			<trkpt lat="47.0858987919" lon="8.5980457746">
				<ele>1426.2</ele>
			</trkpt>
			<trkpt lat="47.0858941672" lon="8.5980753079">
				<ele>1425.8</ele>
			</trkpt>
			<trkpt lat="47.0858752934" lon="8.5981171630">
				<ele>1424.0</ele>
			</trkpt>
			<trkpt lat="47.0858396887" lon="8.5981642011">
				<ele>1422.7</ele>
			</trkpt>
			<trkpt lat="47.0858621851" lon="8.5982090986">
				<ele>1422.9</ele>
			</trkpt>
			<trkpt lat="47.0858896315" lon="8.5982252207">
				<ele>1423.0</ele>
			</trkpt>
			<trkpt lat="47.0859118192" lon="8.5982267017">
				<ele>1422.7</ele>
			</trkpt>
			<trkpt lat="47.0859306432" lon="8.5982387514">
				<ele>1422.0</ele>
			</trkpt>
			<trkpt lat="47.0859722765" lon="8.5982959170">
				<ele>1420.9</ele>
			</trkpt>
			<trkpt lat="47.0860116229" lon="8.5983666247">
				<ele>1420.4</ele>
			</trkpt>
			<trkpt lat="47.0860380039" lon="8.5984331396">
				<ele>1420.2</ele>
			</trkpt>
			<trkpt lat="47.0860611742" lon="8.5984976493">
				<ele>1420.3</ele>
			</trkpt>
			<trkpt lat="47.0860866409" lon="8.5985476822">
				<ele>1420.5</ele>
			</trkpt>
			<trkpt lat="47.0861216322" lon="8.5986211804">
				<ele>1421.4</ele>
			</trkpt>
			<trkpt lat="47.0861559258" lon="8.5986558891">
				<ele>1422.3</ele>
			</trkpt>
			<trkpt lat="47.0861812448" lon="8.5986671191">
				<ele>1422.4</ele>
			</trkpt>
			<trkpt lat="47.0862007742" lon="8.5986636827">
				<ele>1421.9</ele>
			</trkpt>
			<trkpt lat="47.0862204934" lon="8.5986512156">
				<ele>1421.1</ele>
			</trkpt>
			<trkpt lat="47.0862378598" lon="8.5986285963">
				<ele>1420.0</ele>
			</trkpt>
			<trkpt lat="47.0862657967" lon="8.5985497433">
				<ele>1417.5</ele>
			</trkpt>
			<trkpt lat="47.0863105475" lon="8.5983604514">
				<ele>1413.1</ele>
			</trkpt>
			<trkpt lat="47.0863585578" lon="8.5981314938">
				<ele>1409.4</ele>
			</trkpt>
			<trkpt lat="47.0863842670" lon="8.5979898746">
				<ele>1407.5</ele>
			</trkpt>
			<trkpt lat="47.0864111656" lon="8.5978712898">
				<ele>1405.8</ele>
			</trkpt>
			<trkpt lat="47.0864618453" lon="8.5976612100">
				<ele>1404.2</ele>
			</trkpt>
			<trkpt lat="47.0864796542" lon="8.5975946887">
				<ele>1403.7</ele>
			</trkpt>
			<trkpt lat="47.0864988503" lon="8.5975323725">
				<ele>1403.3</ele>
			</trkpt>
			<trkpt lat="47.0865222650" lon="8.5974764303">
				<ele>1402.8</ele>
			</trkpt>
			<trkpt lat="47.0865382427" lon="8.5974495916">
				<ele>1402.3</ele>
			</trkpt>
			<trkpt lat="47.0865495184" lon="8.5974386144">
				<ele>1402.1</ele>
			</trkpt>
			<trkpt lat="47.0865623707" lon="8.5974388922">
				<ele>1401.8</ele>
			</trkpt>
			<trkpt lat="47.0865794418" lon="8.5974455309">
				<ele>1401.5</ele>
			</trkpt>
			<trkpt lat="47.0865921254" lon="8.5974625317">
				<ele>1401.3</ele>
			</trkpt>
			<trkpt lat="47.0866015333" lon="8.5975180912">
				<ele>1399.9</ele>
			</trkpt>
			<trkpt lat="47.0866186336" lon="8.5976404206">
				<ele>1397.1</ele>
			</trkpt>
			<trkpt lat="47.0866341847" lon="8.5977505071">
				<ele>1395.3</ele>
			</trkpt>
			<trkpt lat="47.0866470707" lon="8.5977946969">
				<ele>1394.6</ele>
			</trkpt>
			<trkpt lat="47.0866616212" lon="8.5978389222">
				<ele>1393.6</ele>
			</trkpt>
			<trkpt lat="47.0866812218" lon="8.5978783841">
				<ele>1393.1</ele>
			</trkpt>
			<trkpt lat="47.0866941483" lon="8.5979176881">
				<ele>1392.7</ele>
			</trkpt>
			<trkpt lat="47.0867035512" lon="8.5979764350">
				<ele>1392.4</ele>
			</trkpt>
			<trkpt lat="47.0867077058" lon="8.5980594604">
				<ele>1391.4</ele>
			</trkpt>
			<trkpt lat="47.0867155920" lon="8.5981035280">
				<ele>1390.6</ele>
			</trkpt>
			<trkpt lat="47.0867316431" lon="8.5981648819">
				<ele>1389.8</ele>
			</trkpt>
			<trkpt lat="47.0867556603" lon="8.5982605196">
				<ele>1388.4</ele>
			</trkpt>
			<trkpt lat="47.0867687528" lon="8.5982852086">
				<ele>1388.1</ele>
			</trkpt>
			<trkpt lat="47.0867802619" lon="8.5983000905">
				<ele>1387.8</ele>
			</trkpt>
			<trkpt lat="47.0867969027" lon="8.5983028873">
				<ele>1387.5</ele>
			</trkpt>
			<trkpt lat="47.0868136008" lon="8.5982983755">
				<ele>1387.2</ele>
			</trkpt>
			<trkpt lat="47.0868288403" lon="8.5982742998">
				<ele>1386.7</ele>
			</trkpt>
			<trkpt lat="47.0868481298" lon="8.5981795856">
				<ele>1385.5</ele>
			</trkpt>
			<trkpt lat="47.0869022253" lon="8.5979368362">
				<ele>1381.1</ele>
			</trkpt>
			<trkpt lat="47.0869332697" lon="8.5978326170">
				<ele>1379.3</ele>
			</trkpt>
			<trkpt lat="47.0869589363" lon="8.5977648694">
				<ele>1378.4</ele>
			</trkpt>
			<trkpt lat="47.0869775859" lon="8.5977335579">
				<ele>1378.1</ele>
			</trkpt>
			<trkpt lat="47.0870027533" lon="8.5977170330">
				<ele>1377.8</ele>
			</trkpt>
			<trkpt lat="47.0870328284" lon="8.5977079243">
				<ele>1377.5</ele>
			</trkpt>
			<trkpt lat="47.0870560275" lon="8.5977206225">
				<ele>1377.3</ele>
			</trkpt>
			<trkpt lat="47.0870773076" lon="8.5977576575">
				<ele>1377.2</ele>
			</trkpt>
			<trkpt lat="47.0870931131" lon="8.5978433852">
				<ele>1376.5</ele>
			</trkpt>
			<trkpt lat="47.0871047122" lon="8.5980143941">
				<ele>1375.4</ele>
			</trkpt>
			<trkpt lat="47.0871108846" lon="8.5980633125">
				<ele>1375.3</ele>
			</trkpt>
			<trkpt lat="47.0871420829" lon="8.5982737566">
				<ele>1373.4</ele>
			</trkpt>
			<trkpt lat="47.0871558545" lon="8.5983960293">
				<ele>1372.6</ele>
			</trkpt>
			<trkpt lat="47.0871584933" lon="8.5984643765">
				<ele>1372.3</ele>
			</trkpt>
			<trkpt lat="47.0871677234" lon="8.5985402154">
				<ele>1372.1</ele>
			</trkpt>
			<trkpt lat="47.0871753622" lon="8.5986086708">
				<ele>1371.8</ele>
			</trkpt>
			<trkpt lat="47.0871846908" lon="8.5986747394">
				<ele>1371.5</ele>
			</trkpt>
			<trkpt lat="47.0872103155" lon="8.5987777498">
				<ele>1371.2</ele>
			</trkpt>
			<trkpt lat="47.0872266418" lon="8.5988688234">
				<ele>1370.9</ele>
			</trkpt>
			<trkpt lat="47.0872358319" lon="8.5989484808">
				<ele>1370.3</ele>
			</trkpt>
			<trkpt lat="47.0872495574" lon="8.5990031339">
				<ele>1370.0</ele>
			</trkpt>
			<trkpt lat="47.0872674035" lon="8.5990746161">
				<ele>1369.6</ele>
			</trkpt>
			<trkpt lat="47.0872911287" lon="8.5991893072">
				<ele>1369.0</ele>
			</trkpt>
			<trkpt lat="47.0873149419" lon="8.5993069112">
				<ele>1368.2</ele>
			</trkpt>
			<trkpt lat="47.0873499830" lon="8.5994662332">
				<ele>1367.4</ele>
			</trkpt>
			<trkpt lat="47.0873672203" lon="8.5995739214">
				<ele>1366.4</ele>
			</trkpt>
			<trkpt lat="47.0873986866" lon="8.5997575719">
				<ele>1363.8</ele>
			</trkpt>
			<trkpt lat="47.0874267759" lon="8.5999459961">
				<ele>1360.5</ele>
			</trkpt>
			<trkpt lat="47.0874487850" lon="8.6001379369">
				<ele>1358.0</ele>
			</trkpt>
			<trkpt lat="47.0874682323" lon="8.6002957230">
				<ele>1356.1</ele>
			</trkpt>
			<trkpt lat="47.0874944343" lon="8.6005060752">
				<ele>1354.4</ele>
			</trkpt>
			<trkpt lat="47.0875160464" lon="8.6006748535">
				<ele>1351.5</ele>
			</trkpt>
			<trkpt lat="47.0875279605" lon="8.6008141699">
				<ele>1349.7</ele>
			</trkpt>
			<trkpt lat="47.0875322552" lon="8.6008850031">
				<ele>1348.9</ele>
			</trkpt>
			<trkpt lat="47.0875358417" lon="8.6010241124">
				<ele>1347.4</ele>
			</trkpt>
			<trkpt lat="47.0875465451" lon="8.6011194904">
				<ele>1346.4</ele>
			</trkpt>
			<trkpt lat="47.0875634267" lon="8.6012613240">
				<ele>1344.5</ele>
			</trkpt>
			<trkpt lat="47.0875872367" lon="8.6013789294">
				<ele>1342.4</ele>
			</trkpt>
			<trkpt lat="47.0876179993" lon="8.6014674206">
				<ele>1340.6</ele>
			</trkpt>
			<trkpt lat="47.0876584087" lon="8.6015902726">
				<ele>1338.3</ele>
			</trkpt>
			<trkpt lat="47.0876938256" lon="8.6017130036">
				<ele>1336.6</ele>
			</trkpt>
			<trkpt lat="47.0877129966" lon="8.6017939200">
				<ele>1335.5</ele>
			</trkpt>
			<trkpt lat="47.0877349364" lon="8.6019310039">
				<ele>1333.9</ele>
			</trkpt>
			<trkpt lat="47.0877523196" lon="8.6020240654">
				<ele>1332.7</ele>
			</trkpt>
			<trkpt lat="47.0878194460" lon="8.6023060490">
				<ele>1330.4</ele>
			</trkpt>
			<trkpt lat="47.0878801291" lon="8.6025659382">
				<ele>1329.4</ele>
			</trkpt>
			<trkpt lat="47.0879009474" lon="8.6026493413">
				<ele>1329.2</ele>
			</trkpt>
			<trkpt lat="47.0879220622" lon="8.6027034581">
				<ele>1329.3</ele>
			</trkpt>
			<trkpt lat="47.0879516289" lon="8.6027455626">
				<ele>1329.0</ele>
			</trkpt>
			<trkpt lat="47.0879860795" lon="8.6027975462">
				<ele>1328.6</ele>
			</trkpt>
			<trkpt lat="47.0880088421" lon="8.6028541484">
				<ele>1328.2</ele>
			</trkpt>
			<trkpt lat="47.0880133151" lon="8.6029054678">
				<ele>1327.8</ele>
			</trkpt>
			<trkpt lat="47.0880142131" lon="8.6029811011">
				<ele>1327.5</ele>
			</trkpt>
			<trkpt lat="47.0880202355" lon="8.6030446767">
				<ele>1327.4</ele>
			</trkpt>
			<trkpt lat="47.0880312585" lon="8.6031083345">
				<ele>1327.3</ele>
			</trkpt>
			<trkpt lat="47.0880697059" lon="8.6032603988">
				<ele>1324.4</ele>
			</trkpt>
			<trkpt lat="47.0881133013" lon="8.6033979686">
				<ele>1321.5</ele>
			</trkpt>
			<trkpt lat="47.0881327178" lon="8.6034544991">
				<ele>1321.0</ele>
			</trkpt>
			<trkpt lat="47.0881474150" lon="8.6034840844">
				<ele>1320.9</ele>
			</trkpt>
			<trkpt lat="47.0881812939" lon="8.6035293920">
				<ele>1321.0</ele>
			</trkpt>
			<trkpt lat="47.0881580578" lon="8.6035843232">
				<ele>1320.7</ele>
			</trkpt>
			<trkpt lat="47.0881576376" lon="8.6036257764">
				<ele>1320.3</ele>
			</trkpt>
			<trkpt lat="47.0881556027" lon="8.6036623342">
				<ele>1319.4</ele>
			</trkpt>
			<trkpt lat="47.0881670617" lon="8.6036820897">
				<ele>1319.1</ele>
			</trkpt>
			<trkpt lat="47.0881601834" lon="8.6037039089">
				<ele>1318.4</ele>
			</trkpt>
			<trkpt lat="47.0881351147" lon="8.6037106736">
				<ele>1317.2</ele>
			</trkpt>
			<trkpt lat="47.0881017843" lon="8.6037123853">
				<ele>1316.0</ele>
			</trkpt>
			<trkpt lat="47.0880537396" lon="8.6036844987">
				<ele>1313.5</ele>
			</trkpt>
			<trkpt lat="47.0879809490" lon="8.6036341437">
				<ele>1310.9</ele>
			</trkpt>
			<trkpt lat="47.0879312650" lon="8.6036037841">
				<ele>1309.4</ele>
			</trkpt>
			<trkpt lat="47.0878717705" lon="8.6035561424">
				<ele>1307.2</ele>
			</trkpt>
			<trkpt lat="47.0878365850" lon="8.6035154297">
				<ele>1306.0</ele>
			</trkpt>
			<trkpt lat="47.0877912339" lon="8.6034809899">
				<ele>1304.2</ele>
			</trkpt>
			<trkpt lat="47.0877599656" lon="8.6034656769">
				<ele>1303.1</ele>
			</trkpt>
			<trkpt lat="47.0877081137" lon="8.6034281723">
				<ele>1301.2</ele>
			</trkpt>
			<trkpt lat="47.0876550274" lon="8.6034050752">
				<ele>1299.3</ele>
			</trkpt>
			<trkpt lat="47.0876082996" lon="8.6033892294">
				<ele>1298.2</ele>
			</trkpt>
			<trkpt lat="47.0875166086" lon="8.6033592874">
				<ele>1295.7</ele>
			</trkpt>
			<trkpt lat="47.0874820119" lon="8.6033643826">
				<ele>1294.6</ele>
			</trkpt>
			<trkpt lat="47.0874566039" lon="8.6033726023">
				<ele>1293.8</ele>
			</trkpt>
			<trkpt lat="47.0874253900" lon="8.6033865431">
				<ele>1292.9</ele>
			</trkpt>
			<trkpt lat="47.0873951534" lon="8.6034229222">
				<ele>1291.7</ele>
			</trkpt>
			<trkpt lat="47.0873810332" lon="8.6034616010">
				<ele>1290.8</ele>
			</trkpt>
			<trkpt lat="47.0873590260" lon="8.6035498009">
				<ele>1288.5</ele>
			</trkpt>
			<trkpt lat="47.0873262996" lon="8.6036835898">
				<ele>1284.6</ele>
			</trkpt>
			<trkpt lat="47.0873082414" lon="8.6037903935">
				<ele>1281.8</ele>
			</trkpt>
			<trkpt lat="47.0872672455" lon="8.6038898631">
				<ele>1278.7</ele>
			</trkpt>
			<trkpt lat="47.0872302759" lon="8.6040145106">
				<ele>1275.0</ele>
			</trkpt>
			<trkpt lat="47.0872122513" lon="8.6041019406">
				<ele>1272.6</ele>
			</trkpt>
			<trkpt lat="47.0871947357" lon="8.6041391883">
				<ele>1271.5</ele>
			</trkpt>
			<trkpt lat="47.0871639648" lon="8.6042158840">
				<ele>1269.6</ele>
			</trkpt>
			<trkpt lat="47.0871445106" lon="8.6043032699">
				<ele>1267.6</ele>
			</trkpt>
			<trkpt lat="47.0871098706" lon="8.6044802421">
				<ele>1263.8</ele>
			</trkpt>
			<trkpt lat="47.0871077827" lon="8.6045450092">
				<ele>1262.4</ele>
			</trkpt>
			<trkpt lat="47.0871116703" lon="8.6045848303">
				<ele>1261.8</ele>
			</trkpt>
			<trkpt lat="47.0871069556" lon="8.6046265446">
				<ele>1260.9</ele>
			</trkpt>
			<trkpt lat="47.0870881250" lon="8.6046533059">
				<ele>1260.0</ele>
			</trkpt>
			<trkpt lat="47.0870591013" lon="8.6046986800">
				<ele>1258.6</ele>
			</trkpt>
			<trkpt lat="47.0869962566" lon="8.6048394896">
				<ele>1254.0</ele>
			</trkpt>
			<trkpt lat="47.0869597528" lon="8.6049181403">
				<ele>1251.3</ele>
			</trkpt>
			<trkpt lat="47.0869408160" lon="8.6049553701">
				<ele>1249.9</ele>
			</trkpt>
			<trkpt lat="47.0869204186" lon="8.6049946489">
				<ele>1248.6</ele>
			</trkpt>
			<trkpt lat="47.0869046715" lon="8.6049984942">
				<ele>1248.0</ele>
			</trkpt>
			<trkpt lat="47.0868860017" lon="8.6050085318">
				<ele>1247.4</ele>
			</trkpt>
			<trkpt lat="47.0868772055" lon="8.6050313504">
				<ele>1246.5</ele>
			</trkpt>
			<trkpt lat="47.0868797813" lon="8.6050585772">
				<ele>1245.8</ele>
			</trkpt>
			<trkpt lat="47.0868780123" lon="8.6050919911">
				<ele>1244.9</ele>
			</trkpt>
			<trkpt lat="47.0868632501" lon="8.6051397702">
				<ele>1243.6</ele>
			</trkpt>
			<trkpt lat="47.0868510423" lon="8.6052168548">
				<ele>1241.7</ele>
			</trkpt>
			<trkpt lat="47.0868544542" lon="8.6053026572">
				<ele>1240.0</ele>
			</trkpt>
			<trkpt lat="47.0868595917" lon="8.6053592188">
				<ele>1238.7</ele>
			</trkpt>
			<trkpt lat="47.0868618374" lon="8.6054199053">
				<ele>1237.2</ele>
			</trkpt>
			<trkpt lat="47.0868596003" lon="8.6054993147">
				<ele>1235.4</ele>
			</trkpt>
			<trkpt lat="47.0868561459" lon="8.6055577839">
				<ele>1234.4</ele>
			</trkpt>
			<trkpt lat="47.0868555729" lon="8.6056142193">
				<ele>1233.2</ele>
			</trkpt>
			<trkpt lat="47.0868421563" lon="8.6056703766">
				<ele>1231.9</ele>
			</trkpt>
			<trkpt lat="47.0868245550" lon="8.6057159990">
				<ele>1230.5</ele>
			</trkpt>
			<trkpt lat="47.0868082483" lon="8.6057741865">
				<ele>1229.1</ele>
			</trkpt>
			<trkpt lat="47.0867946607" lon="8.6058470669">
				<ele>1227.3</ele>
			</trkpt>
			<trkpt lat="47.0867854311" lon="8.6059116788">
				<ele>1225.6</ele>
			</trkpt>
			<trkpt lat="47.0867841777" lon="8.6059864342">
				<ele>1224.0</ele>
			</trkpt>
			<trkpt lat="47.0867918541" lon="8.6060667315">
				<ele>1222.3</ele>
			</trkpt>
			<trkpt lat="47.0867930137" lon="8.6061606908">
				<ele>1220.3</ele>
			</trkpt>
			<trkpt lat="47.0867991820" lon="8.6061831888">
				<ele>1219.7</ele>
			</trkpt>
			<trkpt lat="47.0868170089" lon="8.6061950486">
				<ele>1219.1</ele>
			</trkpt>
			<trkpt lat="47.0868432844" lon="8.6061987564">
				<ele>1218.2</ele>
			</trkpt>
			<trkpt lat="47.0868680519" lon="8.6061915644">
				<ele>1217.8</ele>
			</trkpt>
			<trkpt lat="47.0868812581" lon="8.6061854374">
				<ele>1217.6</ele>
			</trkpt>
			<trkpt lat="47.0868959421" lon="8.6061940421">
				<ele>1217.2</ele>
			</trkpt>
			<trkpt lat="47.0868989306" lon="8.6062151943">
				<ele>1216.7</ele>
			</trkpt>
			<trkpt lat="47.0868886460" lon="8.6062507812">
				<ele>1215.7</ele>
			</trkpt>
			<trkpt lat="47.0868761821" lon="8.6063086971">
				<ele>1214.2</ele>
			</trkpt>
			<trkpt lat="47.0868557998" lon="8.6063607120">
				<ele>1212.7</ele>
			</trkpt>
			<trkpt lat="47.0868430623" lon="8.6064473733">
				<ele>1210.8</ele>
			</trkpt>
			<trkpt lat="47.0868312713" lon="8.6065187124">
				<ele>1209.5</ele>
			</trkpt>
			<trkpt lat="47.0867971736" lon="8.6066331062">
				<ele>1206.7</ele>
			</trkpt>
			<trkpt lat="47.0867842506" lon="8.6066973867">
				<ele>1205.3</ele>
			</trkpt>
			<trkpt lat="47.0867781047" lon="8.6067611831">
				<ele>1203.6</ele>
			</trkpt>
			<trkpt lat="47.0867750349" lon="8.6067924494">
				<ele>1202.8</ele>
			</trkpt>
			<trkpt lat="47.0867685826" lon="8.6068466376">
				<ele>1202.0</ele>
			</trkpt>
			<trkpt lat="47.0867725354" lon="8.6068940205">
				<ele>1201.2</ele>
			</trkpt>
			<trkpt lat="47.0867599684" lon="8.6070081598">
				<ele>1198.9</ele>
			</trkpt>
			<trkpt lat="47.0867225484" lon="8.6072713883">
				<ele>1193.3</ele>
			</trkpt>
			<trkpt lat="47.0867031663" lon="8.6074346241">
				<ele>1189.9</ele>
			</trkpt>
			<trkpt lat="47.0867052505" lon="8.6074685302">
				<ele>1189.5</ele>
			</trkpt>
			<trkpt lat="47.0867134494" lon="8.6074885180">
				<ele>1189.2</ele>
			</trkpt>
			<trkpt lat="47.0867259121" lon="8.6075660884">
				<ele>1188.5</ele>
			</trkpt>
			<trkpt lat="47.0867229103" lon="8.6075896777">
				<ele>1188.2</ele>
			</trkpt>
			<trkpt lat="47.0867263456" lon="8.6076517329">
				<ele>1187.5</ele>
			</trkpt>
			<trkpt lat="47.0867215610" lon="8.6077417681">
				<ele>1186.0</ele>
			</trkpt>
			<trkpt lat="47.0867141078" lon="8.6077900082">
				<ele>1185.0</ele>
			</trkpt>
			<trkpt lat="47.0867102093" lon="8.6078460302">
				<ele>1184.3</ele>
			</trkpt>
			<trkpt lat="47.0867145306" lon="8.6079119904">
				<ele>1183.5</ele>
			</trkpt>
			<trkpt lat="47.0867172133" lon="8.6079754647">
				<ele>1182.6</ele>
			</trkpt>
			<trkpt lat="47.0867329776" lon="8.6080636319">
				<ele>1182.1</ele>
			</trkpt>
			<trkpt lat="47.0867376917" lon="8.6080883893">
				<ele>1181.9</ele>
			</trkpt>
			<trkpt lat="47.0867371264" lon="8.6081290481">
				<ele>1181.6</ele>
			</trkpt>
			<trkpt lat="47.0867270067" lon="8.6081578685">
				<ele>1181.3</ele>
			</trkpt>
			<trkpt lat="47.0867226014" lon="8.6082126280">
				<ele>1180.5</ele>
			</trkpt>
			<trkpt lat="47.0867160502" lon="8.6082973961">
				<ele>1179.1</ele>
			</trkpt>
			<trkpt lat="47.0867216362" lon="8.6083709179">
				<ele>1177.6</ele>
			</trkpt>
			<trkpt lat="47.0867325415" lon="8.6084280663">
				<ele>1176.6</ele>
			</trkpt>
			<trkpt lat="47.0867412262" lon="8.6084616961">
				<ele>1176.1</ele>
			</trkpt>
			<trkpt lat="47.0867369947" lon="8.6084881558">
				<ele>1175.5</ele>
			</trkpt>
			<trkpt lat="47.0867284604" lon="8.6085075015">
				<ele>1174.7</ele>
			</trkpt>
			<trkpt lat="47.0867083995" lon="8.6085143731">
				<ele>1173.7</ele>
			</trkpt>
			<trkpt lat="47.0866783384" lon="8.6085210396">
				<ele>1172.5</ele>
			</trkpt>
			<trkpt lat="47.0866515816" lon="8.6085302017">
				<ele>1171.3</ele>
			</trkpt>
			<trkpt lat="47.0866263579" lon="8.6085540429">
				<ele>1170.0</ele>
			</trkpt>
			<trkpt lat="47.0866094182" lon="8.6085805146">
				<ele>1168.7</ele>
			</trkpt>
			<trkpt lat="47.0866007149" lon="8.6086168992">
				<ele>1168.2</ele>
			</trkpt>
			<trkpt lat="47.0865951797" lon="8.6086704487">
				<ele>1166.4</ele>
			</trkpt>
			<trkpt lat="47.0865899789" lon="8.6086898540">
				<ele>1165.9</ele>
			</trkpt>
			<trkpt lat="47.0865664604" lon="8.6087088592">
				<ele>1164.9</ele>
			</trkpt>
			<trkpt lat="47.0865595953" lon="8.6087282147">
				<ele>1164.3</ele>
			</trkpt>
			<trkpt lat="47.0865695998" lon="8.6087853698">
				<ele>1162.8</ele>
			</trkpt>
			<trkpt lat="47.0865751559" lon="8.6088238176">
				<ele>1161.8</ele>
			</trkpt>
			<trkpt lat="47.0865701337" lon="8.6088498384">
				<ele>1161.0</ele>
			</trkpt>
			<trkpt lat="47.0865579661" lon="8.6088757163">
				<ele>1160.0</ele>
			</trkpt>
			<trkpt lat="47.0865396083" lon="8.6089258376">
				<ele>1158.6</ele>
			</trkpt>
			<trkpt lat="47.0865238702" lon="8.6089516375">
				<ele>1157.6</ele>
			</trkpt>
			<trkpt lat="47.0865034691" lon="8.6089686164">
				<ele>1156.5</ele>
			</trkpt>
			<trkpt lat="47.0864900625" lon="8.6089996828">
				<ele>1155.5</ele>
			</trkpt>
			<trkpt lat="47.0864739521" lon="8.6090620492">
				<ele>1153.4</ele>
			</trkpt>
			<trkpt lat="47.0864675091" lon="8.6091106921">
				<ele>1152.2</ele>
			</trkpt>
			<trkpt lat="47.0864705918" lon="8.6091578048">
				<ele>1150.9</ele>
			</trkpt>
			<trkpt lat="47.0864808993" lon="8.6091981081">
				<ele>1149.8</ele>
			</trkpt>
			<trkpt lat="47.0864807574" lon="8.6092120396">
				<ele>1149.3</ele>
			</trkpt>
			<trkpt lat="47.0864722844" lon="8.6092258019">
				<ele>1148.6</ele>
			</trkpt>
			<trkpt lat="47.0864696868" lon="8.6092466469">
				<ele>1148.0</ele>
			</trkpt>
			<trkpt lat="47.0864599083" lon="8.6092725768">
				<ele>1147.0</ele>
			</trkpt>
			<trkpt lat="47.0864548816" lon="8.6092985975">
				<ele>1146.3</ele>
			</trkpt>
			<trkpt lat="47.0864473858" lon="8.6093332829">
				<ele>1145.3</ele>
			</trkpt>
			<trkpt lat="47.0864363638" lon="8.6093644011">
				<ele>1144.3</ele>
			</trkpt>
			<trkpt lat="47.0864228597" lon="8.6094041842">
				<ele>1143.2</ele>
			</trkpt>
			<trkpt lat="47.0864213545" lon="8.6094355103">
				<ele>1142.4</ele>
			</trkpt>
			<trkpt lat="47.0864210884" lon="8.6094616348">
				<ele>1141.7</ele>
			</trkpt>
			<trkpt lat="47.0864123491" lon="8.6095015220">
				<ele>1140.7</ele>
			</trkpt>
			<trkpt lat="47.0863940266" lon="8.6095481667">
				<ele>1139.4</ele>
			</trkpt>
			<trkpt lat="47.0863747357" lon="8.6095721370">
				<ele>1138.6</ele>
			</trkpt>
			<trkpt lat="47.0863562532" lon="8.6096344644">
				<ele>1136.9</ele>
			</trkpt>
			<trkpt lat="47.0863511334" lon="8.6096691886">
				<ele>1136.1</ele>
			</trkpt>
			<trkpt lat="47.0863481895" lon="8.6097248882">
				<ele>1135.0</ele>
			</trkpt>
			<trkpt lat="47.0863376610" lon="8.6098239641">
				<ele>1132.8</ele>
			</trkpt>
			<trkpt lat="47.0863215011" lon="8.6098915708">
				<ele>1131.3</ele>
			</trkpt>
			<trkpt lat="47.0863016065" lon="8.6099747688">
				<ele>1129.4</ele>
			</trkpt>
			<trkpt lat="47.0862953761" lon="8.6100025146">
				<ele>1128.6</ele>
			</trkpt>
			<trkpt lat="47.0862997284" lon="8.6100426744">
				<ele>1127.9</ele>
			</trkpt>
			<trkpt lat="47.0862896701" lon="8.6100947285">
				<ele>1126.6</ele>
			</trkpt>
			<trkpt lat="47.0862821829" lon="8.6101294139">
				<ele>1125.4</ele>
			</trkpt>
			<trkpt lat="47.0862663736" lon="8.6101621658">
				<ele>1124.5</ele>
			</trkpt>
			<trkpt lat="47.0862576919" lon="8.6101968252">
				<ele>1123.5</ele>
			</trkpt>
			<trkpt lat="47.0862586112" lon="8.6102229887">
				<ele>1123.1</ele>
			</trkpt>
			<trkpt lat="47.0862679859" lon="8.6102371282">
				<ele>1122.8</ele>
			</trkpt>
			<trkpt lat="47.0862856251" lon="8.6102584156">
				<ele>1122.1</ele>
			</trkpt>
			<trkpt lat="47.0862912874" lon="8.6102864214">
				<ele>1121.5</ele>
			</trkpt>
			<trkpt lat="47.0862913462" lon="8.6103168334">
				<ele>1121.3</ele>
			</trkpt>
			<trkpt lat="47.0862254874" lon="8.6103245468">
				<ele>1119.4</ele>
			</trkpt>
			<trkpt lat="47.0861917402" lon="8.6103248096">
				<ele>1118.4</ele>
			</trkpt>
			<trkpt lat="47.0861506532" lon="8.6103134142">
				<ele>1117.2</ele>
			</trkpt>
			<trkpt lat="47.0861306507" lon="8.6103852036">
				<ele>1115.9</ele>
			</trkpt>
			<trkpt lat="47.0861027017" lon="8.6104608759">
				<ele>1114.0</ele>
			</trkpt>
			<trkpt lat="47.0860772377" lon="8.6105133959">
				<ele>1112.6</ele>
			</trkpt>
			<trkpt lat="47.0860695519" lon="8.6106011410">
				<ele>1110.8</ele>
			</trkpt>
			<trkpt lat="47.0860596083" lon="8.6106871637">
				<ele>1109.4</ele>
			</trkpt>
			<trkpt lat="47.0860586273" lon="8.6107833524">
				<ele>1107.9</ele>
			</trkpt>
			<trkpt lat="47.0860475717" lon="8.6108676914">
				<ele>1106.4</ele>
			</trkpt>
			<trkpt lat="47.0860400212" lon="8.6109421499">
				<ele>1104.8</ele>
			</trkpt>
			<trkpt lat="47.0860348461" lon="8.6110050838">
				<ele>1103.3</ele>
			</trkpt>
			<trkpt lat="47.0860773772" lon="8.6110557596">
				<ele>1102.3</ele>
			</trkpt>
			<trkpt lat="47.0860554306" lon="8.6110967530">
				<ele>1101.4</ele>
			</trkpt>
			<trkpt lat="47.0860246146" lon="8.6111192852">
				<ele>1100.1</ele>
			</trkpt>
			<trkpt lat="47.0859940389" lon="8.6111169564">
				<ele>1099.0</ele>
			</trkpt>
			<trkpt lat="47.0859625383" lon="8.6110963664">
				<ele>1097.4</ele>
			</trkpt>
			<trkpt lat="47.0859410904" lon="8.6110876128">
				<ele>1096.9</ele>
			</trkpt>
			<trkpt lat="47.0859263444" lon="8.6110905962">
				<ele>1096.5</ele>
			</trkpt>
			<trkpt lat="47.0859159395" lon="8.6111102820">
				<ele>1095.8</ele>
			</trkpt>
			<trkpt lat="47.0859028926" lon="8.6111680386">
				<ele>1094.8</ele>
			</trkpt>
			<trkpt lat="47.0858924966" lon="8.6111877117">
				<ele>1094.5</ele>
			</trkpt>
			<trkpt lat="47.0858720763" lon="8.6111905970">
				<ele>1094.0</ele>
			</trkpt>
			<trkpt lat="47.0858393618" lon="8.6111766054">
				<ele>1092.8</ele>
			</trkpt>
			<trkpt lat="47.0858004816" lon="8.6111491239">
				<ele>1092.1</ele>
			</trkpt>
			<trkpt lat="47.0858047903" lon="8.6112443215">
				<ele>1091.3</ele>
			</trkpt>
			<trkpt lat="47.0858142312" lon="8.6112988959">
				<ele>1090.9</ele>
			</trkpt>
			<trkpt lat="47.0858307873" lon="8.6113557065">
				<ele>1090.5</ele>
			</trkpt>
			<trkpt lat="47.0858573390" lon="8.6114127359">
				<ele>1090.0</ele>
			</trkpt>
			<trkpt lat="47.0858825955" lon="8.6114571993">
				<ele>1089.6</ele>
			</trkpt>
			<trkpt lat="47.0859163519" lon="8.6115081174">
				<ele>1089.2</ele>
			</trkpt>
			<trkpt lat="47.0859558176" lon="8.6115591608">
				<ele>1088.6</ele>
			</trkpt>
			<trkpt lat="47.0859739032" lon="8.6116055480">
				<ele>1088.3</ele>
			</trkpt>
			<trkpt lat="47.0859820276" lon="8.6116496363">
				<ele>1087.9</ele>
			</trkpt>
			<trkpt lat="47.0859859255" lon="8.6116873629">
				<ele>1087.8</ele>
			</trkpt>
			<trkpt lat="47.0859767003" lon="8.6117519725">
				<ele>1087.4</ele>
			</trkpt>
			<trkpt lat="47.0859645734" lon="8.6118207072">
				<ele>1087.0</ele>
			</trkpt>
			<trkpt lat="47.0859564082" lon="8.6119208871">
				<ele>1086.2</ele>
			</trkpt>
			<trkpt lat="47.0859585329" lon="8.6119920146">
				<ele>1085.7</ele>
			</trkpt>
			<trkpt lat="47.0859663798" lon="8.6120632803">
				<ele>1085.3</ele>
			</trkpt>
			<trkpt lat="47.0859811881" lon="8.6121514125">
				<ele>1084.7</ele>
			</trkpt>
			<trkpt lat="47.0859986634" lon="8.6122584230">
				<ele>1083.8</ele>
			</trkpt>
			<trkpt lat="47.0860163943" lon="8.6123403632">
				<ele>1083.2</ele>
			</trkpt>
			<trkpt lat="47.0860394033" lon="8.6124642220">
				<ele>1082.3</ele>
			</trkpt>
			<trkpt lat="47.0860168348" lon="8.6124701414">
				<ele>1082.0</ele>
			</trkpt>
			<trkpt lat="47.0859964547" lon="8.6124622141">
				<ele>1081.3</ele>
			</trkpt>
			<trkpt lat="47.0859723155" lon="8.6124485936">
				<ele>1080.1</ele>
			</trkpt>
			<trkpt lat="47.0859518340" lon="8.6124518854">
				<ele>1079.2</ele>
			</trkpt>
			<trkpt lat="47.0859132417" lon="8.6124753658">
				<ele>1076.8</ele>
			</trkpt>
			<trkpt lat="47.0858606536" lon="8.6124929156">
				<ele>1074.4</ele>
			</trkpt>
			<trkpt lat="47.0858147990" lon="8.6124769495">
				<ele>1072.0</ele>
			</trkpt>
			<trkpt lat="47.0857574235" lon="8.6124625880">
				<ele>1069.4</ele>
			</trkpt>
			<trkpt lat="47.0857267520" lon="8.6124619160">
				<ele>1068.2</ele>
			</trkpt>
			<trkpt lat="47.0857009909" lon="8.6124819499">
				<ele>1066.8</ele>
			</trkpt>
			<trkpt lat="47.0856726842" lon="8.6125000448">
				<ele>1065.4</ele>
			</trkpt>
			<trkpt lat="47.0856455027" lon="8.6125331261">
				<ele>1066.3</ele>
			</trkpt>
			<trkpt lat="47.0856027177" lon="8.6125920743">
				<ele>1064.1</ele>
			</trkpt>
			<trkpt lat="47.0855652402" lon="8.6126324238">
				<ele>1062.3</ele>
			</trkpt>
			<trkpt lat="47.0855443678" lon="8.6126731237">
				<ele>1060.9</ele>
			</trkpt>
			<trkpt lat="47.0855250259" lon="8.6126895446">
				<ele>1061.9</ele>
			</trkpt>
			<trkpt lat="47.0854983794" lon="8.6126702591">
				<ele>1061.7</ele>
			</trkpt>
			<trkpt lat="47.0854792906" lon="8.6126623468">
				<ele>1060.7</ele>
			</trkpt>
			<trkpt lat="47.0854600679" lon="8.6126675363">
				<ele>1059.1</ele>
			</trkpt>
			<trkpt lat="47.0854404203" lon="8.6127139000">
				<ele>1058.7</ele>
			</trkpt>
			<trkpt lat="47.0854309393" lon="8.6127660837">
				<ele>1058.2</ele>
			</trkpt>
			<trkpt lat="47.0854204583" lon="8.6128241326">
				<ele>1059.0</ele>
			</trkpt>
			<trkpt lat="47.0854087981" lon="8.6128595949">
				<ele>1059.0</ele>
			</trkpt>
			<trkpt lat="47.0853866804" lon="8.6128686850">
				<ele>1058.4</ele>
			</trkpt>
			<trkpt lat="47.0853741683" lon="8.6128701495">
				<ele>1057.9</ele>
			</trkpt>
			<trkpt lat="47.0853580455" lon="8.6128758939">
				<ele>1057.2</ele>
			</trkpt>
			<trkpt lat="47.0853388696" lon="8.6128894207">
				<ele>1056.8</ele>
			</trkpt>
			<trkpt lat="47.0853298745" lon="8.6128953217">
				<ele>1056.6</ele>
			</trkpt>
			<trkpt lat="47.0853136983" lon="8.6129062937">
				<ele>1056.4</ele>
			</trkpt>
			<trkpt lat="47.0852992030" lon="8.6129277463">
				<ele>1056.0</ele>
			</trkpt>
			<trkpt lat="47.0852847032" lon="8.6129483432">
				<ele>1055.6</ele>
			</trkpt>
			<trkpt lat="47.0852620590" lon="8.6129522062">
				<ele>1055.0</ele>
			</trkpt>
			<trkpt lat="47.0852388979" lon="8.6129473393">
				<ele>1054.7</ele>
			</trkpt>
			<trkpt lat="47.0852281508" lon="8.6129514629">
				<ele>1054.7</ele>
			</trkpt>
			<trkpt lat="47.0852149035" lon="8.6129659760">
				<ele>1053.8</ele>
			</trkpt>
			<trkpt lat="47.0852016295" lon="8.6129839786">
				<ele>1053.7</ele>
			</trkpt>
			<trkpt lat="47.0851745507" lon="8.6130138743">
				<ele>1053.4</ele>
			</trkpt>
			<trkpt lat="47.0851570332" lon="8.6130387509">
				<ele>1052.7</ele>
			</trkpt>
			<trkpt lat="47.0851413786" lon="8.6130575837">
				<ele>1051.9</ele>
			</trkpt>
			<trkpt lat="47.0851280691" lon="8.6130781931">
				<ele>1051.2</ele>
			</trkpt>
			<trkpt lat="47.0851165823" lon="8.6130962348">
				<ele>1050.8</ele>
			</trkpt>
			<trkpt lat="47.0851020245" lon="8.6131229278">
				<ele>1050.3</ele>
			</trkpt>
			<trkpt lat="47.0850834459" lon="8.6131364545">
				<ele>1049.8</ele>
			</trkpt>
			<trkpt lat="47.0850635614" lon="8.6131604102">
				<ele>1049.5</ele>
			</trkpt>
			<trkpt lat="47.0850395136" lon="8.6131842741">
				<ele>1049.6</ele>
			</trkpt>
			<trkpt lat="47.0850232529" lon="8.6132030934">
				<ele>1050.1</ele>
			</trkpt>
			<trkpt lat="47.0850141286" lon="8.6132229254">
				<ele>1050.2</ele>
			</trkpt>
			<trkpt lat="47.0850032439" lon="8.6132392419">
				<ele>1049.8</ele>
			</trkpt>
			<trkpt lat="47.0849911510" lon="8.6132581393">
				<ele>1049.4</ele>
			</trkpt>
			<trkpt lat="47.0849796687" lon="8.6132753118">
				<ele>1049.2</ele>
			</trkpt>
			<trkpt lat="47.0849669963" lon="8.6132924582">
				<ele>1048.8</ele>
			</trkpt>
			<trkpt lat="47.0849500894" lon="8.6133164790">
				<ele>1048.5</ele>
			</trkpt>
			<trkpt lat="47.0849373103" lon="8.6133440670">
				<ele>1048.2</ele>
			</trkpt>
			<trkpt lat="47.0849019016" lon="8.6134015818">
				<ele>1047.5</ele>
			</trkpt>
			<trkpt lat="47.0848378804" lon="8.6135109654">
				<ele>1045.8</ele>
			</trkpt>
			<trkpt lat="47.0847849520" lon="8.6135621959">
				<ele>1043.5</ele>
			</trkpt>
			<trkpt lat="47.0847135728" lon="8.6136672956">
				<ele>1036.8</ele>
			</trkpt>
			<trkpt lat="47.0846316724" lon="8.6138021001">
				<ele>1032.8</ele>
			</trkpt>
			<trkpt lat="47.0845942326" lon="8.6138387215">
				<ele>1031.4</ele>
			</trkpt>
			<trkpt lat="47.0845693153" lon="8.6138999167">
				<ele>1030.5</ele>
			</trkpt>
			<trkpt lat="47.0845604462" lon="8.6140176211">
				<ele>1027.7</ele>
			</trkpt>
			<trkpt lat="47.0845619794" lon="8.6141168258">
				<ele>1025.9</ele>
			</trkpt>
			<trkpt lat="47.0845622328" lon="8.6142178857">
				<ele>1024.6</ele>
			</trkpt>
			<trkpt lat="47.0845739983" lon="8.6143173146">
				<ele>1023.2</ele>
			</trkpt>
			<trkpt lat="47.0845756315" lon="8.6143556358">
				<ele>1022.4</ele>
			</trkpt>
			<trkpt lat="47.0845784309" lon="8.6143722526">
				<ele>1022.4</ele>
			</trkpt>
			<trkpt lat="47.0845859686" lon="8.6143915801">
				<ele>1022.0</ele>
			</trkpt>
			<trkpt lat="47.0845917724" lon="8.6144065111">
				<ele>1021.5</ele>
			</trkpt>
			<trkpt lat="47.0845979374" lon="8.6144432328">
				<ele>1021.1</ele>
			</trkpt>
			<trkpt lat="47.0845976075" lon="8.6144754659">
				<ele>1020.3</ele>
			</trkpt>
			<trkpt lat="47.0845961056" lon="8.6145059218">
				<ele>1019.7</ele>
			</trkpt>
			<trkpt lat="47.0845994087" lon="8.6145321241">
				<ele>1019.4</ele>
			</trkpt>
			<trkpt lat="47.0846050698" lon="8.6145601296">
				<ele>1019.0</ele>
			</trkpt>
			<trkpt lat="47.0846095053" lon="8.6145915847">
				<ele>1018.6</ele>
			</trkpt>
			<trkpt lat="47.0846104279" lon="8.6146186167">
				<ele>1018.5</ele>
			</trkpt>
			<trkpt lat="47.0846060151" lon="8.6146429113">
				<ele>1018.5</ele>
			</trkpt>
			<trkpt lat="47.0846032114" lon="8.6146837953">
				<ele>1018.4</ele>
			</trkpt>
			<trkpt lat="47.0846046515" lon="8.6147177928">
				<ele>1017.9</ele>
			</trkpt>
			<trkpt lat="47.0846083913" lon="8.6147596900">
				<ele>1017.2</ele>
			</trkpt>
			<trkpt lat="47.0846145116" lon="8.6148007704">
				<ele>1016.7</ele>
			</trkpt>
			<trkpt lat="47.0846201146" lon="8.6148348721">
				<ele>1016.3</ele>
			</trkpt>
			<trkpt lat="47.0846173114" lon="8.6148907314">
				<ele>1015.1</ele>
			</trkpt>
			<trkpt lat="47.0846113599" lon="8.6149370250">
				<ele>1014.4</ele>
			</trkpt>
			<trkpt lat="47.0846108414" lon="8.6149559393">
				<ele>1014.4</ele>
			</trkpt>
			<trkpt lat="47.0846118424" lon="8.6149744392">
				<ele>1014.2</ele>
			</trkpt>
			<trkpt lat="47.0846136955" lon="8.6149963820">
				<ele>1013.8</ele>
			</trkpt>
			<trkpt lat="47.0846131471" lon="8.6150182058">
				<ele>1013.4</ele>
			</trkpt>
			<trkpt lat="47.0846079786" lon="8.6150485152">
				<ele>1012.4</ele>
			</trkpt>
			<trkpt lat="47.0846081972" lon="8.6151082598">
				<ele>1011.5</ele>
			</trkpt>
			<trkpt lat="47.0846082494" lon="8.6151568058">
				<ele>1010.4</ele>
			</trkpt>
			<trkpt lat="47.0846062689" lon="8.6151717634">
				<ele>1010.2</ele>
			</trkpt>
			<trkpt lat="47.0846042687" lon="8.6151886429">
				<ele>1010.2</ele>
			</trkpt>
			<trkpt lat="47.0846060533" lon="8.6152164186">
				<ele>1009.6</ele>
			</trkpt>
			<trkpt lat="47.0846015049" lon="8.6152457931">
				<ele>1009.1</ele>
			</trkpt>
			<trkpt lat="47.0845817896" lon="8.6153098154">
				<ele>1008.0</ele>
			</trkpt>
			<trkpt lat="47.0845746991" lon="8.6153502231">
				<ele>1007.1</ele>
			</trkpt>
			<trkpt lat="47.0845798811" lon="8.6153713701">
				<ele>1006.8</ele>
			</trkpt>
			<trkpt lat="47.0845928849" lon="8.6154201347">
				<ele>1006.4</ele>
			</trkpt>
			<trkpt lat="47.0846031181" lon="8.6154468972">
				<ele>1006.0</ele>
			</trkpt>
			<trkpt lat="47.0846064764" lon="8.6154694128">
				<ele>1005.5</ele>
			</trkpt>
			<trkpt lat="47.0846114471" lon="8.6155094937">
				<ele>1005.1</ele>
			</trkpt>
			<trkpt lat="47.0846255170" lon="8.6155699502">
				<ele>1004.0</ele>
			</trkpt>
			<trkpt lat="47.0846398748" lon="8.6156061675">
				<ele>1003.3</ele>
			</trkpt>
			<trkpt lat="47.0846632105" lon="8.6156467308">
				<ele>1002.8</ele>
			</trkpt>
			<trkpt lat="47.0846779745" lon="8.6156737379">
				<ele>1002.3</ele>
			</trkpt>
			<trkpt lat="47.0846864773" lon="8.6156936011">
				<ele>1002.0</ele>
			</trkpt>
			<trkpt lat="47.0846999941" lon="8.6157501605">
				<ele>1001.2</ele>
			</trkpt>
			<trkpt lat="47.0847141219" lon="8.6158062602">
				<ele>1000.3</ele>
			</trkpt>
			<trkpt lat="47.0847351735" lon="8.6158622481">
				<ele>999.5</ele>
			</trkpt>
			<trkpt lat="47.0847808498" lon="8.6159787672">
				<ele>997.9</ele>
			</trkpt>
			<trkpt lat="47.0847928022" lon="8.6160143651">
				<ele>997.3</ele>
			</trkpt>
			<trkpt lat="47.0848024619" lon="8.6160653749">
				<ele>996.5</ele>
			</trkpt>
			<trkpt lat="47.0848178358" lon="8.6161438777">
				<ele>995.2</ele>
			</trkpt>
			<trkpt lat="47.0848270799" lon="8.6162045717">
				<ele>994.4</ele>
			</trkpt>
			<trkpt lat="47.0848341707" lon="8.6162704998">
				<ele>993.1</ele>
			</trkpt>
			<trkpt lat="47.0848327012" lon="8.6163461696">
				<ele>991.6</ele>
			</trkpt>
			<trkpt lat="47.0848355304" lon="8.6164142948">
				<ele>990.3</ele>
			</trkpt>
			<trkpt lat="47.0848353019" lon="8.6164875956">
				<ele>989.2</ele>
			</trkpt>
			<trkpt lat="47.0848314341" lon="8.6165092410">
				<ele>988.5</ele>
			</trkpt>
			<trkpt lat="47.0848218016" lon="8.6165344742">
				<ele>988.1</ele>
			</trkpt>
			<trkpt lat="47.0848219372" lon="8.6165495306">
				<ele>987.7</ele>
			</trkpt>
			<trkpt lat="47.0848345357" lon="8.6165807839">
				<ele>987.7</ele>
			</trkpt>
			<trkpt lat="47.0848310679" lon="8.6166204159">
				<ele>987.0</ele>
			</trkpt>
			<trkpt lat="47.0848311690" lon="8.6166641166">
				<ele>986.4</ele>
			</trkpt>
			<trkpt lat="47.0848400652" lon="8.6167154393">
				<ele>985.6</ele>
			</trkpt>
			<trkpt lat="47.0848619842" lon="8.6168131832">
				<ele>984.2</ele>
			</trkpt>
			<trkpt lat="47.0848807348" lon="8.6168823438">
				<ele>983.2</ele>
			</trkpt>
			<trkpt lat="47.0848838342" lon="8.6169159435">
				<ele>983.0</ele>
			</trkpt>
			<trkpt lat="47.0848797550" lon="8.6169779114">
				<ele>982.3</ele>
			</trkpt>
			<trkpt lat="47.0848666313" lon="8.6170295921">
				<ele>981.3</ele>
			</trkpt>
			<trkpt lat="47.0848547479" lon="8.6170712651">
				<ele>980.4</ele>
			</trkpt>
			<trkpt lat="47.0848440881" lon="8.6171045623">
				<ele>979.4</ele>
			</trkpt>
			<trkpt lat="47.0848404220" lon="8.6171279506">
				<ele>978.8</ele>
			</trkpt>
			<trkpt lat="47.0848400265" lon="8.6171665176">
				<ele>978.0</ele>
			</trkpt>
			<trkpt lat="47.0848439766" lon="8.6174516729">
				<ele>973.1</ele>
			</trkpt>
			<trkpt lat="47.0848471342" lon="8.6175909257">
				<ele>970.5</ele>
			</trkpt>
			<trkpt lat="47.0848474074" lon="8.6176747728">
				<ele>968.9</ele>
			</trkpt>
			<trkpt lat="47.0848396618" lon="8.6177601033">
				<ele>967.4</ele>
			</trkpt>
			<trkpt lat="47.0848344879" lon="8.6178186893">
				<ele>966.6</ele>
			</trkpt>
			<trkpt lat="47.0848359888" lon="8.6178941874">
				<ele>965.5</ele>
			</trkpt>
			<trkpt lat="47.0848376835" lon="8.6179529109">
				<ele>964.5</ele>
			</trkpt>
			<trkpt lat="47.0848502986" lon="8.6180638444">
				<ele>963.0</ele>
			</trkpt>
			<trkpt lat="47.0848542723" lon="8.6181226449">
				<ele>962.6</ele>
			</trkpt>
			<trkpt lat="47.0848560016" lon="8.6181780106">
				<ele>962.4</ele>
			</trkpt>
			<trkpt lat="47.0848517860" lon="8.6182258055">
				<ele>962.4</ele>
			</trkpt>
			<trkpt lat="47.0848701326" lon="8.6182691837">
				<ele>962.5</ele>
			</trkpt>
			<trkpt lat="47.0848862663" lon="8.6182987763">
				<ele>962.6</ele>
			</trkpt>
			<trkpt lat="47.0848506395" lon="8.6183375154">
				<ele>961.9</ele>
			</trkpt>
			<trkpt lat="47.0848318165" lon="8.6183405389">
				<ele>961.6</ele>
			</trkpt>
			<trkpt lat="47.0848131301" lon="8.6183315401">
				<ele>961.2</ele>
			</trkpt>
			<trkpt lat="47.0847829915" lon="8.6182930654">
				<ele>960.7</ele>
			</trkpt>
			<trkpt lat="47.0847564854" lon="8.6182443443">
				<ele>959.6</ele>
			</trkpt>
			<trkpt lat="47.0846990695" lon="8.6181175818">
				<ele>956.3</ele>
			</trkpt>
			<trkpt lat="47.0846622348" lon="8.6180462975">
				<ele>954.6</ele>
			</trkpt>
			<trkpt lat="47.0846309503" lon="8.6180043467">
				<ele>953.5</ele>
			</trkpt>
			<trkpt lat="47.0845901922" lon="8.6179725000">
				<ele>952.2</ele>
			</trkpt>
			<trkpt lat="47.0845052468" lon="8.6178967196">
				<ele>949.6</ele>
			</trkpt>
			<trkpt lat="47.0843922698" lon="8.6178065602">
				<ele>945.9</ele>
			</trkpt>
			<trkpt lat="47.0842595482" lon="8.6176953545">
				<ele>941.4</ele>
			</trkpt>
			<trkpt lat="47.0841498787" lon="8.6176141845">
				<ele>937.7</ele>
			</trkpt>
			<trkpt lat="47.0840258720" lon="8.6175252448">
				<ele>933.8</ele>
			</trkpt>
			<trkpt lat="47.0839794626" lon="8.6174820805">
				<ele>931.7</ele>
			</trkpt>
			<trkpt lat="47.0839509462" lon="8.6174704165">
				<ele>930.6</ele>
			</trkpt>
			<trkpt lat="47.0839437821" lon="8.6174592488">
				<ele>930.3</ele>
			</trkpt>
			<trkpt lat="47.0839246539" lon="8.6174141028">
				<ele>929.0</ele>
			</trkpt>
			<trkpt lat="47.0839134347" lon="8.6173982889">
				<ele>928.7</ele>
			</trkpt>
			<trkpt lat="47.0839012130" lon="8.6173941214">
				<ele>928.3</ele>
			</trkpt>
			<trkpt lat="47.0838907252" lon="8.6173977893">
				<ele>928.0</ele>
			</trkpt>
			<trkpt lat="47.0838809979" lon="8.6174189629">
				<ele>927.7</ele>
			</trkpt>
			<trkpt lat="47.0838712285" lon="8.6174433764">
				<ele>927.0</ele>
			</trkpt>
			<trkpt lat="47.0838762037" lon="8.6174953619">
				<ele>926.1</ele>
			</trkpt>
			<trkpt lat="47.0838865818" lon="8.6176505615">
				<ele>923.4</ele>
			</trkpt>
			<trkpt lat="47.0838921666" lon="8.6178875855">
				<ele>919.4</ele>
			</trkpt>
			<trkpt lat="47.0838926418" lon="8.6179958004">
				<ele>917.6</ele>
			</trkpt>
			<trkpt lat="47.0838826348" lon="8.6180433735">
				<ele>917.1</ele>
			</trkpt>
			<trkpt lat="47.0838638486" lon="8.6180732122">
				<ele>916.6</ele>
			</trkpt>
			<trkpt lat="47.0838347067" lon="8.6181096698">
				<ele>915.5</ele>
			</trkpt>
			<trkpt lat="47.0838037268" lon="8.6181197873">
				<ele>914.9</ele>
			</trkpt>
			<trkpt lat="47.0837652244" lon="8.6181258278">
				<ele>914.1</ele>
			</trkpt>
			<trkpt lat="47.0837032338" lon="8.6181499204">
				<ele>913.4</ele>
			</trkpt>
			<trkpt lat="47.0836301521" lon="8.6181855039">
				<ele>912.0</ele>
			</trkpt>
			<trkpt lat="47.0835547264" lon="8.6182551579">
				<ele>910.8</ele>
			</trkpt>
			<trkpt lat="47.0835057380" lon="8.6182843837">
				<ele>910.1</ele>
			</trkpt>
			<trkpt lat="47.0834895916" lon="8.6183279363">
				<ele>910.3</ele>
			</trkpt>
			<trkpt lat="47.0834606871" lon="8.6183361234">
				<ele>910.0</ele>
			</trkpt>
			<trkpt lat="47.0834253315" lon="8.6183753949">
				<ele>909.7</ele>
			</trkpt>
			<trkpt lat="47.0834142896" lon="8.6183829745">
				<ele>909.3</ele>
			</trkpt>
			<trkpt lat="47.0834019526" lon="8.6183797794">
				<ele>908.8</ele>
			</trkpt>
			<trkpt lat="47.0833820459" lon="8.6183784055">
				<ele>907.9</ele>
			</trkpt>
			<trkpt lat="47.0833757916" lon="8.6183890147">
				<ele>907.7</ele>
			</trkpt>
			<trkpt lat="47.0833652809" lon="8.6184141616">
				<ele>907.2</ele>
			</trkpt>
			<trkpt lat="47.0833563069" lon="8.6184188497">
				<ele>907.1</ele>
			</trkpt>
			<trkpt lat="47.0833426240" lon="8.6184136894">
				<ele>906.4</ele>
			</trkpt>
			<trkpt lat="47.0833145840" lon="8.6184014295">
				<ele>905.7</ele>
			</trkpt>
			<trkpt lat="47.0833049246" lon="8.6184061161">
				<ele>905.4</ele>
			</trkpt>
			<trkpt lat="47.0832896820" lon="8.6184223875">
				<ele>904.6</ele>
			</trkpt>
			<trkpt lat="47.0832687022" lon="8.6184677697">
				<ele>903.4</ele>
			</trkpt>
			<trkpt lat="47.0832429757" lon="8.6185805951">
				<ele>901.4</ele>
			</trkpt>
			<trkpt lat="47.0832236499" lon="8.6186334548">
				<ele>900.9</ele>
			</trkpt>
			<trkpt lat="47.0832079475" lon="8.6186760949">
				<ele>900.2</ele>
			</trkpt>
			<trkpt lat="47.0832040328" lon="8.6187138197">
				<ele>899.9</ele>
			</trkpt>
			<trkpt lat="47.0832013480" lon="8.6187464214">
				<ele>899.8</ele>
			</trkpt>
			<trkpt lat="47.0831951497" lon="8.6187789457">
				<ele>899.6</ele>
			</trkpt>
			<trkpt lat="47.0831844245" lon="8.6187941837">
				<ele>898.9</ele>
			</trkpt>
			<trkpt lat="47.0831474570" lon="8.6188483797">
				<ele>898.1</ele>
			</trkpt>
			<trkpt lat="47.0831340910" lon="8.6188927706">
				<ele>897.5</ele>
			</trkpt>
			<trkpt lat="47.0831277604" lon="8.6189373298">
				<ele>896.5</ele>
			</trkpt>
			<trkpt lat="47.0831406266" lon="8.6190562201">
				<ele>894.0</ele>
			</trkpt>
			<trkpt lat="47.0831411196" lon="8.6191232647">
				<ele>892.0</ele>
			</trkpt>
			<trkpt lat="47.0831319098" lon="8.6192193337">
				<ele>889.2</ele>
			</trkpt>
			<trkpt lat="47.0831326189" lon="8.6192640473">
				<ele>888.4</ele>
			</trkpt>
			<trkpt lat="47.0831381375" lon="8.6192985418">
				<ele>887.6</ele>
			</trkpt>
			<trkpt lat="47.0831389078" lon="8.6193193408">
				<ele>887.0</ele>
			</trkpt>
			<trkpt lat="47.0831444560" lon="8.6193719050">
				<ele>885.7</ele>
			</trkpt>
			<trkpt lat="47.0831386974" lon="8.6193983942">
				<ele>884.8</ele>
			</trkpt>
			<trkpt lat="47.0831174967" lon="8.6194284810">
				<ele>883.6</ele>
			</trkpt>
			<trkpt lat="47.0831394143" lon="8.6195167404">
				<ele>881.6</ele>
			</trkpt>
			<trkpt lat="47.0831379201" lon="8.6195334727">
				<ele>881.4</ele>
			</trkpt>
			<trkpt lat="47.0830923680" lon="8.6195304803">
				<ele>880.1</ele>
			</trkpt>
			<trkpt lat="47.0830617094" lon="8.6195375219">
				<ele>879.6</ele>
			</trkpt>
			<trkpt lat="47.0831352669" lon="8.6197890924">
				<ele>877.1</ele>
			</trkpt>
			<trkpt lat="47.0831530572" lon="8.6198647503">
				<ele>876.4</ele>
			</trkpt>
			<trkpt lat="47.0831693815" lon="8.6199445502">
				<ele>875.6</ele>
			</trkpt>
			<trkpt lat="47.0832157443" lon="8.6201588309">
				<ele>873.5</ele>
			</trkpt>
			<trkpt lat="47.0832854208" lon="8.6204656045">
				<ele>870.1</ele>
			</trkpt>
			<trkpt lat="47.0833087091" lon="8.6205622978">
				<ele>868.9</ele>
			</trkpt>
			<trkpt lat="47.0833239794" lon="8.6206044488">
				<ele>868.5</ele>
			</trkpt>
			<trkpt lat="47.0833448604" lon="8.6206571667">
				<ele>867.7</ele>
			</trkpt>
			<trkpt lat="47.0833686602" lon="8.6207036945">
				<ele>867.1</ele>
			</trkpt>
			<trkpt lat="47.0833925505" lon="8.6207418479">
				<ele>866.7</ele>
			</trkpt>
			<trkpt lat="47.0834364008" lon="8.6207834437">
				<ele>865.9</ele>
			</trkpt>
			<trkpt lat="47.0835212098" lon="8.6208680486">
				<ele>864.7</ele>
			</trkpt>
			<trkpt lat="47.0835605251" lon="8.6209337247">
				<ele>864.0</ele>
			</trkpt>
			<trkpt lat="47.0835912204" lon="8.6210033994">
				<ele>863.3</ele>
			</trkpt>
			<trkpt lat="47.0836175180" lon="8.6210855152">
				<ele>862.5</ele>
			</trkpt>
			<trkpt lat="47.0836492363" lon="8.6211949318">
				<ele>861.4</ele>
			</trkpt>
			<trkpt lat="47.0836741792" lon="8.6212686549">
				<ele>860.7</ele>
			</trkpt>
			<trkpt lat="47.0837008209" lon="8.6213173264">
				<ele>860.0</ele>
			</trkpt>
			<trkpt lat="47.0837234082" lon="8.6213429132">
				<ele>859.5</ele>
			</trkpt>
			<trkpt lat="47.0837559437" lon="8.6213729085">
				<ele>858.8</ele>
			</trkpt>
			<trkpt lat="47.0838340455" lon="8.6214164469">
				<ele>857.5</ele>
			</trkpt>
			<trkpt lat="47.0839284925" lon="8.6214595563">
				<ele>856.1</ele>
			</trkpt>
			<trkpt lat="47.0840008647" lon="8.6215006905">
				<ele>855.3</ele>
			</trkpt>
			<trkpt lat="47.0839711147" lon="8.6215278486">
				<ele>855.4</ele>
			</trkpt>
			<trkpt lat="47.0839117453" lon="8.6215528250">
				<ele>853.6</ele>
			</trkpt>
			<trkpt lat="47.0838651391" lon="8.6215681796">
				<ele>852.5</ele>
			</trkpt>
			<trkpt lat="47.0838497319" lon="8.6215816028">
				<ele>852.1</ele>
			</trkpt>
			<trkpt lat="47.0838472190" lon="8.6215969951">
				<ele>851.8</ele>
			</trkpt>
			<trkpt lat="47.0838480686" lon="8.6216296752">
				<ele>851.0</ele>
			</trkpt>
			<trkpt lat="47.0838544849" lon="8.6216899902">
				<ele>849.5</ele>
			</trkpt>
			<trkpt lat="47.0838540072" lon="8.6217363911">
				<ele>848.5</ele>
			</trkpt>
			<trkpt lat="47.0838625032" lon="8.6218242510">
				<ele>846.8</ele>
			</trkpt>
			<trkpt lat="47.0838642643" lon="8.6218810259">
				<ele>845.6</ele>
			</trkpt>
			<trkpt lat="47.0838739415" lon="8.6219671868">
				<ele>843.8</ele>
			</trkpt>
			<trkpt lat="47.0838736407" lon="8.6219964043">
				<ele>843.3</ele>
			</trkpt>
			<trkpt lat="47.0838589327" lon="8.6220562543">
				<ele>840.8</ele>
			</trkpt>
			<trkpt lat="47.0838193754" lon="8.6221344390">
				<ele>837.6</ele>
			</trkpt>
			<trkpt lat="47.0837786188" lon="8.6222160487">
				<ele>834.3</ele>
			</trkpt>
			<trkpt lat="47.0837472780" lon="8.6222944292">
				<ele>831.7</ele>
			</trkpt>
			<trkpt lat="47.0837172645" lon="8.6223590884">
				<ele>830.0</ele>
			</trkpt>
			<trkpt lat="47.0836981051" lon="8.6223947634">
				<ele>829.1</ele>
			</trkpt>
			<trkpt lat="47.0836754988" lon="8.6224234881">
				<ele>828.2</ele>
			</trkpt>
			<trkpt lat="47.0836648970" lon="8.6224266925">
				<ele>827.9</ele>
			</trkpt>
			<trkpt lat="47.0836508794" lon="8.6224195069">
				<ele>827.8</ele>
			</trkpt>
			<trkpt lat="47.0836392332" lon="8.6224106502">
				<ele>827.7</ele>
			</trkpt>
			<trkpt lat="47.0836297905" lon="8.6224156166">
				<ele>827.2</ele>
			</trkpt>
			<trkpt lat="47.0836283792" lon="8.6224379223">
				<ele>826.4</ele>
			</trkpt>
			<trkpt lat="47.0836306443" lon="8.6224785881">
				<ele>825.0</ele>
			</trkpt>
			<trkpt lat="47.0836247922" lon="8.6225503274">
				<ele>823.2</ele>
			</trkpt>
			<trkpt lat="47.0836180252" lon="8.6226162123">
				<ele>821.8</ele>
			</trkpt>
			<trkpt lat="47.0836087581" lon="8.6226373943">
				<ele>821.2</ele>
			</trkpt>
			<trkpt lat="47.0835822331" lon="8.6226576305">
				<ele>820.6</ele>
			</trkpt>
			<trkpt lat="47.0835663224" lon="8.6226747155">
				<ele>820.1</ele>
			</trkpt>
			<trkpt lat="47.0835523821" lon="8.6226821916">
				<ele>819.7</ele>
			</trkpt>
			<trkpt lat="47.0834928222" lon="8.6227213722">
				<ele>818.4</ele>
			</trkpt>
			<trkpt lat="47.0834411082" lon="8.6227536685">
				<ele>817.4</ele>
			</trkpt>
			<trkpt lat="47.0833769292" lon="8.6227772990">
				<ele>816.1</ele>
			</trkpt>
			<trkpt lat="47.0832998212" lon="8.6228083088">
				<ele>814.6</ele>
			</trkpt>
			<trkpt lat="47.0832227088" lon="8.6228393184">
				<ele>814.3</ele>
			</trkpt>
			<trkpt lat="47.0833361316" lon="8.6234599383">
				<ele>811.9</ele>
			</trkpt>
			<trkpt lat="47.0834132793" lon="8.6239098938">
				<ele>809.3</ele>
			</trkpt>
			<trkpt lat="47.0834859708" lon="8.6242372587">
				<ele>806.2</ele>
			</trkpt>
			<trkpt lat="47.0835576013" lon="8.6244838697">
				<ele>803.8</ele>
			</trkpt>
			<trkpt lat="47.0835773082" lon="8.6246012418">
				<ele>802.7</ele>
			</trkpt>
			<trkpt lat="47.0835840816" lon="8.6246821362">
				<ele>801.9</ele>
			</trkpt>
			<trkpt lat="47.0835849579" lon="8.6247823784">
				<ele>801.0</ele>
			</trkpt>
			<trkpt lat="47.0835704974" lon="8.6248934365">
				<ele>799.9</ele>
			</trkpt>
			<trkpt lat="47.0835267008" lon="8.6250817840">
				<ele>798.0</ele>
			</trkpt>
			<trkpt lat="47.0834595017" lon="8.6253281136">
				<ele>795.7</ele>
			</trkpt>
			<trkpt lat="47.0834372304" lon="8.6254584763">
				<ele>794.7</ele>
			</trkpt>
			<trkpt lat="47.0834266026" lon="8.6255668266">
				<ele>794.1</ele>
			</trkpt>
			<trkpt lat="47.0834236986" lon="8.6256642061">
				<ele>793.5</ele>
			</trkpt>
			<trkpt lat="47.0834330617" lon="8.6258620935">
				<ele>792.7</ele>
			</trkpt>
			<trkpt lat="47.0834404981" lon="8.6260627168">
				<ele>792.1</ele>
			</trkpt>
			<trkpt lat="47.0834374210" lon="8.6261768184">
				<ele>791.8</ele>
			</trkpt>
			<trkpt lat="47.0834247420" lon="8.6262990303">
				<ele>791.5</ele>
			</trkpt>
			<trkpt lat="47.0833999189" lon="8.6264933810">
				<ele>790.9</ele>
			</trkpt>
			<trkpt lat="47.0832980447" lon="8.6267806880">
				<ele>789.8</ele>
			</trkpt>
			<trkpt lat="47.0830929612" lon="8.6273510677">
				<ele>787.4</ele>
			</trkpt>
			<trkpt lat="47.0830610855" lon="8.6274408502">
				<ele>787.0</ele>
			</trkpt>
			<trkpt lat="47.0830337807" lon="8.6275070681">
				<ele>786.7</ele>
			</trkpt>
			<trkpt lat="47.0829929827" lon="8.6275896988">
				<ele>786.3</ele>
			</trkpt>
			<trkpt lat="47.0829119141" lon="8.6277048470">
				<ele>785.8</ele>
			</trkpt>
			<trkpt lat="47.0828042426" lon="8.6278165998">
				<ele>785.1</ele>
			</trkpt>
			<trkpt lat="47.0827695300" lon="8.6278631614">
				<ele>784.9</ele>
			</trkpt>
			<trkpt lat="47.0827404624" lon="8.6279154059">
				<ele>784.8</ele>
			</trkpt>
			<trkpt lat="47.0827228655" lon="8.6279623605">
				<ele>784.8</ele>
			</trkpt>
			<trkpt lat="47.0826893883" lon="8.6280729802">
				<ele>784.6</ele>
			</trkpt>
			<trkpt lat="47.0826731996" lon="8.6281672847">
				<ele>784.0</ele>
			</trkpt>
			<trkpt lat="47.0826591115" lon="8.6282741996">
				<ele>783.6</ele>
			</trkpt>
			<trkpt lat="47.0825868490" lon="8.6282642323">
				<ele>783.5</ele>
			</trkpt>
			<trkpt lat="47.0825430457" lon="8.6282660518">
				<ele>783.4</ele>
			</trkpt>
			<trkpt lat="47.0824952955" lon="8.6282789253">
				<ele>783.3</ele>
			</trkpt>
			<trkpt lat="47.0824359961" lon="8.6283054889">
				<ele>783.1</ele>
			</trkpt>
			<trkpt lat="47.0823478518" lon="8.6283592789">
				<ele>782.7</ele>
			</trkpt>
			<trkpt lat="47.0823171488" lon="8.6283809061">
				<ele>782.6</ele>
			</trkpt>
			<trkpt lat="47.0822404275" lon="8.6284349496">
				<ele>782.2</ele>
			</trkpt>
			<trkpt lat="47.0820830841" lon="8.6285513120">
				<ele>781.3</ele>
			</trkpt>
			<trkpt lat="47.0819007779" lon="8.6286866498">
				<ele>780.4</ele>
			</trkpt>
			<trkpt lat="47.0817165735" lon="8.6288219309">
				<ele>779.4</ele>
			</trkpt>
			<trkpt lat="47.0815131551" lon="8.6289735096">
				<ele>778.2</ele>
			</trkpt>
			<trkpt lat="47.0812666996" lon="8.6291542330">
				<ele>777.2</ele>
			</trkpt>
		</trkseg>
	</trk>
</gpx>
