<?xml version="1.0"?>
<gpx version="1.1" xmlns="http://www.topografix.com/GPX/1/1" xmlns:xsi="http://www.w3.org/2001/XMLSchema-instance" xsi:schemaLocation="http://www.topografix.com/GPX/1/1 http://www.topografix.com/GPX/1/1/gpx.xsd">
	<metadata>
		<name>Baden_Laegern_Dielsdorf</name>
	</metadata>
	<trk type="hiking">
		<trkseg>
			<trkpt lat="47.4738556915" lon="8.3065934626">
				<ele>386.7</ele>
			</trkpt>
			<trkpt lat="47.4739563951" lon="8.3066432316">
				<ele>384.9</ele>
			</trkpt>
			<trkpt lat="47.4739918851" lon="8.3066628069">
				<ele>385.0</ele>
			</trkpt>
			<trkpt lat="47.4740389349" lon="8.3066904782">
				<ele>379.9</ele>
			</trkpt>
			<trkpt lat="47.4742826927" lon="8.3068338232">
				<ele>385.0</ele>
			</trkpt>
			<trkpt lat="47.4743863563" lon="8.3068935781">
				<ele>385.1</ele>
			</trkpt>
			<trkpt lat="47.4744241829" lon="8.3069182063">
				<ele>385.1</ele>
			</trkpt>
			<trkpt lat="47.4744637354" lon="8.3069620726">
				<ele>385.0</ele>
			</trkpt>
			<trkpt lat="47.4745794830" lon="8.3070477610">
				<ele>385.0</ele>
			</trkpt>
			<trkpt lat="47.4746048010" lon="8.3070695977">
				<ele>385.0</ele>
			</trkpt>
			<trkpt lat="47.4745937180" lon="8.3071297519">
				<ele>384.8</ele>
			</trkpt>
			<trkpt lat="47.4745938727" lon="8.3072074525">
				<ele>384.6</ele>
			</trkpt>
			<trkpt lat="47.4746096040" lon="8.3074879008">
				<ele>384.1</ele>
			</trkpt>
			<trkpt lat="47.4746208323" lon="8.3076839705">
				<ele>383.7</ele>
			</trkpt>
			<trkpt lat="47.4746234113" lon="8.3078411740">
				<ele>383.5</ele>
			</trkpt>
			<trkpt lat="47.4746240633" lon="8.3080047150">
				<ele>383.2</ele>
			</trkpt>
			<trkpt lat="47.4746131512" lon="8.3081246596">
				<ele>383.1</ele>
			</trkpt>
			<trkpt lat="47.4746312943" lon="8.3081352908">
				<ele>383.1</ele>
			</trkpt>
			<trkpt lat="47.4750362901" lon="8.3083967335">
				<ele>382.8</ele>
			</trkpt>
			<trkpt lat="47.4752338386" lon="8.3085200072">
				<ele>382.6</ele>
			</trkpt>
			<trkpt lat="47.4755845770" lon="8.3087553354">
				<ele>382.2</ele>
			</trkpt>
			<trkpt lat="47.4756231125" lon="8.3087811859">
				<ele>382.1</ele>
			</trkpt>
			<trkpt lat="47.4758221227" lon="8.3089002791">
				<ele>381.8</ele>
			</trkpt>
			<trkpt lat="47.4757670359" lon="8.3090394973">
				<ele>381.8</ele>
			</trkpt>
			<trkpt lat="47.4757183529" lon="8.3091608315">
				<ele>381.8</ele>
			</trkpt>
			<trkpt lat="47.4757151188" lon="8.3091866084">
				<ele>381.8</ele>
			</trkpt>
			<trkpt lat="47.4756881818" lon="8.3093980298">
				<ele>381.7</ele>
			</trkpt>
			<trkpt lat="47.4756791759" lon="8.3094677021">
				<ele>354.5</ele>
			</trkpt>
			<trkpt lat="47.4756740962" lon="8.3095068738">
				<ele>354.5</ele>
			</trkpt>
			<trkpt lat="47.4756706352" lon="8.3095388961">
				<ele>354.4</ele>
			</trkpt>
			<trkpt lat="47.4755779156" lon="8.3102551624">
				<ele>354.5</ele>
			</trkpt>
			<trkpt lat="47.4755685249" lon="8.3103339697">
				<ele>354.7</ele>
			</trkpt>
			<trkpt lat="47.4757010514" lon="8.3103698365">
				<ele>354.6</ele>
			</trkpt>
			<trkpt lat="47.4757380179" lon="8.3103915071">
				<ele>354.8</ele>
			</trkpt>
			<trkpt lat="47.4757634899" lon="8.3104214042">
				<ele>355.0</ele>
			</trkpt>
			<trkpt lat="47.4757903130" lon="8.3104618657">
				<ele>355.3</ele>
			</trkpt>
			<trkpt lat="47.4758057075" lon="8.3105042391">
				<ele>355.6</ele>
			</trkpt>
			<trkpt lat="47.4758167961" lon="8.3105486373">
				<ele>355.9</ele>
			</trkpt>
			<trkpt lat="47.4758222374" lon="8.3105845318">
				<ele>356.2</ele>
			</trkpt>
			<trkpt lat="47.4758245808" lon="8.3106519625">
				<ele>356.6</ele>
			</trkpt>
			<trkpt lat="47.4758299583" lon="8.3106962819">
				<ele>356.8</ele>
			</trkpt>
			<trkpt lat="47.4758396489" lon="8.3107364517">
				<ele>357.0</ele>
			</trkpt>
			<trkpt lat="47.4758636841" lon="8.3107684323">
				<ele>357.1</ele>
			</trkpt>
			<trkpt lat="47.4759218419" lon="8.3108199289">
				<ele>357.1</ele>
			</trkpt>
			<trkpt lat="47.4760325486" lon="8.3109080937">
				<ele>357.2</ele>
			</trkpt>
			<trkpt lat="47.4762256068" lon="8.3110586864">
				<ele>357.3</ele>
			</trkpt>
			<trkpt lat="47.4763079427" lon="8.3111232105">
				<ele>357.4</ele>
			</trkpt>
			<trkpt lat="47.4763419379" lon="8.3111595736">
				<ele>357.5</ele>
			</trkpt>
			<trkpt lat="47.4762732501" lon="8.3113690524">
				<ele>357.1</ele>
			</trkpt>
			<trkpt lat="47.4762528128" lon="8.3114276866">
				<ele>359.8</ele>
			</trkpt>
			<trkpt lat="47.4762298267" lon="8.3114462676">
				<ele>360.0</ele>
			</trkpt>
			<trkpt lat="47.4762108512" lon="8.3115007068">
				<ele>361.9</ele>
			</trkpt>
			<trkpt lat="47.4761824240" lon="8.3114833925">
				<ele>362.3</ele>
			</trkpt>
			<trkpt lat="47.4761705895" lon="8.3115379622">
				<ele>364.7</ele>
			</trkpt>
			<trkpt lat="47.4761585360" lon="8.3115845552">
				<ele>364.9</ele>
			</trkpt>
			<trkpt lat="47.4761496153" lon="8.3116534737">
				<ele>364.9</ele>
			</trkpt>
			<trkpt lat="47.4761392109" lon="8.3116901306">
				<ele>366.1</ele>
			</trkpt>
			<trkpt lat="47.4760809484" lon="8.3118755544">
				<ele>367.9</ele>
			</trkpt>
			<trkpt lat="47.4760150150" lon="8.3120977193">
				<ele>370.1</ele>
			</trkpt>
			<trkpt lat="47.4759172307" lon="8.3123783165">
				<ele>373.5</ele>
			</trkpt>
			<trkpt lat="47.4758960807" lon="8.3124276783">
				<ele>373.7</ele>
			</trkpt>
			<trkpt lat="47.4758635745" lon="8.3124907833">
				<ele>373.9</ele>
			</trkpt>
			<trkpt lat="47.4758554503" lon="8.3125065697">
				<ele>374.5</ele>
			</trkpt>
			<trkpt lat="47.4757958510" lon="8.3126222686">
				<ele>375.4</ele>
			</trkpt>
			<trkpt lat="47.4757687671" lon="8.3126748494">
				<ele>377.8</ele>
			</trkpt>
			<trkpt lat="47.4757362517" lon="8.3127379672">
				<ele>379.3</ele>
			</trkpt>
			<trkpt lat="47.4757172920" lon="8.3127747750">
				<ele>379.7</ele>
			</trkpt>
			<trkpt lat="47.4757010433" lon="8.3128063340">
				<ele>380.6</ele>
			</trkpt>
			<trkpt lat="47.4756847857" lon="8.3128378795">
				<ele>380.8</ele>
			</trkpt>
			<trkpt lat="47.4756631147" lon="8.3128799626">
				<ele>381.9</ele>
			</trkpt>
			<trkpt lat="47.4756089375" lon="8.3129851366">
				<ele>383.4</ele>
			</trkpt>
			<trkpt lat="47.4755781694" lon="8.3130383862">
				<ele>383.3</ele>
			</trkpt>
			<trkpt lat="47.4756304670" lon="8.3131022998">
				<ele>383.8</ele>
			</trkpt>
			<trkpt lat="47.4757237370" lon="8.3132301931">
				<ele>384.6</ele>
			</trkpt>
			<trkpt lat="47.4757758774" lon="8.3132982036">
				<ele>385.1</ele>
			</trkpt>
			<trkpt lat="47.4757555928" lon="8.3133329465">
				<ele>385.0</ele>
			</trkpt>
			<trkpt lat="47.4757341318" lon="8.3133389086">
				<ele>385.3</ele>
			</trkpt>
			<trkpt lat="47.4757155851" lon="8.3133365079">
				<ele>386.1</ele>
			</trkpt>
			<trkpt lat="47.4756928052" lon="8.3133277094">
				<ele>386.9</ele>
			</trkpt>
			<trkpt lat="47.4756503035" lon="8.3132827814">
				<ele>388.6</ele>
			</trkpt>
			<trkpt lat="47.4756416941" lon="8.3132889549">
				<ele>388.9</ele>
			</trkpt>
			<trkpt lat="47.4756183573" lon="8.3133538547">
				<ele>391.3</ele>
			</trkpt>
			<trkpt lat="47.4756125509" lon="8.3133664020">
				<ele>391.7</ele>
			</trkpt>
			<trkpt lat="47.4755850606" lon="8.3134143855">
				<ele>392.7</ele>
			</trkpt>
			<trkpt lat="47.4755475378" lon="8.3134664226">
				<ele>394.5</ele>
			</trkpt>
			<trkpt lat="47.4754911588" lon="8.3135581609">
				<ele>397.4</ele>
			</trkpt>
			<trkpt lat="47.4754839383" lon="8.3135685757">
				<ele>397.7</ele>
			</trkpt>
			<trkpt lat="47.4754307287" lon="8.3136182454">
				<ele>400.0</ele>
			</trkpt>
			<trkpt lat="47.4753931668" lon="8.3136765966">
				<ele>402.2</ele>
			</trkpt>
			<trkpt lat="47.4753627848" lon="8.3137287373">
				<ele>404.2</ele>
			</trkpt>
			<trkpt lat="47.4753555324" lon="8.3137433701">
				<ele>404.3</ele>
			</trkpt>
			<trkpt lat="47.4753541819" lon="8.3137456421">
				<ele>404.4</ele>
			</trkpt>
			<trkpt lat="47.4753208216" lon="8.3138017679">
				<ele>406.5</ele>
			</trkpt>
			<trkpt lat="47.4752846738" lon="8.3138622379">
				<ele>408.1</ele>
			</trkpt>
			<trkpt lat="47.4752687074" lon="8.3138956716">
				<ele>408.3</ele>
			</trkpt>
			<trkpt lat="47.4754332395" lon="8.3140415853">
				<ele>409.6</ele>
			</trkpt>
			<trkpt lat="47.4754070269" lon="8.3140418973">
				<ele>409.6</ele>
			</trkpt>
			<trkpt lat="47.4753589824" lon="8.3140424736">
				<ele>410.8</ele>
			</trkpt>
			<trkpt lat="47.4752733673" lon="8.3140347512">
				<ele>412.4</ele>
			</trkpt>
			<trkpt lat="47.4752461791" lon="8.3140427281">
				<ele>412.9</ele>
			</trkpt>
			<trkpt lat="47.4751612733" lon="8.3139816608">
				<ele>413.1</ele>
			</trkpt>
			<trkpt lat="47.4749649687" lon="8.3138362472">
				<ele>413.7</ele>
			</trkpt>
			<trkpt lat="47.4747807075" lon="8.3137158534">
				<ele>415.1</ele>
			</trkpt>
			<trkpt lat="47.4746665819" lon="8.3136304548">
				<ele>415.3</ele>
			</trkpt>
			<trkpt lat="47.4744911099" lon="8.3135621165">
				<ele>418.9</ele>
			</trkpt>
			<trkpt lat="47.4743111451" lon="8.3134801738">
				<ele>422.1</ele>
			</trkpt>
			<trkpt lat="47.4741996510" lon="8.3134512527">
				<ele>424.8</ele>
			</trkpt>
			<trkpt lat="47.4740878322" lon="8.3134652151">
				<ele>429.5</ele>
			</trkpt>
			<trkpt lat="47.4740238432" lon="8.3134916108">
				<ele>433.2</ele>
			</trkpt>
			<trkpt lat="47.4739739408" lon="8.3134428877">
				<ele>434.1</ele>
			</trkpt>
			<trkpt lat="47.4739627255" lon="8.3134415759">
				<ele>434.2</ele>
			</trkpt>
			<trkpt lat="47.4739936348" lon="8.3135231248">
				<ele>435.1</ele>
			</trkpt>
			<trkpt lat="47.4740366439" lon="8.3136128324">
				<ele>436.2</ele>
			</trkpt>
			<trkpt lat="47.4740564543" lon="8.3136729339">
				<ele>437.1</ele>
			</trkpt>
			<trkpt lat="47.4740656098" lon="8.3137122850">
				<ele>437.7</ele>
			</trkpt>
			<trkpt lat="47.4740888558" lon="8.3137950218">
				<ele>440.2</ele>
			</trkpt>
			<trkpt lat="47.4740968485" lon="8.3138097721">
				<ele>440.6</ele>
			</trkpt>
			<trkpt lat="47.4741066894" lon="8.3138192333">
				<ele>441.1</ele>
			</trkpt>
			<trkpt lat="47.4741088072" lon="8.3138365403">
				<ele>441.7</ele>
			</trkpt>
			<trkpt lat="47.4740996789" lon="8.3138529857">
				<ele>442.2</ele>
			</trkpt>
			<trkpt lat="47.4740777774" lon="8.3138898233">
				<ele>443.0</ele>
			</trkpt>
			<trkpt lat="47.4740617546" lon="8.3139247675">
				<ele>443.7</ele>
			</trkpt>
			<trkpt lat="47.4740761018" lon="8.3139329762">
				<ele>444.2</ele>
			</trkpt>
			<trkpt lat="47.4740913573" lon="8.3139411998">
				<ele>444.9</ele>
			</trkpt>
			<trkpt lat="47.4741196831" lon="8.3139469719">
				<ele>445.9</ele>
			</trkpt>
			<trkpt lat="47.4741480083" lon="8.3139527571">
				<ele>446.4</ele>
			</trkpt>
			<trkpt lat="47.4741771917" lon="8.3139651895">
				<ele>447.1</ele>
			</trkpt>
			<trkpt lat="47.4742090479" lon="8.3139809957">
				<ele>448.0</ele>
			</trkpt>
			<trkpt lat="47.4742480977" lon="8.3139982332">
				<ele>449.7</ele>
			</trkpt>
			<trkpt lat="47.4742673753" lon="8.3140098397">
				<ele>450.4</ele>
			</trkpt>
			<trkpt lat="47.4742600513" lon="8.3140256648">
				<ele>450.9</ele>
			</trkpt>
			<trkpt lat="47.4742536460" lon="8.3140388386">
				<ele>451.4</ele>
			</trkpt>
			<trkpt lat="47.4742304761" lon="8.3140650294">
				<ele>452.6</ele>
			</trkpt>
			<trkpt lat="47.4742176609" lon="8.3140920535">
				<ele>453.3</ele>
			</trkpt>
			<trkpt lat="47.4741843731" lon="8.3141466393">
				<ele>454.6</ele>
			</trkpt>
			<trkpt lat="47.4741697396" lon="8.3141762868">
				<ele>455.5</ele>
			</trkpt>
			<trkpt lat="47.4741610508" lon="8.3141940794">
				<ele>455.8</ele>
			</trkpt>
			<trkpt lat="47.4741367250" lon="8.3142541187">
				<ele>457.2</ele>
			</trkpt>
			<trkpt lat="47.4741307396" lon="8.3142712925">
				<ele>457.6</ele>
			</trkpt>
			<trkpt lat="47.4741292201" lon="8.3142938460">
				<ele>457.6</ele>
			</trkpt>
			<trkpt lat="47.4741512389" lon="8.3143318701">
				<ele>457.7</ele>
			</trkpt>
			<trkpt lat="47.4741608734" lon="8.3143162289">
				<ele>457.9</ele>
			</trkpt>
			<trkpt lat="47.4741895230" lon="8.3143040711">
				<ele>458.5</ele>
			</trkpt>
			<trkpt lat="47.4742223422" lon="8.3143067201">
				<ele>459.2</ele>
			</trkpt>
			<trkpt lat="47.4742450905" lon="8.3143197234">
				<ele>459.8</ele>
			</trkpt>
			<trkpt lat="47.4742705299" lon="8.3143538372">
				<ele>460.7</ele>
			</trkpt>
			<trkpt lat="47.4743272340" lon="8.3145128335">
				<ele>463.4</ele>
			</trkpt>
			<trkpt lat="47.4743667441" lon="8.3145049137">
				<ele>464.3</ele>
			</trkpt>
			<trkpt lat="47.4744066849" lon="8.3144936182">
				<ele>465.0</ele>
			</trkpt>
			<trkpt lat="47.4744371113" lon="8.3144891310">
				<ele>465.2</ele>
			</trkpt>
			<trkpt lat="47.4744276669" lon="8.3145094049">
				<ele>465.5</ele>
			</trkpt>
			<trkpt lat="47.4744144824" lon="8.3145257972">
				<ele>466.3</ele>
			</trkpt>
			<trkpt lat="47.4744057577" lon="8.3145448361">
				<ele>466.7</ele>
			</trkpt>
			<trkpt lat="47.4744027979" lon="8.3145698999">
				<ele>466.7</ele>
			</trkpt>
			<trkpt lat="47.4744086240" lon="8.3145951083">
				<ele>467.9</ele>
			</trkpt>
			<trkpt lat="47.4744215851" lon="8.3145939418">
				<ele>468.7</ele>
			</trkpt>
			<trkpt lat="47.4744415980" lon="8.3145761498">
				<ele>469.3</ele>
			</trkpt>
			<trkpt lat="47.4744526747" lon="8.3145791445">
				<ele>469.9</ele>
			</trkpt>
			<trkpt lat="47.4744644178" lon="8.3146177028">
				<ele>471.0</ele>
			</trkpt>
			<trkpt lat="47.4744827853" lon="8.3146354632">
				<ele>471.8</ele>
			</trkpt>
			<trkpt lat="47.4744928124" lon="8.3146558588">
				<ele>472.7</ele>
			</trkpt>
			<trkpt lat="47.4744991718" lon="8.3146713254">
				<ele>473.6</ele>
			</trkpt>
			<trkpt lat="47.4745143806" lon="8.3146785535">
				<ele>474.0</ele>
			</trkpt>
			<trkpt lat="47.4745285510" lon="8.3147018297">
				<ele>475.4</ele>
			</trkpt>
			<trkpt lat="47.4745334670" lon="8.3147249273">
				<ele>475.8</ele>
			</trkpt>
			<trkpt lat="47.4745251812" lon="8.3147833734">
				<ele>477.5</ele>
			</trkpt>
			<trkpt lat="47.4745442149" lon="8.3148367109">
				<ele>478.8</ele>
			</trkpt>
			<trkpt lat="47.4745359555" lon="8.3148916685">
				<ele>480.6</ele>
			</trkpt>
			<trkpt lat="47.4745311215" lon="8.3149135842">
				<ele>481.2</ele>
			</trkpt>
			<trkpt lat="47.4745855193" lon="8.3152725023">
				<ele>490.2</ele>
			</trkpt>
			<trkpt lat="47.4746362417" lon="8.3155513272">
				<ele>496.7</ele>
			</trkpt>
			<trkpt lat="47.4746584453" lon="8.3156939652">
				<ele>499.4</ele>
			</trkpt>
			<trkpt lat="47.4746743670" lon="8.3157962493">
				<ele>501.4</ele>
			</trkpt>
			<trkpt lat="47.4746956461" lon="8.3160030060">
				<ele>506.2</ele>
			</trkpt>
			<trkpt lat="47.4747192652" lon="8.3162771666">
				<ele>511.1</ele>
			</trkpt>
			<trkpt lat="47.4747364353" lon="8.3164208026">
				<ele>514.7</ele>
			</trkpt>
			<trkpt lat="47.4747504878" lon="8.3165247482">
				<ele>516.9</ele>
			</trkpt>
			<trkpt lat="47.4747566870" lon="8.3165767074">
				<ele>517.9</ele>
			</trkpt>
			<trkpt lat="47.4747678066" lon="8.3167033033">
				<ele>519.7</ele>
			</trkpt>
			<trkpt lat="47.4747872710" lon="8.3168170624">
				<ele>522.2</ele>
			</trkpt>
			<trkpt lat="47.4747975729" lon="8.3169079855">
				<ele>523.8</ele>
			</trkpt>
			<trkpt lat="47.4748068973" lon="8.3169818720">
				<ele>524.7</ele>
			</trkpt>
			<trkpt lat="47.4748197817" lon="8.3170939045">
				<ele>526.4</ele>
			</trkpt>
			<trkpt lat="47.4748335625" lon="8.3172099047">
				<ele>530.1</ele>
			</trkpt>
			<trkpt lat="47.4748519314" lon="8.3174229028">
				<ele>534.2</ele>
			</trkpt>
			<trkpt lat="47.4748653179" lon="8.3175410595">
				<ele>535.5</ele>
			</trkpt>
			<trkpt lat="47.4748804822" lon="8.3176157858">
				<ele>536.1</ele>
			</trkpt>
			<trkpt lat="47.4748902758" lon="8.3176668625">
				<ele>536.8</ele>
			</trkpt>
			<trkpt lat="47.4749038442" lon="8.3177089544">
				<ele>536.8</ele>
			</trkpt>
			<trkpt lat="47.4749054674" lon="8.3177403688">
				<ele>536.8</ele>
			</trkpt>
			<trkpt lat="47.4749059084" lon="8.3178066405">
				<ele>536.5</ele>
			</trkpt>
			<trkpt lat="47.4749117026" lon="8.3178988030">
				<ele>537.2</ele>
			</trkpt>
			<trkpt lat="47.4749147901" lon="8.3179825631">
				<ele>538.2</ele>
			</trkpt>
			<trkpt lat="47.4749219354" lon="8.3180803323">
				<ele>539.3</ele>
			</trkpt>
			<trkpt lat="47.4749375905" lon="8.3181531432">
				<ele>540.9</ele>
			</trkpt>
			<trkpt lat="47.4749476277" lon="8.3182349225">
				<ele>541.7</ele>
			</trkpt>
			<trkpt lat="47.4749559973" lon="8.3183550396">
				<ele>542.4</ele>
			</trkpt>
			<trkpt lat="47.4749645066" lon="8.3183928555">
				<ele>542.7</ele>
			</trkpt>
			<trkpt lat="47.4749765813" lon="8.3185130339">
				<ele>543.9</ele>
			</trkpt>
			<trkpt lat="47.4749736359" lon="8.3185987769">
				<ele>544.3</ele>
			</trkpt>
			<trkpt lat="47.4749827783" lon="8.3186763490">
				<ele>545.4</ele>
			</trkpt>
			<trkpt lat="47.4749956752" lon="8.3187463292">
				<ele>546.4</ele>
			</trkpt>
			<trkpt lat="47.4750008337" lon="8.3188001291">
				<ele>546.9</ele>
			</trkpt>
			<trkpt lat="47.4749918434" lon="8.3188906409">
				<ele>547.3</ele>
			</trkpt>
			<trkpt lat="47.4749910650" lon="8.3189338758">
				<ele>547.8</ele>
			</trkpt>
			<trkpt lat="47.4749976242" lon="8.3189856026">
				<ele>548.3</ele>
			</trkpt>
			<trkpt lat="47.4750065002" lon="8.3190366778">
				<ele>548.3</ele>
			</trkpt>
			<trkpt lat="47.4750163680" lon="8.3190779924">
				<ele>548.8</ele>
			</trkpt>
			<trkpt lat="47.4750124366" lon="8.3191100183">
				<ele>549.7</ele>
			</trkpt>
			<trkpt lat="47.4750226551" lon="8.3191666881">
				<ele>550.9</ele>
			</trkpt>
			<trkpt lat="47.4750214550" lon="8.3192050335">
				<ele>551.4</ele>
			</trkpt>
			<trkpt lat="47.4750309055" lon="8.3193035449">
				<ele>552.8</ele>
			</trkpt>
			<trkpt lat="47.4750451163" lon="8.3193840003">
				<ele>553.7</ele>
			</trkpt>
			<trkpt lat="47.4750484263" lon="8.3194998422">
				<ele>554.4</ele>
			</trkpt>
			<trkpt lat="47.4750555821" lon="8.3195334441">
				<ele>554.7</ele>
			</trkpt>
			<trkpt lat="47.4750597342" lon="8.3195976946">
				<ele>555.6</ele>
			</trkpt>
			<trkpt lat="47.4750698341" lon="8.3196711040">
				<ele>556.4</ele>
			</trkpt>
			<trkpt lat="47.4750745567" lon="8.3197207043">
				<ele>557.1</ele>
			</trkpt>
			<trkpt lat="47.4750744953" lon="8.3197925530">
				<ele>557.6</ele>
			</trkpt>
			<trkpt lat="47.4750722696" lon="8.3198427281">
				<ele>557.8</ele>
			</trkpt>
			<trkpt lat="47.4750841114" lon="8.3198680507">
				<ele>558.2</ele>
			</trkpt>
			<trkpt lat="47.4751090797" lon="8.3199319559">
				<ele>558.9</ele>
			</trkpt>
			<trkpt lat="47.4751274742" lon="8.3200724701">
				<ele>560.1</ele>
			</trkpt>
			<trkpt lat="47.4751416968" lon="8.3201501398">
				<ele>560.9</ele>
			</trkpt>
			<trkpt lat="47.4751613640" lon="8.3202439529">
				<ele>562.3</ele>
			</trkpt>
			<trkpt lat="47.4751831795" lon="8.3203580312">
				<ele>564.3</ele>
			</trkpt>
			<trkpt lat="47.4751931445" lon="8.3204502634">
				<ele>565.8</ele>
			</trkpt>
			<trkpt lat="47.4752085890" lon="8.3205516739">
				<ele>567.3</ele>
			</trkpt>
			<trkpt lat="47.4752133271" lon="8.3205991921">
				<ele>567.6</ele>
			</trkpt>
			<trkpt lat="47.4752059240" lon="8.3206618320">
				<ele>568.5</ele>
			</trkpt>
			<trkpt lat="47.4752233981" lon="8.3207388660">
				<ele>569.5</ele>
			</trkpt>
			<trkpt lat="47.4752312673" lon="8.3208003791">
				<ele>570.2</ele>
			</trkpt>
			<trkpt lat="47.4752354578" lon="8.3209232143">
				<ele>571.4</ele>
			</trkpt>
			<trkpt lat="47.4752548729" lon="8.3209863245">
				<ele>571.9</ele>
			</trkpt>
			<trkpt lat="47.4752697735" lon="8.3210988831">
				<ele>573.2</ele>
			</trkpt>
			<trkpt lat="47.4752725347" lon="8.3211638007">
				<ele>574.0</ele>
			</trkpt>
			<trkpt lat="47.4752599698" lon="8.3212368221">
				<ele>575.3</ele>
			</trkpt>
			<trkpt lat="47.4752523187" lon="8.3213343342">
				<ele>576.3</ele>
			</trkpt>
			<trkpt lat="47.4752481830" lon="8.3213942420">
				<ele>576.9</ele>
			</trkpt>
			<trkpt lat="47.4752517127" lon="8.3214173172">
				<ele>577.3</ele>
			</trkpt>
			<trkpt lat="47.4752699569" lon="8.3214511172">
				<ele>578.4</ele>
			</trkpt>
			<trkpt lat="47.4752737432" lon="8.3215655741">
				<ele>580.0</ele>
			</trkpt>
			<trkpt lat="47.4752814931" lon="8.3216438270">
				<ele>581.2</ele>
			</trkpt>
			<trkpt lat="47.4752802686" lon="8.3217477347">
				<ele>583.4</ele>
			</trkpt>
			<trkpt lat="47.4752645620" lon="8.3218081405">
				<ele>584.1</ele>
			</trkpt>
			<trkpt lat="47.4752689660" lon="8.3219134807">
				<ele>586.1</ele>
			</trkpt>
			<trkpt lat="47.4753235609" lon="8.3220575950">
				<ele>588.4</ele>
			</trkpt>
			<trkpt lat="47.4753654555" lon="8.3221804457">
				<ele>590.6</ele>
			</trkpt>
			<trkpt lat="47.4753932863" lon="8.3222756683">
				<ele>592.1</ele>
			</trkpt>
			<trkpt lat="47.4754373977" lon="8.3224827963">
				<ele>595.4</ele>
			</trkpt>
			<trkpt lat="47.4754609797" lon="8.3225737430">
				<ele>597.4</ele>
			</trkpt>
			<trkpt lat="47.4754864475" lon="8.3227910825">
				<ele>600.2</ele>
			</trkpt>
			<trkpt lat="47.4755134412" lon="8.3229958177">
				<ele>601.4</ele>
			</trkpt>
			<trkpt lat="47.4755339497" lon="8.3231016917">
				<ele>601.8</ele>
			</trkpt>
			<trkpt lat="47.4755557827" lon="8.3231589405">
				<ele>603.5</ele>
			</trkpt>
			<trkpt lat="47.4755784015" lon="8.3232287384">
				<ele>605.4</ele>
			</trkpt>
			<trkpt lat="47.4755893209" lon="8.3232570046">
				<ele>606.1</ele>
			</trkpt>
			<trkpt lat="47.4756008690" lon="8.3233147717">
				<ele>607.0</ele>
			</trkpt>
			<trkpt lat="47.4756206692" lon="8.3234014780">
				<ele>608.5</ele>
			</trkpt>
			<trkpt lat="47.4756343202" lon="8.3234747886">
				<ele>609.7</ele>
			</trkpt>
			<trkpt lat="47.4756406652" lon="8.3235154622">
				<ele>610.3</ele>
			</trkpt>
			<trkpt lat="47.4756492325" lon="8.3235584285">
				<ele>610.8</ele>
			</trkpt>
			<trkpt lat="47.4756468591" lon="8.3236277051">
				<ele>611.0</ele>
			</trkpt>
			<trkpt lat="47.4756541863" lon="8.3237104765">
				<ele>612.2</ele>
			</trkpt>
			<trkpt lat="47.4756607885" lon="8.3237598571">
				<ele>613.1</ele>
			</trkpt>
			<trkpt lat="47.4756631867" lon="8.3238202714">
				<ele>613.2</ele>
			</trkpt>
			<trkpt lat="47.4756591268" lon="8.3238524943">
				<ele>612.9</ele>
			</trkpt>
			<trkpt lat="47.4756559590" lon="8.3238938592">
				<ele>612.8</ele>
			</trkpt>
			<trkpt lat="47.4756560492" lon="8.3239444052">
				<ele>613.2</ele>
			</trkpt>
			<trkpt lat="47.4756627958" lon="8.3240183970">
				<ele>612.6</ele>
			</trkpt>
			<trkpt lat="47.4756870639" lon="8.3240971118">
				<ele>613.5</ele>
			</trkpt>
			<trkpt lat="47.4756982166" lon="8.3241465553">
				<ele>614.2</ele>
			</trkpt>
			<trkpt lat="47.4757100878" lon="8.3242208712">
				<ele>615.5</ele>
			</trkpt>
			<trkpt lat="47.4757307868" lon="8.3242910896">
				<ele>617.1</ele>
			</trkpt>
			<trkpt lat="47.4757501590" lon="8.3243348853">
				<ele>617.9</ele>
			</trkpt>
			<trkpt lat="47.4757640231" lon="8.3243884735">
				<ele>618.8</ele>
			</trkpt>
			<trkpt lat="47.4757712326" lon="8.3244419374">
				<ele>619.0</ele>
			</trkpt>
			<trkpt lat="47.4757889745" lon="8.3244871651">
				<ele>620.2</ele>
			</trkpt>
			<trkpt lat="47.4757914979" lon="8.3245300312">
				<ele>620.2</ele>
			</trkpt>
			<trkpt lat="47.4757910949" lon="8.3245826784">
				<ele>620.2</ele>
			</trkpt>
			<trkpt lat="47.4757978329" lon="8.3246354316">
				<ele>620.4</ele>
			</trkpt>
			<trkpt lat="47.4758093712" lon="8.3246826663">
				<ele>620.5</ele>
			</trkpt>
			<trkpt lat="47.4758197750" lon="8.3247088944">
				<ele>621.2</ele>
			</trkpt>
			<trkpt lat="47.4758200961" lon="8.3247550794">
				<ele>621.2</ele>
			</trkpt>
			<trkpt lat="47.4758333730" lon="8.3248031399">
				<ele>620.9</ele>
			</trkpt>
			<trkpt lat="47.4758363664" lon="8.3248491700">
				<ele>621.2</ele>
			</trkpt>
			<trkpt lat="47.4758538759" lon="8.3249000993">
				<ele>621.9</ele>
			</trkpt>
			<trkpt lat="47.4758533189" lon="8.3249751781">
				<ele>621.2</ele>
			</trkpt>
			<trkpt lat="47.4758782498" lon="8.3250459313">
				<ele>621.3</ele>
			</trkpt>
			<trkpt lat="47.4758927861" lon="8.3251292063">
				<ele>621.2</ele>
			</trkpt>
			<trkpt lat="47.4759019907" lon="8.3251969125">
				<ele>621.4</ele>
			</trkpt>
			<trkpt lat="47.4759093623" lon="8.3252655290">
				<ele>621.5</ele>
			</trkpt>
			<trkpt lat="47.4759187898" lon="8.3253017976">
				<ele>621.8</ele>
			</trkpt>
			<trkpt lat="47.4759281436" lon="8.3253488634">
				<ele>621.5</ele>
			</trkpt>
			<trkpt lat="47.4759313166" lon="8.3254113210">
				<ele>621.3</ele>
			</trkpt>
			<trkpt lat="47.4759398359" lon="8.3254898142">
				<ele>621.4</ele>
			</trkpt>
			<trkpt lat="47.4759538284" lon="8.3255641669">
				<ele>622.4</ele>
			</trkpt>
			<trkpt lat="47.4759644340" lon="8.3256051499">
				<ele>623.5</ele>
			</trkpt>
			<trkpt lat="47.4759627685" lon="8.3256675416">
				<ele>623.7</ele>
			</trkpt>
			<trkpt lat="47.4759701220" lon="8.3257385061">
				<ele>623.9</ele>
			</trkpt>
			<trkpt lat="47.4759850245" lon="8.3258138021">
				<ele>624.0</ele>
			</trkpt>
			<trkpt lat="47.4759937901" lon="8.3258988663">
				<ele>623.1</ele>
			</trkpt>
			<trkpt lat="47.4760116047" lon="8.3259896927">
				<ele>623.4</ele>
			</trkpt>
			<trkpt lat="47.4760215066" lon="8.3260438124">
				<ele>624.2</ele>
			</trkpt>
			<trkpt lat="47.4760098007" lon="8.3261112092">
				<ele>624.4</ele>
			</trkpt>
			<trkpt lat="47.4760073651" lon="8.3261543507">
				<ele>624.8</ele>
			</trkpt>
			<trkpt lat="47.4760096092" lon="8.3261866261">
				<ele>625.6</ele>
			</trkpt>
			<trkpt lat="47.4760170202" lon="8.3262207109">
				<ele>626.6</ele>
			</trkpt>
			<trkpt lat="47.4760226273" lon="8.3262554440">
				<ele>627.7</ele>
			</trkpt>
			<trkpt lat="47.4760256922" lon="8.3262991549">
				<ele>628.6</ele>
			</trkpt>
			<trkpt lat="47.4760303453" lon="8.3263667969">
				<ele>629.3</ele>
			</trkpt>
			<trkpt lat="47.4760394234" lon="8.3264086989">
				<ele>629.8</ele>
			</trkpt>
			<trkpt lat="47.4760411249" lon="8.3264659709">
				<ele>629.7</ele>
			</trkpt>
			<trkpt lat="47.4760378183" lon="8.3265452356">
				<ele>628.9</ele>
			</trkpt>
			<trkpt lat="47.4760407357" lon="8.3266011224">
				<ele>628.3</ele>
			</trkpt>
			<trkpt lat="47.4760661799" lon="8.3266845557">
				<ele>628.7</ele>
			</trkpt>
			<trkpt lat="47.4760753781" lon="8.3267940242">
				<ele>628.5</ele>
			</trkpt>
			<trkpt lat="47.4760735769" lon="8.3269150761">
				<ele>628.4</ele>
			</trkpt>
			<trkpt lat="47.4760877429" lon="8.3270077254">
				<ele>628.0</ele>
			</trkpt>
			<trkpt lat="47.4761006563" lon="8.3271463508">
				<ele>628.2</ele>
			</trkpt>
			<trkpt lat="47.4761214557" lon="8.3272841508">
				<ele>627.5</ele>
			</trkpt>
			<trkpt lat="47.4761314879" lon="8.3273621921">
				<ele>627.1</ele>
			</trkpt>
			<trkpt lat="47.4761453647" lon="8.3274116691">
				<ele>627.8</ele>
			</trkpt>
			<trkpt lat="47.4761537562" lon="8.3275065836">
				<ele>629.6</ele>
			</trkpt>
			<trkpt lat="47.4761488343" lon="8.3275571931">
				<ele>629.8</ele>
			</trkpt>
			<trkpt lat="47.4761889120" lon="8.3276699370">
				<ele>633.6</ele>
			</trkpt>
			<trkpt lat="47.4762026521" lon="8.3278203030">
				<ele>634.6</ele>
			</trkpt>
			<trkpt lat="47.4762088515" lon="8.3278832764">
				<ele>635.1</ele>
			</trkpt>
			<trkpt lat="47.4762220784" lon="8.3279388449">
				<ele>635.9</ele>
			</trkpt>
			<trkpt lat="47.4762357771" lon="8.3280535486">
				<ele>636.7</ele>
			</trkpt>
			<trkpt lat="47.4762511064" lon="8.3281527882">
				<ele>637.4</ele>
			</trkpt>
			<trkpt lat="47.4762595890" lon="8.3282345692">
				<ele>638.0</ele>
			</trkpt>
			<trkpt lat="47.4762706283" lon="8.3282985401">
				<ele>638.9</ele>
			</trkpt>
			<trkpt lat="47.4762746492" lon="8.3283699405">
				<ele>639.7</ele>
			</trkpt>
			<trkpt lat="47.4762812403" lon="8.3284216557">
				<ele>640.0</ele>
			</trkpt>
			<trkpt lat="47.4762872104" lon="8.3285155892">
				<ele>639.8</ele>
			</trkpt>
			<trkpt lat="47.4763120697" lon="8.3285544405">
				<ele>641.2</ele>
			</trkpt>
			<trkpt lat="47.4763327525" lon="8.3286673634">
				<ele>642.8</ele>
			</trkpt>
			<trkpt lat="47.4763593197" lon="8.3288033647">
				<ele>644.3</ele>
			</trkpt>
			<trkpt lat="47.4763885683" lon="8.3289872753">
				<ele>646.1</ele>
			</trkpt>
			<trkpt lat="47.4764143446" lon="8.3291068554">
				<ele>647.7</ele>
			</trkpt>
			<trkpt lat="47.4764265470" lon="8.3291774244">
				<ele>648.6</ele>
			</trkpt>
			<trkpt lat="47.4764514485" lon="8.3292528634">
				<ele>650.0</ele>
			</trkpt>
			<trkpt lat="47.4764746007" lon="8.3294000828">
				<ele>651.5</ele>
			</trkpt>
			<trkpt lat="47.4764999105" lon="8.3295417027">
				<ele>652.7</ele>
			</trkpt>
			<trkpt lat="47.4765119299" lon="8.3296371435">
				<ele>653.3</ele>
			</trkpt>
			<trkpt lat="47.4765122983" lon="8.3297108314">
				<ele>653.4</ele>
			</trkpt>
			<trkpt lat="47.4765389810" lon="8.3297895913">
				<ele>654.6</ele>
			</trkpt>
			<trkpt lat="47.4765479276" lon="8.3298507263">
				<ele>655.3</ele>
			</trkpt>
			<trkpt lat="47.4765549717" lon="8.3299230944">
				<ele>655.8</ele>
			</trkpt>
			<trkpt lat="47.4765809793" lon="8.3300112359">
				<ele>657.3</ele>
			</trkpt>
			<trkpt lat="47.4766023964" lon="8.3301466859">
				<ele>658.4</ele>
			</trkpt>
			<trkpt lat="47.4766100346" lon="8.3302200066">
				<ele>658.7</ele>
			</trkpt>
			<trkpt lat="47.4766195433" lon="8.3302454908">
				<ele>659.1</ele>
			</trkpt>
			<trkpt lat="47.4766287020" lon="8.3303188370">
				<ele>659.6</ele>
			</trkpt>
			<trkpt lat="47.4766428943" lon="8.3304485563">
				<ele>659.7</ele>
			</trkpt>
			<trkpt lat="47.4766657949" lon="8.3305056791">
				<ele>660.3</ele>
			</trkpt>
			<trkpt lat="47.4766680448" lon="8.3305709355">
				<ele>660.4</ele>
			</trkpt>
			<trkpt lat="47.4766814280" lon="8.3306457453">
				<ele>661.0</ele>
			</trkpt>
			<trkpt lat="47.4766781416" lon="8.3306799578">
				<ele>660.9</ele>
			</trkpt>
			<trkpt lat="47.4766753934" lon="8.3307249779">
				<ele>660.8</ele>
			</trkpt>
			<trkpt lat="47.4766903884" lon="8.3307866680">
				<ele>661.5</ele>
			</trkpt>
			<trkpt lat="47.4767129278" lon="8.3308930585">
				<ele>662.7</ele>
			</trkpt>
			<trkpt lat="47.4767198052" lon="8.3309879508">
				<ele>663.3</ele>
			</trkpt>
			<trkpt lat="47.4767205209" lon="8.3310550633">
				<ele>663.3</ele>
			</trkpt>
			<trkpt lat="47.4767196666" lon="8.3310888405">
				<ele>663.6</ele>
			</trkpt>
			<trkpt lat="47.4767314516" lon="8.3311340654">
				<ele>664.2</ele>
			</trkpt>
			<trkpt lat="47.4767341551" lon="8.3311777420">
				<ele>664.4</ele>
			</trkpt>
			<trkpt lat="47.4767530452" lon="8.3312043004">
				<ele>665.2</ele>
			</trkpt>
			<trkpt lat="47.4767515875" lon="8.3312371380">
				<ele>665.4</ele>
			</trkpt>
			<trkpt lat="47.4767528118" lon="8.3312765728">
				<ele>665.4</ele>
			</trkpt>
			<trkpt lat="47.4767799382" lon="8.3312966750">
				<ele>666.6</ele>
			</trkpt>
			<trkpt lat="47.4767922825" lon="8.3313475353">
				<ele>667.3</ele>
			</trkpt>
			<trkpt lat="47.4767925661" lon="8.3313911877">
				<ele>667.5</ele>
			</trkpt>
			<trkpt lat="47.4767930331" lon="8.3314507915">
				<ele>667.6</ele>
			</trkpt>
			<trkpt lat="47.4768146717" lon="8.3315571642">
				<ele>668.5</ele>
			</trkpt>
			<trkpt lat="47.4768149084" lon="8.3316477412">
				<ele>668.5</ele>
			</trkpt>
			<trkpt lat="47.4768331779" lon="8.3317174576">
				<ele>669.5</ele>
			</trkpt>
			<trkpt lat="47.4768450062" lon="8.3317570413">
				<ele>670.0</ele>
			</trkpt>
			<trkpt lat="47.4768598112" lon="8.3318037228">
				<ele>671.0</ele>
			</trkpt>
			<trkpt lat="47.4768883059" lon="8.3319238013">
				<ele>672.1</ele>
			</trkpt>
			<trkpt lat="47.4769080196" lon="8.3320034014">
				<ele>673.3</ele>
			</trkpt>
			<trkpt lat="47.4769120855" lon="8.3320686886">
				<ele>673.7</ele>
			</trkpt>
			<trkpt lat="47.4769200261" lon="8.3321410822">
				<ele>674.0</ele>
			</trkpt>
			<trkpt lat="47.4769372125" lon="8.3321938801">
				<ele>674.7</ele>
			</trkpt>
			<trkpt lat="47.4769681426" lon="8.3322722370">
				<ele>676.1</ele>
			</trkpt>
			<trkpt lat="47.4769704540" lon="8.3323281150">
				<ele>676.7</ele>
			</trkpt>
			<trkpt lat="47.4769869743" lon="8.3323879626">
				<ele>677.5</ele>
			</trkpt>
			<trkpt lat="47.4770018611" lon="8.3325055006">
				<ele>678.0</ele>
			</trkpt>
			<trkpt lat="47.4770226038" lon="8.3326090347">
				<ele>679.2</ele>
			</trkpt>
			<trkpt lat="47.4770323135" lon="8.3326898989">
				<ele>679.2</ele>
			</trkpt>
			<trkpt lat="47.4770481910" lon="8.3327548923">
				<ele>679.0</ele>
			</trkpt>
			<trkpt lat="47.4770569222" lon="8.3328437144">
				<ele>679.6</ele>
			</trkpt>
			<trkpt lat="47.4770740996" lon="8.3329382884">
				<ele>680.5</ele>
			</trkpt>
			<trkpt lat="47.4770833892" lon="8.3329933313">
				<ele>680.9</ele>
			</trkpt>
			<trkpt lat="47.4770914813" lon="8.3330868392">
				<ele>681.1</ele>
			</trkpt>
			<trkpt lat="47.4771127591" lon="8.3331594186">
				<ele>682.1</ele>
			</trkpt>
			<trkpt lat="47.4771156702" lon="8.3332157860">
				<ele>682.6</ele>
			</trkpt>
			<trkpt lat="47.4771394220" lon="8.3333231284">
				<ele>683.9</ele>
			</trkpt>
			<trkpt lat="47.4771650018" lon="8.3333873135">
				<ele>684.8</ele>
			</trkpt>
			<trkpt lat="47.4771600459" lon="8.3334430889">
				<ele>684.8</ele>
			</trkpt>
			<trkpt lat="47.4771730987" lon="8.3335615361">
				<ele>685.7</ele>
			</trkpt>
			<trkpt lat="47.4771881087" lon="8.3336631349">
				<ele>686.8</ele>
			</trkpt>
			<trkpt lat="47.4771800288" lon="8.3336902385">
				<ele>686.3</ele>
			</trkpt>
			<trkpt lat="47.4771679917" lon="8.3337196206">
				<ele>685.8</ele>
			</trkpt>
			<trkpt lat="47.4771676813" lon="8.3337609118">
				<ele>685.6</ele>
			</trkpt>
			<trkpt lat="47.4771957490" lon="8.3338579949">
				<ele>686.2</ele>
			</trkpt>
			<trkpt lat="47.4772151568" lon="8.3338967675">
				<ele>686.6</ele>
			</trkpt>
			<trkpt lat="47.4772246775" lon="8.3339611882">
				<ele>687.1</ele>
			</trkpt>
			<trkpt lat="47.4772331244" lon="8.3340471946">
				<ele>687.7</ele>
			</trkpt>
			<trkpt lat="47.4772400192" lon="8.3340989199">
				<ele>688.6</ele>
			</trkpt>
			<trkpt lat="47.4772608632" lon="8.3341879140">
				<ele>689.4</ele>
			</trkpt>
			<trkpt lat="47.4772798817" lon="8.3342792353">
				<ele>691.5</ele>
			</trkpt>
			<trkpt lat="47.4772822222" lon="8.3343313569">
				<ele>692.3</ele>
			</trkpt>
			<trkpt lat="47.4772856887" lon="8.3343947626">
				<ele>692.0</ele>
			</trkpt>
			<trkpt lat="47.4773129700" lon="8.3344749451">
				<ele>692.2</ele>
			</trkpt>
			<trkpt lat="47.4773389789" lon="8.3345626076">
				<ele>692.1</ele>
			</trkpt>
			<trkpt lat="47.4773550633" lon="8.3346820393">
				<ele>692.7</ele>
			</trkpt>
			<trkpt lat="47.4773698787" lon="8.3348084977">
				<ele>694.1</ele>
			</trkpt>
			<trkpt lat="47.4773845559" lon="8.3349133629">
				<ele>694.7</ele>
			</trkpt>
			<trkpt lat="47.4774081557" lon="8.3349995990">
				<ele>695.9</ele>
			</trkpt>
			<trkpt lat="47.4774141251" lon="8.3350522353">
				<ele>696.5</ele>
			</trkpt>
			<trkpt lat="47.4774322579" lon="8.3351393187">
				<ele>697.5</ele>
			</trkpt>
			<trkpt lat="47.4774691324" lon="8.3352745443">
				<ele>700.0</ele>
			</trkpt>
			<trkpt lat="47.4774868014" lon="8.3353832175">
				<ele>700.4</ele>
			</trkpt>
			<trkpt lat="47.4775141501" lon="8.3354544688">
				<ele>701.3</ele>
			</trkpt>
			<trkpt lat="47.4775318191" lon="8.3356049118">
				<ele>701.7</ele>
			</trkpt>
			<trkpt lat="47.4775569351" lon="8.3357310457">
				<ele>703.3</ele>
			</trkpt>
			<trkpt lat="47.4775648120" lon="8.3357719893">
				<ele>703.8</ele>
			</trkpt>
			<trkpt lat="47.4775686902" lon="8.3358612104">
				<ele>704.0</ele>
			</trkpt>
			<trkpt lat="47.4775937928" lon="8.3359901621">
				<ele>705.0</ele>
			</trkpt>
			<trkpt lat="47.4776346780" lon="8.3360743001">
				<ele>706.2</ele>
			</trkpt>
			<trkpt lat="47.4776535653" lon="8.3362228725">
				<ele>707.2</ele>
			</trkpt>
			<trkpt lat="47.4776823072" lon="8.3363917642">
				<ele>708.6</ele>
			</trkpt>
			<trkpt lat="47.4777094622" lon="8.3364879014">
				<ele>709.8</ele>
			</trkpt>
			<trkpt lat="47.4777278083" lon="8.3365881267">
				<ele>711.0</ele>
			</trkpt>
			<trkpt lat="47.4777560733" lon="8.3366988258">
				<ele>711.4</ele>
			</trkpt>
			<trkpt lat="47.4777704409" lon="8.3368445112">
				<ele>711.7</ele>
			</trkpt>
			<trkpt lat="47.4777904002" lon="8.3369302209">
				<ele>712.6</ele>
			</trkpt>
			<trkpt lat="47.4777863334" lon="8.3369883502">
				<ele>712.6</ele>
			</trkpt>
			<trkpt lat="47.4777915214" lon="8.3370245654">
				<ele>712.9</ele>
			</trkpt>
			<trkpt lat="47.4777968798" lon="8.3370781508">
				<ele>713.3</ele>
			</trkpt>
			<trkpt lat="47.4778168571" lon="8.3371395816">
				<ele>714.0</ele>
			</trkpt>
			<trkpt lat="47.4778805086" lon="8.3373462795">
				<ele>717.9</ele>
			</trkpt>
			<trkpt lat="47.4779100731" lon="8.3374563858">
				<ele>719.6</ele>
			</trkpt>
			<trkpt lat="47.4779283362" lon="8.3375567271">
				<ele>720.8</ele>
			</trkpt>
			<trkpt lat="47.4779570825" lon="8.3376597783">
				<ele>722.5</ele>
			</trkpt>
			<trkpt lat="47.4779710237" lon="8.3377201164">
				<ele>723.3</ele>
			</trkpt>
			<trkpt lat="47.4779803601" lon="8.3378371110">
				<ele>724.2</ele>
			</trkpt>
			<trkpt lat="47.4779826899" lon="8.3379551338">
				<ele>724.1</ele>
			</trkpt>
			<trkpt lat="47.4779969460" lon="8.3380211520">
				<ele>724.9</ele>
			</trkpt>
			<trkpt lat="47.4780168112" lon="8.3380356161">
				<ele>726.5</ele>
			</trkpt>
			<trkpt lat="47.4780440318" lon="8.3380513511">
				<ele>728.1</ele>
			</trkpt>
			<trkpt lat="47.4780575609" lon="8.3381207516">
				<ele>728.5</ele>
			</trkpt>
			<trkpt lat="47.4780560287" lon="8.3381893665">
				<ele>728.4</ele>
			</trkpt>
			<trkpt lat="47.4780675794" lon="8.3382910848">
				<ele>728.9</ele>
			</trkpt>
			<trkpt lat="47.4780803465" lon="8.3384688235">
				<ele>729.5</ele>
			</trkpt>
			<trkpt lat="47.4781006043" lon="8.3385286792">
				<ele>731.0</ele>
			</trkpt>
			<trkpt lat="47.4781237285" lon="8.3386282936">
				<ele>732.8</ele>
			</trkpt>
			<trkpt lat="47.4781289122" lon="8.3387389867">
				<ele>732.7</ele>
			</trkpt>
			<trkpt lat="47.4781435411" lon="8.3388010341">
				<ele>733.8</ele>
			</trkpt>
			<trkpt lat="47.4781515226" lon="8.3388618485">
				<ele>734.2</ele>
			</trkpt>
			<trkpt lat="47.4781668970" lon="8.3389182469">
				<ele>735.2</ele>
			</trkpt>
			<trkpt lat="47.4781835123" lon="8.3390960382">
				<ele>735.7</ele>
			</trkpt>
			<trkpt lat="47.4782148856" lon="8.3392695318">
				<ele>737.1</ele>
			</trkpt>
			<trkpt lat="47.4782285487" lon="8.3393190736">
				<ele>737.6</ele>
			</trkpt>
			<trkpt lat="47.4782456806" lon="8.3393749253">
				<ele>738.4</ele>
			</trkpt>
			<trkpt lat="47.4782525518" lon="8.3394941529">
				<ele>738.9</ele>
			</trkpt>
			<trkpt lat="47.4782604148" lon="8.3395714197">
				<ele>739.0</ele>
			</trkpt>
			<trkpt lat="47.4782743837" lon="8.3396788414">
				<ele>740.4</ele>
			</trkpt>
			<trkpt lat="47.4782840739" lon="8.3397453532">
				<ele>740.8</ele>
			</trkpt>
			<trkpt lat="47.4782847922" lon="8.3397930047">
				<ele>741.0</ele>
			</trkpt>
			<trkpt lat="47.4783004988" lon="8.3398505298">
				<ele>741.7</ele>
			</trkpt>
			<trkpt lat="47.4783125430" lon="8.3399324087">
				<ele>742.1</ele>
			</trkpt>
			<trkpt lat="47.4783313430" lon="8.3400120244">
				<ele>743.0</ele>
			</trkpt>
			<trkpt lat="47.4783436495" lon="8.3400891010">
				<ele>743.9</ele>
			</trkpt>
			<trkpt lat="47.4783607982" lon="8.3401854671">
				<ele>745.3</ele>
			</trkpt>
			<trkpt lat="47.4783701835" lon="8.3402624750">
				<ele>745.7</ele>
			</trkpt>
			<trkpt lat="47.4783738387" lon="8.3403290015">
				<ele>746.7</ele>
			</trkpt>
			<trkpt lat="47.4783923398" lon="8.3404098821">
				<ele>747.5</ele>
			</trkpt>
			<trkpt lat="47.4784032388" lon="8.3405083385">
				<ele>748.8</ele>
			</trkpt>
			<trkpt lat="47.4784171286" lon="8.3405404134">
				<ele>749.6</ele>
			</trkpt>
			<trkpt lat="47.4784297425" lon="8.3405768847">
				<ele>750.3</ele>
			</trkpt>
			<trkpt lat="47.4784380986" lon="8.3406265573">
				<ele>751.3</ele>
			</trkpt>
			<trkpt lat="47.4784434943" lon="8.3406820360">
				<ele>750.7</ele>
			</trkpt>
			<trkpt lat="47.4784659213" lon="8.3407947905">
				<ele>751.7</ele>
			</trkpt>
			<trkpt lat="47.4784747532" lon="8.3408894809">
				<ele>752.1</ele>
			</trkpt>
			<trkpt lat="47.4784947226" lon="8.3409977436">
				<ele>752.9</ele>
			</trkpt>
			<trkpt lat="47.4785089454" lon="8.3410955376">
				<ele>753.4</ele>
			</trkpt>
			<trkpt lat="47.4785217888" lon="8.3411556319">
				<ele>753.7</ele>
			</trkpt>
			<trkpt lat="47.4785324085" lon="8.3412356085">
				<ele>753.9</ele>
			</trkpt>
			<trkpt lat="47.4785552949" lon="8.3413424569">
				<ele>755.0</ele>
			</trkpt>
			<trkpt lat="47.4785659966" lon="8.3414106321">
				<ele>755.6</ele>
			</trkpt>
			<trkpt lat="47.4785801623" lon="8.3414626514">
				<ele>756.0</ele>
			</trkpt>
			<trkpt lat="47.4785916007" lon="8.3415426486">
				<ele>756.6</ele>
			</trkpt>
			<trkpt lat="47.4786018812" lon="8.3416130192">
				<ele>756.9</ele>
			</trkpt>
			<trkpt lat="47.4786173210" lon="8.3417137883">
				<ele>757.8</ele>
			</trkpt>
			<trkpt lat="47.4786263866" lon="8.3417796944">
				<ele>758.0</ele>
			</trkpt>
			<trkpt lat="47.4786379849" lon="8.3418390359">
				<ele>758.9</ele>
			</trkpt>
			<trkpt lat="47.4786555978" lon="8.3419287838">
				<ele>759.0</ele>
			</trkpt>
			<trkpt lat="47.4786662485" lon="8.3420035919">
				<ele>759.5</ele>
			</trkpt>
			<trkpt lat="47.4786778424" lon="8.3420658744">
				<ele>759.8</ele>
			</trkpt>
			<trkpt lat="47.4787035646" lon="8.3422355377">
				<ele>760.5</ele>
			</trkpt>
			<trkpt lat="47.4787344760" lon="8.3424341231">
				<ele>761.9</ele>
			</trkpt>
			<trkpt lat="47.4787545062" lon="8.3425874236">
				<ele>764.2</ele>
			</trkpt>
			<trkpt lat="47.4787731037" lon="8.3427111468">
				<ele>765.4</ele>
			</trkpt>
			<trkpt lat="47.4787858224" lon="8.3427882188">
				<ele>766.0</ele>
			</trkpt>
			<trkpt lat="47.4788074139" lon="8.3429016864">
				<ele>766.5</ele>
			</trkpt>
			<trkpt lat="47.4788238996" lon="8.3429744174">
				<ele>767.6</ele>
			</trkpt>
			<trkpt lat="47.4788454908" lon="8.3430878917">
				<ele>768.6</ele>
			</trkpt>
			<trkpt lat="47.4788599339" lon="8.3431561441">
				<ele>769.3</ele>
			</trkpt>
			<trkpt lat="47.4788760429" lon="8.3432251957">
				<ele>770.5</ele>
			</trkpt>
			<trkpt lat="47.4788848628" lon="8.3432682111">
				<ele>770.9</ele>
			</trkpt>
			<trkpt lat="47.4788882447" lon="8.3433155522">
				<ele>771.1</ele>
			</trkpt>
			<trkpt lat="47.4788986076" lon="8.3433741025">
				<ele>771.0</ele>
			</trkpt>
			<trkpt lat="47.4789054270" lon="8.3434060064">
				<ele>771.4</ele>
			</trkpt>
			<trkpt lat="47.4789100869" lon="8.3434496962">
				<ele>772.1</ele>
			</trkpt>
			<trkpt lat="47.4789142666" lon="8.3435007239">
				<ele>772.4</ele>
			</trkpt>
			<trkpt lat="47.4789334145" lon="8.3436067331">
				<ele>773.2</ele>
			</trkpt>
			<trkpt lat="47.4790929857" lon="8.3445695554">
				<ele>780.9</ele>
			</trkpt>
			<trkpt lat="47.4790976018" lon="8.3446785312">
				<ele>781.1</ele>
			</trkpt>
			<trkpt lat="47.4791204150" lon="8.3448218205">
				<ele>782.7</ele>
			</trkpt>
			<trkpt lat="47.4791425487" lon="8.3449622739">
				<ele>784.1</ele>
			</trkpt>
			<trkpt lat="47.4791552909" lon="8.3450430205">
				<ele>785.2</ele>
			</trkpt>
			<trkpt lat="47.4791682078" lon="8.3451487173">
				<ele>784.5</ele>
			</trkpt>
			<trkpt lat="47.4791681322" lon="8.3452088526">
				<ele>783.9</ele>
			</trkpt>
			<trkpt lat="47.4791508209" lon="8.3452910827">
				<ele>784.7</ele>
			</trkpt>
			<trkpt lat="47.4791384515" lon="8.3453499072">
				<ele>784.6</ele>
			</trkpt>
			<trkpt lat="47.4790990175" lon="8.3453984305">
				<ele>786.0</ele>
			</trkpt>
			<trkpt lat="47.4790645688" lon="8.3454338557">
				<ele>787.8</ele>
			</trkpt>
			<trkpt lat="47.4790250690" lon="8.3454907863">
				<ele>790.2</ele>
			</trkpt>
			<trkpt lat="47.4789938013" lon="8.3455358531">
				<ele>792.3</ele>
			</trkpt>
			<trkpt lat="47.4789534441" lon="8.3455987677">
				<ele>795.7</ele>
			</trkpt>
			<trkpt lat="47.4789254033" lon="8.3456474846">
				<ele>797.9</ele>
			</trkpt>
			<trkpt lat="47.4789234754" lon="8.3456858606">
				<ele>798.4</ele>
			</trkpt>
			<trkpt lat="47.4789277668" lon="8.3457603347">
				<ele>798.2</ele>
			</trkpt>
			<trkpt lat="47.4789455601" lon="8.3458782414">
				<ele>799.6</ele>
			</trkpt>
			<trkpt lat="47.4789585076" lon="8.3459912718">
				<ele>800.6</ele>
			</trkpt>
			<trkpt lat="47.4789806968" lon="8.3460660512">
				<ele>801.1</ele>
			</trkpt>
			<trkpt lat="47.4789832840" lon="8.3461512954">
				<ele>801.7</ele>
			</trkpt>
			<trkpt lat="47.4789991012" lon="8.3462091749">
				<ele>801.9</ele>
			</trkpt>
			<trkpt lat="47.4789992523" lon="8.3462943776">
				<ele>802.6</ele>
			</trkpt>
			<trkpt lat="47.4790126799" lon="8.3463450063">
				<ele>802.4</ele>
			</trkpt>
			<trkpt lat="47.4790254113" lon="8.3463812222">
				<ele>802.1</ele>
			</trkpt>
			<trkpt lat="47.4790274622" lon="8.3464316570">
				<ele>802.3</ele>
			</trkpt>
			<trkpt lat="47.4790245457" lon="8.3464916140">
				<ele>802.6</ele>
			</trkpt>
			<trkpt lat="47.4790340862" lon="8.3465205784">
				<ele>802.8</ele>
			</trkpt>
			<trkpt lat="47.4790434683" lon="8.3465687413">
				<ele>803.1</ele>
			</trkpt>
			<trkpt lat="47.4790424990" lon="8.3466923209">
				<ele>805.1</ele>
			</trkpt>
			<trkpt lat="47.4790655610" lon="8.3467599248">
				<ele>805.5</ele>
			</trkpt>
			<trkpt lat="47.4790713286" lon="8.3468548175">
				<ele>805.2</ele>
			</trkpt>
			<trkpt lat="47.4790861385" lon="8.3469378866">
				<ele>804.4</ele>
			</trkpt>
			<trkpt lat="47.4790944750" lon="8.3470160254">
				<ele>804.1</ele>
			</trkpt>
			<trkpt lat="47.4791134262" lon="8.3470883531">
				<ele>803.4</ele>
			</trkpt>
			<trkpt lat="47.4791195701" lon="8.3471352625">
				<ele>803.1</ele>
			</trkpt>
			<trkpt lat="47.4791576971" lon="8.3472535107">
				<ele>802.9</ele>
			</trkpt>
			<trkpt lat="47.4791733347" lon="8.3473341907">
				<ele>802.7</ele>
			</trkpt>
			<trkpt lat="47.4791873077" lon="8.3474196362">
				<ele>801.9</ele>
			</trkpt>
			<trkpt lat="47.4792036784" lon="8.3475111149">
				<ele>802.3</ele>
			</trkpt>
			<trkpt lat="47.4792185735" lon="8.3475821753">
				<ele>802.0</ele>
			</trkpt>
			<trkpt lat="47.4792311350" lon="8.3476399805">
				<ele>801.2</ele>
			</trkpt>
			<trkpt lat="47.4792418980" lon="8.3477205774">
				<ele>801.0</ele>
			</trkpt>
			<trkpt lat="47.4792452282" lon="8.3478142370">
				<ele>800.9</ele>
			</trkpt>
			<trkpt lat="47.4792481452" lon="8.3478574831">
				<ele>800.8</ele>
			</trkpt>
			<trkpt lat="47.4792526520" lon="8.3479043647">
				<ele>800.7</ele>
			</trkpt>
			<trkpt lat="47.4792611197" lon="8.3479657149">
				<ele>800.5</ele>
			</trkpt>
			<trkpt lat="47.4792703865" lon="8.3480294756">
				<ele>800.3</ele>
			</trkpt>
			<trkpt lat="47.4792727753" lon="8.3481399235">
				<ele>799.8</ele>
			</trkpt>
			<trkpt lat="47.4792783162" lon="8.3482624228">
				<ele>798.8</ele>
			</trkpt>
			<trkpt lat="47.4792884673" lon="8.3483165981">
				<ele>798.6</ele>
			</trkpt>
			<trkpt lat="47.4792896414" lon="8.3484786238">
				<ele>799.0</ele>
			</trkpt>
			<trkpt lat="47.4792907959" lon="8.3486418541">
				<ele>799.1</ele>
			</trkpt>
			<trkpt lat="47.4792875570" lon="8.3487437973">
				<ele>799.4</ele>
			</trkpt>
			<trkpt lat="47.4792988177" lon="8.3488627991">
				<ele>799.6</ele>
			</trkpt>
			<trkpt lat="47.4793255666" lon="8.3489796625">
				<ele>799.7</ele>
			</trkpt>
			<trkpt lat="47.4793346447" lon="8.3490662299">
				<ele>799.8</ele>
			</trkpt>
			<trkpt lat="47.4793525086" lon="8.3492777363">
				<ele>800.2</ele>
			</trkpt>
			<trkpt lat="47.4793696854" lon="8.3494724333">
				<ele>800.4</ele>
			</trkpt>
			<trkpt lat="47.4793823271" lon="8.3496238694">
				<ele>800.4</ele>
			</trkpt>
			<trkpt lat="47.4793826426" lon="8.3497906746">
				<ele>799.7</ele>
			</trkpt>
			<trkpt lat="47.4793715061" lon="8.3499656924">
				<ele>799.5</ele>
			</trkpt>
			<trkpt lat="47.4793852942" lon="8.3500377129">
				<ele>799.5</ele>
			</trkpt>
			<trkpt lat="47.4794186827" lon="8.3501244313">
				<ele>799.1</ele>
			</trkpt>
			<trkpt lat="47.4794316554" lon="8.3501767120">
				<ele>799.0</ele>
			</trkpt>
			<trkpt lat="47.4794360405" lon="8.3502378049">
				<ele>799.0</ele>
			</trkpt>
			<trkpt lat="47.4794387169" lon="8.3503616875">
				<ele>799.5</ele>
			</trkpt>
			<trkpt lat="47.4794442542" lon="8.3504317790">
				<ele>799.7</ele>
			</trkpt>
			<trkpt lat="47.4794640673" lon="8.3505416060">
				<ele>799.9</ele>
			</trkpt>
			<trkpt lat="47.4794852740" lon="8.3506299169">
				<ele>800.4</ele>
			</trkpt>
			<trkpt lat="47.4795390789" lon="8.3507510803">
				<ele>801.2</ele>
			</trkpt>
			<trkpt lat="47.4795690700" lon="8.3508054473">
				<ele>801.5</ele>
			</trkpt>
			<trkpt lat="47.4796026418" lon="8.3508688416">
				<ele>801.6</ele>
			</trkpt>
			<trkpt lat="47.4796205222" lon="8.3509158104">
				<ele>801.6</ele>
			</trkpt>
			<trkpt lat="47.4796391490" lon="8.3510220157">
				<ele>801.5</ele>
			</trkpt>
			<trkpt lat="47.4796429820" lon="8.3511531094">
				<ele>801.0</ele>
			</trkpt>
			<trkpt lat="47.4796470837" lon="8.3512500936">
				<ele>800.0</ele>
			</trkpt>
			<trkpt lat="47.4796576134" lon="8.3513041144">
				<ele>798.8</ele>
			</trkpt>
			<trkpt lat="47.4796496316" lon="8.3513901246">
				<ele>797.5</ele>
			</trkpt>
			<trkpt lat="47.4796476533" lon="8.3514870111">
				<ele>795.9</ele>
			</trkpt>
			<trkpt lat="47.4796525301" lon="8.3516396563">
				<ele>793.0</ele>
			</trkpt>
			<trkpt lat="47.4796606508" lon="8.3516900470">
				<ele>792.2</ele>
			</trkpt>
			<trkpt lat="47.4795690700" lon="8.3508054449">
				<ele>801.5</ele>
			</trkpt>
			<trkpt lat="47.4795690700" lon="8.3508054473">
				<ele>801.5</ele>
			</trkpt>
			<trkpt lat="47.4796026418" lon="8.3508688416">
				<ele>801.6</ele>
			</trkpt>
			<trkpt lat="47.4796205222" lon="8.3509158104">
				<ele>801.6</ele>
			</trkpt>
			<trkpt lat="47.4796391490" lon="8.3510220157">
				<ele>801.5</ele>
			</trkpt>
			<trkpt lat="47.4796429820" lon="8.3511531094">
				<ele>801.0</ele>
			</trkpt>
			<trkpt lat="47.4796470837" lon="8.3512500936">
				<ele>800.0</ele>
			</trkpt>
			<trkpt lat="47.4796576134" lon="8.3513041144">
				<ele>798.8</ele>
			</trkpt>
			<trkpt lat="47.4796496316" lon="8.3513901246">
				<ele>797.5</ele>
			</trkpt>
			<trkpt lat="47.4796476533" lon="8.3514870111">
				<ele>795.9</ele>
			</trkpt>
			<trkpt lat="47.4796525301" lon="8.3516396563">
				<ele>793.0</ele>
			</trkpt>
			<trkpt lat="47.4796606508" lon="8.3516900470">
				<ele>792.2</ele>
			</trkpt>
			<trkpt lat="47.4796878875" lon="8.3517856400">
				<ele>790.8</ele>
			</trkpt>
			<trkpt lat="47.4797018898" lon="8.3518612542">
				<ele>790.1</ele>
			</trkpt>
			<trkpt lat="47.4797132086" lon="8.3519691421">
				<ele>788.9</ele>
			</trkpt>
			<trkpt lat="47.4797305494" lon="8.3520843047">
				<ele>787.8</ele>
			</trkpt>
			<trkpt lat="47.4797359920" lon="8.3521651619">
				<ele>786.9</ele>
			</trkpt>
			<trkpt lat="47.4797560683" lon="8.3522426814">
				<ele>786.5</ele>
			</trkpt>
			<trkpt lat="47.4797603390" lon="8.3523181416">
				<ele>786.0</ele>
			</trkpt>
			<trkpt lat="47.4797611372" lon="8.3523719893">
				<ele>785.9</ele>
			</trkpt>
			<trkpt lat="47.4797727857" lon="8.3524368029">
				<ele>785.6</ele>
			</trkpt>
			<trkpt lat="47.4797829890" lon="8.3525321041">
				<ele>785.4</ele>
			</trkpt>
			<trkpt lat="47.4798001320" lon="8.3526723992">
				<ele>785.0</ele>
			</trkpt>
			<trkpt lat="47.4798067687" lon="8.3527568661">
				<ele>784.8</ele>
			</trkpt>
			<trkpt lat="47.4798197109" lon="8.3528127298">
				<ele>784.8</ele>
			</trkpt>
			<trkpt lat="47.4798300043" lon="8.3528954714">
				<ele>784.8</ele>
			</trkpt>
			<trkpt lat="47.4798441563" lon="8.3529531375">
				<ele>784.7</ele>
			</trkpt>
			<trkpt lat="47.4798632773" lon="8.3529965461">
				<ele>784.4</ele>
			</trkpt>
			<trkpt lat="47.4798578023" lon="8.3530736272">
				<ele>784.6</ele>
			</trkpt>
			<trkpt lat="47.4798582935" lon="8.3531651665">
				<ele>784.6</ele>
			</trkpt>
			<trkpt lat="47.4798734469" lon="8.3532497798">
				<ele>784.3</ele>
			</trkpt>
			<trkpt lat="47.4798828377" lon="8.3532930214">
				<ele>784.2</ele>
			</trkpt>
			<trkpt lat="47.4798786475" lon="8.3533611586">
				<ele>783.7</ele>
			</trkpt>
			<trkpt lat="47.4798801346" lon="8.3534814266">
				<ele>783.0</ele>
			</trkpt>
			<trkpt lat="47.4798963176" lon="8.3535893923">
				<ele>782.9</ele>
			</trkpt>
			<trkpt lat="47.4799102181" lon="8.3536775862">
				<ele>782.9</ele>
			</trkpt>
			<trkpt lat="47.4799325375" lon="8.3537784667">
				<ele>782.3</ele>
			</trkpt>
			<trkpt lat="47.4799447271" lon="8.3539294508">
				<ele>781.1</ele>
			</trkpt>
			<trkpt lat="47.4799625238" lon="8.3541415433">
				<ele>781.1</ele>
			</trkpt>
			<trkpt lat="47.4799640297" lon="8.3542582294">
				<ele>781.2</ele>
			</trkpt>
			<trkpt lat="47.4799525450" lon="8.3543262283">
				<ele>780.5</ele>
			</trkpt>
			<trkpt lat="47.4799579434" lon="8.3544124752">
				<ele>780.1</ele>
			</trkpt>
			<trkpt lat="47.4799596423" lon="8.3545058300">
				<ele>779.6</ele>
			</trkpt>
			<trkpt lat="47.4799663772" lon="8.3545777378">
				<ele>779.5</ele>
			</trkpt>
			<trkpt lat="47.4799487327" lon="8.3546546095">
				<ele>778.6</ele>
			</trkpt>
			<trkpt lat="47.4799398323" lon="8.3547029200">
				<ele>778.1</ele>
			</trkpt>
			<trkpt lat="47.4799338885" lon="8.3548392235">
				<ele>777.9</ele>
			</trkpt>
			<trkpt lat="47.4799160450" lon="8.3549412207">
				<ele>777.3</ele>
			</trkpt>
			<trkpt lat="47.4799068890" lon="8.3550218207">
				<ele>776.7</ele>
			</trkpt>
			<trkpt lat="47.4799052255" lon="8.3550774337">
				<ele>776.5</ele>
			</trkpt>
			<trkpt lat="47.4799225163" lon="8.3551997813">
				<ele>776.4</ele>
			</trkpt>
			<trkpt lat="47.4799366146" lon="8.3552628435">
				<ele>775.8</ele>
			</trkpt>
			<trkpt lat="47.4799556222" lon="8.3553206069">
				<ele>775.6</ele>
			</trkpt>
			<trkpt lat="47.4799638123" lon="8.3553620207">
				<ele>775.6</ele>
			</trkpt>
			<trkpt lat="47.4799690624" lon="8.3554679980">
				<ele>774.9</ele>
			</trkpt>
			<trkpt lat="47.4799861296" lon="8.3556172722">
				<ele>774.0</ele>
			</trkpt>
			<trkpt lat="47.4800164797" lon="8.3557793300">
				<ele>773.4</ele>
			</trkpt>
			<trkpt lat="47.4800276528" lon="8.3559051487">
				<ele>773.7</ele>
			</trkpt>
			<trkpt lat="47.4800245474" lon="8.3559894485">
				<ele>774.4</ele>
			</trkpt>
			<trkpt lat="47.4800303231" lon="8.3560290330">
				<ele>775.1</ele>
			</trkpt>
			<trkpt lat="47.4800397270" lon="8.3560704874">
				<ele>776.1</ele>
			</trkpt>
			<trkpt lat="47.4800416664" lon="8.3561333405">
				<ele>777.3</ele>
			</trkpt>
			<trkpt lat="47.4800472341" lon="8.3561980505">
				<ele>778.8</ele>
			</trkpt>
			<trkpt lat="47.4800574059" lon="8.3562969350">
				<ele>781.1</ele>
			</trkpt>
			<trkpt lat="47.4800517919" lon="8.3563901574">
				<ele>783.3</ele>
			</trkpt>
			<trkpt lat="47.4800511801" lon="8.3564673288">
				<ele>784.9</ele>
			</trkpt>
			<trkpt lat="47.4800410364" lon="8.3565192002">
				<ele>785.3</ele>
			</trkpt>
			<trkpt lat="47.4800355589" lon="8.3565962812">
				<ele>785.4</ele>
			</trkpt>
			<trkpt lat="47.4800265440" lon="8.3566589453">
				<ele>785.3</ele>
			</trkpt>
			<trkpt lat="47.4800214079" lon="8.3566929583">
				<ele>785.5</ele>
			</trkpt>
			<trkpt lat="47.4800210237" lon="8.3567414154">
				<ele>785.8</ele>
			</trkpt>
			<trkpt lat="47.4800281129" lon="8.3567684613">
				<ele>786.1</ele>
			</trkpt>
			<trkpt lat="47.4800391054" lon="8.3569158238">
				<ele>787.4</ele>
			</trkpt>
			<trkpt lat="47.4800552129" lon="8.3570327620">
				<ele>788.3</ele>
			</trkpt>
			<trkpt lat="47.4800649567" lon="8.3571854931">
				<ele>788.8</ele>
			</trkpt>
			<trkpt lat="47.4800694379" lon="8.3572340213">
				<ele>788.9</ele>
			</trkpt>
			<trkpt lat="47.4800687259" lon="8.3573237522">
				<ele>788.7</ele>
			</trkpt>
			<trkpt lat="47.4800743213" lon="8.3573848805">
				<ele>788.6</ele>
			</trkpt>
			<trkpt lat="47.4800749035" lon="8.3574656485">
				<ele>788.4</ele>
			</trkpt>
			<trkpt lat="47.4800701552" lon="8.3576037737">
				<ele>788.3</ele>
			</trkpt>
			<trkpt lat="47.4800655920" lon="8.3577185674">
				<ele>788.9</ele>
			</trkpt>
			<trkpt lat="47.4800676304" lon="8.3577688415">
				<ele>789.2</ele>
			</trkpt>
			<trkpt lat="47.4800692465" lon="8.3578711805">
				<ele>789.8</ele>
			</trkpt>
			<trkpt lat="47.4800760363" lon="8.3579359054">
				<ele>789.7</ele>
			</trkpt>
			<trkpt lat="47.4800769370" lon="8.3579754059">
				<ele>789.7</ele>
			</trkpt>
			<trkpt lat="47.4800647802" lon="8.3581277589">
				<ele>789.4</ele>
			</trkpt>
			<trkpt lat="47.4800630869" lon="8.3581869539">
				<ele>789.4</ele>
			</trkpt>
			<trkpt lat="47.4800725614" lon="8.3582194246">
				<ele>789.4</ele>
			</trkpt>
			<trkpt lat="47.4800865824" lon="8.3582932599">
				<ele>789.5</ele>
			</trkpt>
			<trkpt lat="47.4800796527" lon="8.3583990337">
				<ele>790.3</ele>
			</trkpt>
			<trkpt lat="47.4800672223" lon="8.3584329141">
				<ele>790.2</ele>
			</trkpt>
			<trkpt lat="47.4800680372" lon="8.3584831865">
				<ele>790.7</ele>
			</trkpt>
			<trkpt lat="47.4800927884" lon="8.3585841244">
				<ele>792.6</ele>
			</trkpt>
			<trkpt lat="47.4800985116" lon="8.3586290982">
				<ele>793.1</ele>
			</trkpt>
			<trkpt lat="47.4800698490" lon="8.3587147442">
				<ele>792.9</ele>
			</trkpt>
			<trkpt lat="47.4800645841" lon="8.3587649116">
				<ele>793.1</ele>
			</trkpt>
			<trkpt lat="47.4800567678" lon="8.3588293906">
				<ele>792.9</ele>
			</trkpt>
			<trkpt lat="47.4800588911" lon="8.3588689122">
				<ele>793.2</ele>
			</trkpt>
			<trkpt lat="47.4800756452" lon="8.3589032970">
				<ele>794.5</ele>
			</trkpt>
			<trkpt lat="47.4800790540" lon="8.3589338750">
				<ele>794.7</ele>
			</trkpt>
			<trkpt lat="47.4800677234" lon="8.3589821430">
				<ele>794.3</ele>
			</trkpt>
			<trkpt lat="47.4800586359" lon="8.3590537779">
				<ele>794.2</ele>
			</trkpt>
			<trkpt lat="47.4800424738" lon="8.3590965594">
				<ele>793.8</ele>
			</trkpt>
			<trkpt lat="47.4800381232" lon="8.3591844395">
				<ele>793.6</ele>
			</trkpt>
			<trkpt lat="47.4800450406" lon="8.3592330229">
				<ele>794.2</ele>
			</trkpt>
			<trkpt lat="47.4800569520" lon="8.3592655359">
				<ele>794.9</ele>
			</trkpt>
			<trkpt lat="47.4800566809" lon="8.3592996263">
				<ele>795.2</ele>
			</trkpt>
			<trkpt lat="47.4800707924" lon="8.3593608891">
				<ele>796.1</ele>
			</trkpt>
			<trkpt lat="47.4800726729" lon="8.3594309193">
				<ele>796.5</ele>
			</trkpt>
			<trkpt lat="47.4801072829" lon="8.3595158714">
				<ele>798.2</ele>
			</trkpt>
			<trkpt lat="47.4801432355" lon="8.3595847029">
				<ele>799.1</ele>
			</trkpt>
			<trkpt lat="47.4801575181" lon="8.3596244351">
				<ele>799.0</ele>
			</trkpt>
			<trkpt lat="47.4801727370" lon="8.3597000860">
				<ele>799.5</ele>
			</trkpt>
			<trkpt lat="47.4801797543" lon="8.3597360970">
				<ele>799.8</ele>
			</trkpt>
			<trkpt lat="47.4801965312" lon="8.3597686945">
				<ele>799.9</ele>
			</trkpt>
			<trkpt lat="47.4801974311" lon="8.3598082016">
				<ele>800.3</ele>
			</trkpt>
			<trkpt lat="47.4801933656" lon="8.3598601842">
				<ele>801.1</ele>
			</trkpt>
			<trkpt lat="47.4802014399" lon="8.3599159528">
				<ele>801.8</ele>
			</trkpt>
			<trkpt lat="47.4802114514" lon="8.3600345943">
				<ele>803.7</ele>
			</trkpt>
			<trkpt lat="47.4802288841" lon="8.3601372011">
				<ele>804.9</ele>
			</trkpt>
			<trkpt lat="47.4802448895" lon="8.3602667004">
				<ele>807.1</ele>
			</trkpt>
			<trkpt lat="47.4802553194" lon="8.3603314953">
				<ele>808.0</ele>
			</trkpt>
			<trkpt lat="47.4802691677" lon="8.3604268492">
				<ele>809.4</ele>
			</trkpt>
			<trkpt lat="47.4802891153" lon="8.3605187393">
				<ele>810.4</ele>
			</trkpt>
			<trkpt lat="47.4802994977" lon="8.3605907114">
				<ele>811.3</ele>
			</trkpt>
			<trkpt lat="47.4802964318" lon="8.3606696287">
				<ele>813.2</ele>
			</trkpt>
			<trkpt lat="47.4802910516" lon="8.3607341434">
				<ele>814.3</ele>
			</trkpt>
			<trkpt lat="47.4802965585" lon="8.3608060312">
				<ele>815.4</ele>
			</trkpt>
			<trkpt lat="47.4802827339" lon="8.3608614403">
				<ele>816.0</ele>
			</trkpt>
			<trkpt lat="47.4802738310" lon="8.3609097372">
				<ele>816.4</ele>
			</trkpt>
			<trkpt lat="47.4802783193" lon="8.3609582790">
				<ele>817.0</ele>
			</trkpt>
			<trkpt lat="47.4802946141" lon="8.3610500930">
				<ele>818.1</ele>
			</trkpt>
			<trkpt lat="47.4803077910" lon="8.3610772450">
				<ele>818.6</ele>
			</trkpt>
			<trkpt lat="47.4803271532" lon="8.3610901420">
				<ele>818.7</ele>
			</trkpt>
			<trkpt lat="47.4803201820" lon="8.3611792985">
				<ele>819.9</ele>
			</trkpt>
			<trkpt lat="47.4803346592" lon="8.3613332923">
				<ele>822.0</ele>
			</trkpt>
			<trkpt lat="47.4803633012" lon="8.3615022891">
				<ele>825.4</ele>
			</trkpt>
			<trkpt lat="47.4804078119" lon="8.3616505005">
				<ele>827.9</ele>
			</trkpt>
			<trkpt lat="47.4804509604" lon="8.3617902536">
				<ele>829.6</ele>
			</trkpt>
			<trkpt lat="47.4804534178" lon="8.3618125493">
				<ele>830.2</ele>
			</trkpt>
			<trkpt lat="47.4804581238" lon="8.3618969330">
				<ele>833.2</ele>
			</trkpt>
			<trkpt lat="47.4804700441" lon="8.3619282486">
				<ele>833.4</ele>
			</trkpt>
			<trkpt lat="47.4804730231" lon="8.3619618061">
				<ele>833.7</ele>
			</trkpt>
			<trkpt lat="47.4804699277" lon="8.3620442990">
				<ele>835.1</ele>
			</trkpt>
			<trkpt lat="47.4804817047" lon="8.3620935700">
				<ele>836.1</ele>
			</trkpt>
			<trkpt lat="47.4804990037" lon="8.3621620609">
				<ele>836.7</ele>
			</trkpt>
			<trkpt lat="47.4805159676" lon="8.3622724283">
				<ele>837.5</ele>
			</trkpt>
			<trkpt lat="47.4805162814" lon="8.3623346579">
				<ele>838.2</ele>
			</trkpt>
			<trkpt lat="47.4805156515" lon="8.3624135982">
				<ele>839.6</ele>
			</trkpt>
			<trkpt lat="47.4805168042" lon="8.3624460876">
				<ele>840.1</ele>
			</trkpt>
			<trkpt lat="47.4805562637" lon="8.3624675224">
				<ele>841.9</ele>
			</trkpt>
			<trkpt lat="47.4805710087" lon="8.3625099974">
				<ele>843.5</ele>
			</trkpt>
			<trkpt lat="47.4805842117" lon="8.3625394762">
				<ele>844.5</ele>
			</trkpt>
			<trkpt lat="47.4805870085" lon="8.3625598019">
				<ele>845.1</ele>
			</trkpt>
			<trkpt lat="47.4805774260" lon="8.3626154270">
				<ele>845.3</ele>
			</trkpt>
			<trkpt lat="47.4805795485" lon="8.3626379759">
				<ele>845.5</ele>
			</trkpt>
			<trkpt lat="47.4805950716" lon="8.3626641327">
				<ele>846.5</ele>
			</trkpt>
			<trkpt lat="47.4806017628" lon="8.3626890156">
				<ele>847.1</ele>
			</trkpt>
			<trkpt lat="47.4806210446" lon="8.3626938138">
				<ele>848.0</ele>
			</trkpt>
			<trkpt lat="47.4806396388" lon="8.3627476022">
				<ele>849.6</ele>
			</trkpt>
			<trkpt lat="47.4806641240" lon="8.3628014800">
				<ele>851.8</ele>
			</trkpt>
			<trkpt lat="47.4806776641" lon="8.3628292868">
				<ele>852.4</ele>
			</trkpt>
			<trkpt lat="47.4807000934" lon="8.3628510354">
				<ele>853.7</ele>
			</trkpt>
			<trkpt lat="47.4807334517" lon="8.3628571599">
				<ele>855.5</ele>
			</trkpt>
			<trkpt lat="47.4807451876" lon="8.3628629803">
				<ele>856.0</ele>
			</trkpt>
			<trkpt lat="47.4807585298" lon="8.3628750026">
				<ele>856.5</ele>
			</trkpt>
			<trkpt lat="47.4807736932" lon="8.3629045221">
				<ele>857.1</ele>
			</trkpt>
			<trkpt lat="47.4807889505" lon="8.3629672771">
				<ele>857.0</ele>
			</trkpt>
			<trkpt lat="47.4807980967" lon="8.3630136071">
				<ele>857.1</ele>
			</trkpt>
			<trkpt lat="47.4808126573" lon="8.3630374930">
				<ele>857.3</ele>
			</trkpt>
			<trkpt lat="47.4808127289" lon="8.3630712853">
				<ele>857.4</ele>
			</trkpt>
			<trkpt lat="47.4808283505" lon="8.3631278535">
				<ele>858.1</ele>
			</trkpt>
			<trkpt lat="47.4808306444" lon="8.3631718231">
				<ele>858.7</ele>
			</trkpt>
			<trkpt lat="47.4808354283" lon="8.3632327250">
				<ele>858.8</ele>
			</trkpt>
			<trkpt lat="47.4808302619" lon="8.3632670094">
				<ele>858.6</ele>
			</trkpt>
			<trkpt lat="47.4808323030" lon="8.3633008359">
				<ele>858.3</ele>
			</trkpt>
			<trkpt lat="47.4808297670" lon="8.3633346024">
				<ele>857.9</ele>
			</trkpt>
			<trkpt lat="47.4808460716" lon="8.3634305969">
				<ele>858.7</ele>
			</trkpt>
			<trkpt lat="47.4808742306" lon="8.3634749640">
				<ele>858.5</ele>
			</trkpt>
			<trkpt lat="47.4808773505" lon="8.3635392188">
				<ele>858.6</ele>
			</trkpt>
			<trkpt lat="47.4808809748" lon="8.3636688295">
				<ele>858.0</ele>
			</trkpt>
			<trkpt lat="47.4808791124" lon="8.3636992196">
				<ele>857.7</ele>
			</trkpt>
			<trkpt lat="47.4808671467" lon="8.3637232602">
				<ele>857.1</ele>
			</trkpt>
			<trkpt lat="47.4808640797" lon="8.3637829244">
				<ele>856.6</ele>
			</trkpt>
			<trkpt lat="47.4808580988" lon="8.3638391563">
				<ele>855.9</ele>
			</trkpt>
			<trkpt lat="47.4808644118" lon="8.3638708026">
				<ele>855.6</ele>
			</trkpt>
			<trkpt lat="47.4808839138" lon="8.3639336189">
				<ele>855.3</ele>
			</trkpt>
			<trkpt lat="47.4808861296" lon="8.3639882829">
				<ele>854.8</ele>
			</trkpt>
			<trkpt lat="47.4808986800" lon="8.3640172132">
				<ele>855.5</ele>
			</trkpt>
			<trkpt lat="47.4809143554" lon="8.3641109427">
				<ele>856.4</ele>
			</trkpt>
			<trkpt lat="47.4809178797" lon="8.3641650853">
				<ele>856.3</ele>
			</trkpt>
			<trkpt lat="47.4809252586" lon="8.3641860286">
				<ele>856.9</ele>
			</trkpt>
			<trkpt lat="47.4809411007" lon="8.3642127487">
				<ele>857.6</ele>
			</trkpt>
			<trkpt lat="47.4809471304" lon="8.3642832475">
				<ele>857.5</ele>
			</trkpt>
			<trkpt lat="47.4809572790" lon="8.3643267707">
				<ele>858.0</ele>
			</trkpt>
			<trkpt lat="47.4809652783" lon="8.3643961831">
				<ele>858.1</ele>
			</trkpt>
			<trkpt lat="47.4809609782" lon="8.3644896172">
				<ele>857.2</ele>
			</trkpt>
			<trkpt lat="47.4809626320" lon="8.3645313213">
				<ele>856.9</ele>
			</trkpt>
			<trkpt lat="47.4809584002" lon="8.3645723789">
				<ele>856.4</ele>
			</trkpt>
			<trkpt lat="47.4809584126" lon="8.3646585609">
				<ele>855.8</ele>
			</trkpt>
			<trkpt lat="47.4809688214" lon="8.3647122274">
				<ele>856.2</ele>
			</trkpt>
			<trkpt lat="47.4809623595" lon="8.3647442348">
				<ele>855.5</ele>
			</trkpt>
			<trkpt lat="47.4809717791" lon="8.3647978971">
				<ele>855.9</ele>
			</trkpt>
			<trkpt lat="47.4809851423" lon="8.3648510514">
				<ele>856.2</ele>
			</trkpt>
			<trkpt lat="47.4809885637" lon="8.3649192570">
				<ele>856.0</ele>
			</trkpt>
			<trkpt lat="47.4809954744" lon="8.3649582216">
				<ele>856.2</ele>
			</trkpt>
			<trkpt lat="47.4810007569" lon="8.3650399799">
				<ele>856.0</ele>
			</trkpt>
			<trkpt lat="47.4810065260" lon="8.3650564124">
				<ele>856.0</ele>
			</trkpt>
			<trkpt lat="47.4810139649" lon="8.3652012753">
				<ele>855.7</ele>
			</trkpt>
			<trkpt lat="47.4810223131" lon="8.3653112550">
				<ele>855.3</ele>
			</trkpt>
			<trkpt lat="47.4810374827" lon="8.3654725717">
				<ele>855.8</ele>
			</trkpt>
			<trkpt lat="47.4810359462" lon="8.3655902831">
				<ele>854.8</ele>
			</trkpt>
			<trkpt lat="47.4810407464" lon="8.3656928741">
				<ele>854.3</ele>
			</trkpt>
			<trkpt lat="47.4810554655" lon="8.3658271489">
				<ele>854.6</ele>
			</trkpt>
			<trkpt lat="47.4810546500" lon="8.3658930522">
				<ele>854.6</ele>
			</trkpt>
			<trkpt lat="47.4810709975" lon="8.3659834189">
				<ele>854.9</ele>
			</trkpt>
			<trkpt lat="47.4810686937" lon="8.3660735061">
				<ele>854.1</ele>
			</trkpt>
			<trkpt lat="47.4810787314" lon="8.3661756184">
				<ele>854.2</ele>
			</trkpt>
			<trkpt lat="47.4810840537" lon="8.3662523052">
				<ele>854.2</ele>
			</trkpt>
			<trkpt lat="47.4810778952" lon="8.3663316359">
				<ele>853.5</ele>
			</trkpt>
			<trkpt lat="47.4810755854" lon="8.3664222931">
				<ele>853.1</ele>
			</trkpt>
			<trkpt lat="47.4810930223" lon="8.3664991651">
				<ele>853.6</ele>
			</trkpt>
			<trkpt lat="47.4810915627" lon="8.3665622262">
				<ele>853.3</ele>
			</trkpt>
			<trkpt lat="47.4810848614" lon="8.3666274699">
				<ele>852.3</ele>
			</trkpt>
			<trkpt lat="47.4810878655" lon="8.3667508709">
				<ele>852.0</ele>
			</trkpt>
			<trkpt lat="47.4810932896" lon="8.3668574118">
				<ele>851.9</ele>
			</trkpt>
			<trkpt lat="47.4811018083" lon="8.3669448502">
				<ele>852.2</ele>
			</trkpt>
			<trkpt lat="47.4811147940" lon="8.3670909378">
				<ele>852.6</ele>
			</trkpt>
			<trkpt lat="47.4811183351" lon="8.3671428137">
				<ele>852.5</ele>
			</trkpt>
			<trkpt lat="47.4811155175" lon="8.3672137484">
				<ele>852.4</ele>
			</trkpt>
			<trkpt lat="47.4811307251" lon="8.3673700004">
				<ele>852.2</ele>
			</trkpt>
			<trkpt lat="47.4811197593" lon="8.3674351826">
				<ele>851.9</ele>
			</trkpt>
			<trkpt lat="47.4811187089" lon="8.3674875551">
				<ele>851.7</ele>
			</trkpt>
			<trkpt lat="47.4811086200" lon="8.3675679573">
				<ele>850.8</ele>
			</trkpt>
			<trkpt lat="47.4810996556" lon="8.3676280889">
				<ele>850.1</ele>
			</trkpt>
			<trkpt lat="47.4811045549" lon="8.3676732186">
				<ele>850.2</ele>
			</trkpt>
			<trkpt lat="47.4810931677" lon="8.3677079773">
				<ele>849.2</ele>
			</trkpt>
			<trkpt lat="47.4811080720" lon="8.3677718422">
				<ele>849.6</ele>
			</trkpt>
			<trkpt lat="47.4811144051" lon="8.3678446080">
				<ele>849.6</ele>
			</trkpt>
			<trkpt lat="47.4811299064" lon="8.3679180779">
				<ele>850.3</ele>
			</trkpt>
			<trkpt lat="47.4811249648" lon="8.3680092465">
				<ele>849.7</ele>
			</trkpt>
			<trkpt lat="47.4811187915" lon="8.3680902741">
				<ele>849.5</ele>
			</trkpt>
			<trkpt lat="47.4811208911" lon="8.3681167750">
				<ele>849.6</ele>
			</trkpt>
			<trkpt lat="47.4811380929" lon="8.3681801231">
				<ele>850.2</ele>
			</trkpt>
			<trkpt lat="47.4811393491" lon="8.3682308450">
				<ele>850.1</ele>
			</trkpt>
			<trkpt lat="47.4811212177" lon="8.3683358995">
				<ele>849.1</ele>
			</trkpt>
			<trkpt lat="47.4811279472" lon="8.3683985207">
				<ele>849.4</ele>
			</trkpt>
			<trkpt lat="47.4811327238" lon="8.3684599933">
				<ele>849.6</ele>
			</trkpt>
			<trkpt lat="47.4811338949" lon="8.3685225303">
				<ele>849.5</ele>
			</trkpt>
			<trkpt lat="47.4811471975" lon="8.3685830118">
				<ele>850.0</ele>
			</trkpt>
			<trkpt lat="47.4811634369" lon="8.3687314047">
				<ele>850.4</ele>
			</trkpt>
			<trkpt lat="47.4811697741" lon="8.3688036006">
				<ele>850.3</ele>
			</trkpt>
			<trkpt lat="47.4811594749" lon="8.3689110335">
				<ele>849.3</ele>
			</trkpt>
			<trkpt lat="47.4811663912" lon="8.3690812512">
				<ele>849.0</ele>
			</trkpt>
			<trkpt lat="47.4811616256" lon="8.3691493337">
				<ele>848.4</ele>
			</trkpt>
			<trkpt lat="47.4811662686" lon="8.3691848971">
				<ele>848.5</ele>
			</trkpt>
			<trkpt lat="47.4811775771" lon="8.3692047826">
				<ele>849.0</ele>
			</trkpt>
			<trkpt lat="47.4811930561" lon="8.3692810514">
				<ele>849.3</ele>
			</trkpt>
			<trkpt lat="47.4811849622" lon="8.3693558456">
				<ele>848.7</ele>
			</trkpt>
			<trkpt lat="47.4811754718" lon="8.3693985214">
				<ele>848.2</ele>
			</trkpt>
			<trkpt lat="47.4811885108" lon="8.3694939042">
				<ele>848.7</ele>
			</trkpt>
			<trkpt lat="47.4811919973" lon="8.3695536701">
				<ele>849.0</ele>
			</trkpt>
			<trkpt lat="47.4812014936" lon="8.3695930046">
				<ele>849.4</ele>
			</trkpt>
			<trkpt lat="47.4812070791" lon="8.3696377774">
				<ele>849.3</ele>
			</trkpt>
			<trkpt lat="47.4812064378" lon="8.3697175284">
				<ele>849.5</ele>
			</trkpt>
			<trkpt lat="47.4812072317" lon="8.3697542424">
				<ele>849.6</ele>
			</trkpt>
			<trkpt lat="47.4812213462" lon="8.3698143110">
				<ele>850.0</ele>
			</trkpt>
			<trkpt lat="47.4812173044" lon="8.3699131526">
				<ele>850.5</ele>
			</trkpt>
			<trkpt lat="47.4812139426" lon="8.3699274629">
				<ele>850.5</ele>
			</trkpt>
			<trkpt lat="47.4812129021" lon="8.3699896569">
				<ele>850.8</ele>
			</trkpt>
			<trkpt lat="47.4812275652" lon="8.3700497545">
				<ele>851.6</ele>
			</trkpt>
			<trkpt lat="47.4812383894" lon="8.3701153499">
				<ele>852.1</ele>
			</trkpt>
			<trkpt lat="47.4812418614" lon="8.3702215012">
				<ele>852.2</ele>
			</trkpt>
			<trkpt lat="47.4812371722" lon="8.3703347007">
				<ele>851.7</ele>
			</trkpt>
			<trkpt lat="47.4812292283" lon="8.3703808239">
				<ele>851.1</ele>
			</trkpt>
			<trkpt lat="47.4812169962" lon="8.3704220977">
				<ele>850.4</ele>
			</trkpt>
			<trkpt lat="47.4812009650" lon="8.3704648855">
				<ele>849.1</ele>
			</trkpt>
			<trkpt lat="47.4812007210" lon="8.3704952002">
				<ele>848.9</ele>
			</trkpt>
			<trkpt lat="47.4812001046" lon="8.3705717707">
				<ele>848.4</ele>
			</trkpt>
			<trkpt lat="47.4812034609" lon="8.3706252698">
				<ele>848.6</ele>
			</trkpt>
			<trkpt lat="47.4812145749" lon="8.3706557834">
				<ele>849.4</ele>
			</trkpt>
			<trkpt lat="47.4812282975" lon="8.3706975114">
				<ele>850.2</ele>
			</trkpt>
			<trkpt lat="47.4812378039" lon="8.3707255933">
				<ele>850.9</ele>
			</trkpt>
			<trkpt lat="47.4812404915" lon="8.3707950436">
				<ele>851.0</ele>
			</trkpt>
			<trkpt lat="47.4812507325" lon="8.3708670167">
				<ele>851.6</ele>
			</trkpt>
			<trkpt lat="47.4812628689" lon="8.3709047263">
				<ele>852.1</ele>
			</trkpt>
			<trkpt lat="47.4812698860" lon="8.3709726459">
				<ele>852.2</ele>
			</trkpt>
			<trkpt lat="47.4812789490" lon="8.3710557672">
				<ele>852.2</ele>
			</trkpt>
			<trkpt lat="47.4812836826" lon="8.3711404064">
				<ele>852.5</ele>
			</trkpt>
			<trkpt lat="47.4812914217" lon="8.3711868173">
				<ele>852.8</ele>
			</trkpt>
			<trkpt lat="47.4813014093" lon="8.3712220859">
				<ele>853.2</ele>
			</trkpt>
			<trkpt lat="47.4813032912" lon="8.3712564156">
				<ele>853.1</ele>
			</trkpt>
			<trkpt lat="47.4812974433" lon="8.3713113604">
				<ele>852.9</ele>
			</trkpt>
			<trkpt lat="47.4812953935" lon="8.3713647714">
				<ele>852.4</ele>
			</trkpt>
			<trkpt lat="47.4813083198" lon="8.3714383919">
				<ele>852.9</ele>
			</trkpt>
			<trkpt lat="47.4813146492" lon="8.3714576530">
				<ele>853.0</ele>
			</trkpt>
			<trkpt lat="47.4813185324" lon="8.3715127553">
				<ele>853.0</ele>
			</trkpt>
			<trkpt lat="47.4813250894" lon="8.3715719081">
				<ele>853.3</ele>
			</trkpt>
			<trkpt lat="47.4813314600" lon="8.3716541792">
				<ele>853.0</ele>
			</trkpt>
			<trkpt lat="47.4813335466" lon="8.3717300003">
				<ele>853.0</ele>
			</trkpt>
			<trkpt lat="47.4813325769" lon="8.3717834239">
				<ele>852.2</ele>
			</trkpt>
			<trkpt lat="47.4813320748" lon="8.3718601586">
				<ele>851.7</ele>
			</trkpt>
			<trkpt lat="47.4813367146" lon="8.3718983331">
				<ele>851.5</ele>
			</trkpt>
			<trkpt lat="47.4813380141" lon="8.3719413013">
				<ele>851.6</ele>
			</trkpt>
			<trkpt lat="47.4813362771" lon="8.3720206899">
				<ele>851.1</ele>
			</trkpt>
			<trkpt lat="47.4813445991" lon="8.3720783772">
				<ele>851.2</ele>
			</trkpt>
			<trkpt lat="47.4813453965" lon="8.3721156615">
				<ele>851.1</ele>
			</trkpt>
			<trkpt lat="47.4813432216" lon="8.3721812758">
				<ele>849.8</ele>
			</trkpt>
			<trkpt lat="47.4813544004" lon="8.3722260369">
				<ele>850.3</ele>
			</trkpt>
			<trkpt lat="47.4813605093" lon="8.3722861149">
				<ele>850.2</ele>
			</trkpt>
			<trkpt lat="47.4813606063" lon="8.3723420255">
				<ele>850.6</ele>
			</trkpt>
			<trkpt lat="47.4813674535" lon="8.3723786191">
				<ele>850.8</ele>
			</trkpt>
			<trkpt lat="47.4813791129" lon="8.3724306900">
				<ele>851.4</ele>
			</trkpt>
			<trkpt lat="47.4813835748" lon="8.3724874869">
				<ele>851.6</ele>
			</trkpt>
			<trkpt lat="47.4813985768" lon="8.3725991338">
				<ele>851.9</ele>
			</trkpt>
			<trkpt lat="47.4814071704" lon="8.3726678265">
				<ele>852.1</ele>
			</trkpt>
			<trkpt lat="47.4814158380" lon="8.3727284288">
				<ele>852.4</ele>
			</trkpt>
			<trkpt lat="47.4814236457" lon="8.3727952484">
				<ele>852.7</ele>
			</trkpt>
			<trkpt lat="47.4814309276" lon="8.3728726574">
				<ele>852.9</ele>
			</trkpt>
			<trkpt lat="47.4814349313" lon="8.3729549909">
				<ele>853.0</ele>
			</trkpt>
			<trkpt lat="47.4814386773" lon="8.3730235986">
				<ele>853.1</ele>
			</trkpt>
			<trkpt lat="47.4814430220" lon="8.3731115485">
				<ele>853.1</ele>
			</trkpt>
			<trkpt lat="47.4814420829" lon="8.3731632623">
				<ele>852.9</ele>
			</trkpt>
			<trkpt lat="47.4814464299" lon="8.3732119529">
				<ele>853.0</ele>
			</trkpt>
			<trkpt lat="47.4814553786" lon="8.3732856402">
				<ele>853.2</ele>
			</trkpt>
			<trkpt lat="47.4814614850" lon="8.3733592908">
				<ele>853.4</ele>
			</trkpt>
			<trkpt lat="47.4814675241" lon="8.3734011504">
				<ele>853.2</ele>
			</trkpt>
			<trkpt lat="47.4814693960" lon="8.3734155135">
				<ele>853.2</ele>
			</trkpt>
			<trkpt lat="47.4814715399" lon="8.3734429745">
				<ele>853.2</ele>
			</trkpt>
			<trkpt lat="47.4814740255" lon="8.3734760452">
				<ele>853.4</ele>
			</trkpt>
			<trkpt lat="47.4814728571" lon="8.3735115525">
				<ele>853.5</ele>
			</trkpt>
			<trkpt lat="47.4814794515" lon="8.3735770941">
				<ele>853.7</ele>
			</trkpt>
			<trkpt lat="47.4814787353" lon="8.3736468804">
				<ele>853.5</ele>
			</trkpt>
			<trkpt lat="47.4814815317" lon="8.3736893115">
				<ele>853.4</ele>
			</trkpt>
			<trkpt lat="47.4814939533" lon="8.3737393877">
				<ele>853.4</ele>
			</trkpt>
			<trkpt lat="47.4815022642" lon="8.3737962397">
				<ele>853.4</ele>
			</trkpt>
			<trkpt lat="47.4815092944" lon="8.3738200483">
				<ele>853.4</ele>
			</trkpt>
			<trkpt lat="47.4815081562" lon="8.3738518051">
				<ele>852.9</ele>
			</trkpt>
			<trkpt lat="47.4815133470" lon="8.3738973880">
				<ele>852.4</ele>
			</trkpt>
			<trkpt lat="47.4815173130" lon="8.3739442062">
				<ele>852.1</ele>
			</trkpt>
			<trkpt lat="47.4815259599" lon="8.3740072962">
				<ele>851.8</ele>
			</trkpt>
			<trkpt lat="47.4815346066" lon="8.3740703928">
				<ele>851.6</ele>
			</trkpt>
			<trkpt lat="47.4815353741" lon="8.3741134103">
				<ele>851.1</ele>
			</trkpt>
			<trkpt lat="47.4815351999" lon="8.3741694847">
				<ele>850.0</ele>
			</trkpt>
			<trkpt lat="47.4815367873" lon="8.3742112857">
				<ele>849.4</ele>
			</trkpt>
			<trkpt lat="47.4815481222" lon="8.3742488720">
				<ele>849.1</ele>
			</trkpt>
			<trkpt lat="47.4815505975" lon="8.3742831866">
				<ele>848.6</ele>
			</trkpt>
			<trkpt lat="47.4815448647" lon="8.3743292060">
				<ele>848.3</ele>
			</trkpt>
			<trkpt lat="47.4815487475" lon="8.3743841079">
				<ele>848.1</ele>
			</trkpt>
			<trkpt lat="47.4815542691" lon="8.3744365573">
				<ele>847.8</ele>
			</trkpt>
			<trkpt lat="47.4815594541" lon="8.3744827686">
				<ele>847.6</ele>
			</trkpt>
			<trkpt lat="47.4815600548" lon="8.3745419794">
				<ele>847.3</ele>
			</trkpt>
			<trkpt lat="47.4815720540" lon="8.3746331867">
				<ele>847.1</ele>
			</trkpt>
			<trkpt lat="47.4815797242" lon="8.3747124624">
				<ele>846.7</ele>
			</trkpt>
			<trkpt lat="47.4815815643" lon="8.3747940909">
				<ele>845.9</ele>
			</trkpt>
			<trkpt lat="47.4815784220" lon="8.3748400911">
				<ele>845.2</ele>
			</trkpt>
			<trkpt lat="47.4815707285" lon="8.3748738381">
				<ele>844.3</ele>
			</trkpt>
			<trkpt lat="47.4815682896" lon="8.3749018469">
				<ele>843.9</ele>
			</trkpt>
			<trkpt lat="47.4815782649" lon="8.3749485248">
				<ele>843.9</ele>
			</trkpt>
			<trkpt lat="47.4815887060" lon="8.3750031858">
				<ele>843.8</ele>
			</trkpt>
			<trkpt lat="47.4815966803" lon="8.3750582051">
				<ele>843.4</ele>
			</trkpt>
			<trkpt lat="47.4815971907" lon="8.3750929710">
				<ele>843.0</ele>
			</trkpt>
			<trkpt lat="47.4815910186" lon="8.3751409909">
				<ele>842.3</ele>
			</trkpt>
			<trkpt lat="47.4815927625" lon="8.3751900183">
				<ele>842.2</ele>
			</trkpt>
			<trkpt lat="47.4815978063" lon="8.3752370240">
				<ele>842.2</ele>
			</trkpt>
			<trkpt lat="47.4816061232" lon="8.3752840938">
				<ele>842.4</ele>
			</trkpt>
			<trkpt lat="47.4816141725" lon="8.3753320011">
				<ele>842.5</ele>
			</trkpt>
			<trkpt lat="47.4816240888" lon="8.3753837119">
				<ele>842.5</ele>
			</trkpt>
			<trkpt lat="47.4816298310" lon="8.3754144042">
				<ele>842.6</ele>
			</trkpt>
			<trkpt lat="47.4816329761" lon="8.3754592646">
				<ele>842.9</ele>
			</trkpt>
			<trkpt lat="47.4816343048" lon="8.3754940515">
				<ele>842.7</ele>
			</trkpt>
			<trkpt lat="47.4816372731" lon="8.3755284526">
				<ele>842.3</ele>
			</trkpt>
			<trkpt lat="47.4816421001" lon="8.3755699996">
				<ele>842.5</ele>
			</trkpt>
			<trkpt lat="47.4816488557" lon="8.3756388228">
				<ele>842.4</ele>
			</trkpt>
			<trkpt lat="47.4816474808" lon="8.3756697786">
				<ele>842.3</ele>
			</trkpt>
			<trkpt lat="47.4816463474" lon="8.3757053449">
				<ele>842.2</ele>
			</trkpt>
			<trkpt lat="47.4816490138" lon="8.3757426624">
				<ele>842.1</ele>
			</trkpt>
			<trkpt lat="47.4816573254" lon="8.3758814286">
				<ele>842.1</ele>
			</trkpt>
			<trkpt lat="47.4816635312" lon="8.3759514859">
				<ele>842.1</ele>
			</trkpt>
			<trkpt lat="47.4816655323" lon="8.3760331888">
				<ele>842.0</ele>
			</trkpt>
			<trkpt lat="47.4816664802" lon="8.3761094117">
				<ele>842.0</ele>
			</trkpt>
			<trkpt lat="47.4816651809" lon="8.3761621430">
				<ele>841.8</ele>
			</trkpt>
			<trkpt lat="47.4816691392" lon="8.3762087023">
				<ele>841.8</ele>
			</trkpt>
			<trkpt lat="47.4816660339" lon="8.3762500839">
				<ele>841.4</ele>
			</trkpt>
			<trkpt lat="47.4816596474" lon="8.3763211309">
				<ele>841.0</ele>
			</trkpt>
			<trkpt lat="47.4816589550" lon="8.3763977396">
				<ele>840.7</ele>
			</trkpt>
			<trkpt lat="47.4816603488" lon="8.3764555586">
				<ele>840.5</ele>
			</trkpt>
			<trkpt lat="47.4816627786" lon="8.3764886934">
				<ele>840.7</ele>
			</trkpt>
			<trkpt lat="47.4816691343" lon="8.3765424212">
				<ele>841.1</ele>
			</trkpt>
			<trkpt lat="47.4816734614" lon="8.3766078264">
				<ele>841.4</ele>
			</trkpt>
			<trkpt lat="47.4816747116" lon="8.3766811265">
				<ele>841.5</ele>
			</trkpt>
			<trkpt lat="47.4816772042" lon="8.3767687010">
				<ele>841.9</ele>
			</trkpt>
			<trkpt lat="47.4816768073" lon="8.3768432159">
				<ele>842.2</ele>
			</trkpt>
			<trkpt lat="47.4816797776" lon="8.3769073404">
				<ele>842.2</ele>
			</trkpt>
			<trkpt lat="47.4816841505" lon="8.3769681467">
				<ele>842.4</ele>
			</trkpt>
			<trkpt lat="47.4816882900" lon="8.3770544870">
				<ele>842.5</ele>
			</trkpt>
			<trkpt lat="47.4816939585" lon="8.3771530079">
				<ele>842.5</ele>
			</trkpt>
			<trkpt lat="47.4816924523" lon="8.3771990369">
				<ele>842.5</ele>
			</trkpt>
			<trkpt lat="47.4816876766" lon="8.3772433173">
				<ele>842.4</ele>
			</trkpt>
			<trkpt lat="47.4816865666" lon="8.3772759492">
				<ele>842.5</ele>
			</trkpt>
			<trkpt lat="47.4816873459" lon="8.3773107264">
				<ele>842.7</ele>
			</trkpt>
			<trkpt lat="47.4816893386" lon="8.3773622655">
				<ele>842.7</ele>
			</trkpt>
			<trkpt lat="47.4816947079" lon="8.3774034143">
				<ele>842.6</ele>
			</trkpt>
			<trkpt lat="47.4816942825" lon="8.3774503045">
				<ele>842.4</ele>
			</trkpt>
			<trkpt lat="47.4816937684" lon="8.3774770839">
				<ele>842.1</ele>
			</trkpt>
			<trkpt lat="47.4816882787" lon="8.3775096256">
				<ele>841.9</ele>
			</trkpt>
			<trkpt lat="47.4816825019" lon="8.3775442614">
				<ele>841.6</ele>
			</trkpt>
			<trkpt lat="47.4816831941" lon="8.3775886706">
				<ele>841.6</ele>
			</trkpt>
			<trkpt lat="47.4816831570" lon="8.3776531501">
				<ele>841.5</ele>
			</trkpt>
			<trkpt lat="47.4816811274" lon="8.3776660778">
				<ele>841.4</ele>
			</trkpt>
			<trkpt lat="47.4816698124" lon="8.3776771442">
				<ele>841.3</ele>
			</trkpt>
			<trkpt lat="47.4816655305" lon="8.3776971520">
				<ele>841.2</ele>
			</trkpt>
			<trkpt lat="47.4816618622" lon="8.3777401950">
				<ele>841.2</ele>
			</trkpt>
			<trkpt lat="47.4816582174" lon="8.3777803233">
				<ele>841.3</ele>
			</trkpt>
			<trkpt lat="47.4816551013" lon="8.3778229614">
				<ele>841.1</ele>
			</trkpt>
			<trkpt lat="47.4816537104" lon="8.3778857327">
				<ele>840.9</ele>
			</trkpt>
			<trkpt lat="47.4816526122" lon="8.3779468572">
				<ele>840.4</ele>
			</trkpt>
			<trkpt lat="47.4816489472" lon="8.3779894856">
				<ele>840.0</ele>
			</trkpt>
			<trkpt lat="47.4816430237" lon="8.3780400233">
				<ele>840.0</ele>
			</trkpt>
			<trkpt lat="47.4816433000" lon="8.3780868804">
				<ele>840.3</ele>
			</trkpt>
			<trkpt lat="47.4816454126" lon="8.3781668297">
				<ele>840.6</ele>
			</trkpt>
			<trkpt lat="47.4816432302" lon="8.3782295611">
				<ele>840.7</ele>
			</trkpt>
			<trkpt lat="47.4816398187" lon="8.3782941689">
				<ele>840.7</ele>
			</trkpt>
			<trkpt lat="47.4816357942" lon="8.3783378405">
				<ele>840.7</ele>
			</trkpt>
			<trkpt lat="47.4816351208" lon="8.3783676426">
				<ele>840.7</ele>
			</trkpt>
			<trkpt lat="47.4816325441" lon="8.3784135943">
				<ele>841.1</ele>
			</trkpt>
			<trkpt lat="47.4816251111" lon="8.3784915351">
				<ele>841.2</ele>
			</trkpt>
			<trkpt lat="47.4816185730" lon="8.3785302386">
				<ele>841.5</ele>
			</trkpt>
			<trkpt lat="47.4816134247" lon="8.3785639006">
				<ele>841.8</ele>
			</trkpt>
			<trkpt lat="47.4816094465" lon="8.3785874638">
				<ele>841.6</ele>
			</trkpt>
			<trkpt lat="47.4816052260" lon="8.3786076474">
				<ele>841.5</ele>
			</trkpt>
			<trkpt lat="47.4815956740" lon="8.3786230854">
				<ele>841.4</ele>
			</trkpt>
			<trkpt lat="47.4815904005" lon="8.3786411255">
				<ele>841.2</ele>
			</trkpt>
			<trkpt lat="47.4815886367" lon="8.3786866833">
				<ele>841.1</ele>
			</trkpt>
			<trkpt lat="47.4815891859" lon="8.3787153926">
				<ele>841.2</ele>
			</trkpt>
			<trkpt lat="47.4815909942" lon="8.3787529867">
				<ele>841.2</ele>
			</trkpt>
			<trkpt lat="47.4815923409" lon="8.3787821311">
				<ele>840.8</ele>
			</trkpt>
			<trkpt lat="47.4815899108" lon="8.3788133209">
				<ele>840.4</ele>
			</trkpt>
			<trkpt lat="47.4815826402" lon="8.3788435766">
				<ele>840.0</ele>
			</trkpt>
			<trkpt lat="47.4815780108" lon="8.3788797806">
				<ele>839.8</ele>
			</trkpt>
			<trkpt lat="47.4815765910" lon="8.3789173178">
				<ele>839.6</ele>
			</trkpt>
			<trkpt lat="47.4815743231" lon="8.3789594849">
				<ele>839.5</ele>
			</trkpt>
			<trkpt lat="47.4815684525" lon="8.3790133921">
				<ele>839.2</ele>
			</trkpt>
			<trkpt lat="47.4815676958" lon="8.3790678302">
				<ele>839.2</ele>
			</trkpt>
			<trkpt lat="47.4815715727" lon="8.3791143364">
				<ele>839.6</ele>
			</trkpt>
			<trkpt lat="47.4815761027" lon="8.3791490373">
				<ele>839.8</ele>
			</trkpt>
			<trkpt lat="47.4815808562" lon="8.3791883807">
				<ele>840.0</ele>
			</trkpt>
			<trkpt lat="47.4815813692" lon="8.3792204582">
				<ele>840.1</ele>
			</trkpt>
			<trkpt lat="47.4815757541" lon="8.3792760673">
				<ele>840.2</ele>
			</trkpt>
			<trkpt lat="47.4815711688" lon="8.3793367543">
				<ele>840.5</ele>
			</trkpt>
			<trkpt lat="47.4815694439" lon="8.3793785034">
				<ele>840.5</ele>
			</trkpt>
			<trkpt lat="47.4815697137" lon="8.3794371772">
				<ele>840.6</ele>
			</trkpt>
			<trkpt lat="47.4815717919" lon="8.3794747760">
				<ele>840.8</ele>
			</trkpt>
			<trkpt lat="47.4815789394" lon="8.3795470984">
				<ele>841.5</ele>
			</trkpt>
			<trkpt lat="47.4815872490" lon="8.3796092960">
				<ele>842.0</ele>
			</trkpt>
			<trkpt lat="47.4815920592" lon="8.3796427386">
				<ele>842.4</ele>
			</trkpt>
			<trkpt lat="47.4815901059" lon="8.3796794176">
				<ele>842.3</ele>
			</trkpt>
			<trkpt lat="47.4815877032" lon="8.3797072196">
				<ele>842.2</ele>
			</trkpt>
			<trkpt lat="47.4815887477" lon="8.3797701310">
				<ele>842.4</ele>
			</trkpt>
			<trkpt lat="47.4815920195" lon="8.3798246404">
				<ele>843.1</ele>
			</trkpt>
			<trkpt lat="47.4815935339" lon="8.3798651835">
				<ele>843.9</ele>
			</trkpt>
			<trkpt lat="47.4815990124" lon="8.3798838735">
				<ele>844.2</ele>
			</trkpt>
			<trkpt lat="47.4816023089" lon="8.3799054467">
				<ele>844.0</ele>
			</trkpt>
			<trkpt lat="47.4816028043" lon="8.3799396489">
				<ele>843.9</ele>
			</trkpt>
			<trkpt lat="47.4816042344" lon="8.3799894806">
				<ele>843.6</ele>
			</trkpt>
			<trkpt lat="47.4816057585" lon="8.3800287671">
				<ele>843.1</ele>
			</trkpt>
			<trkpt lat="47.4816049720" lon="8.3800857249">
				<ele>842.4</ele>
			</trkpt>
			<trkpt lat="47.4816071830" lon="8.3801389587">
				<ele>842.6</ele>
			</trkpt>
			<trkpt lat="47.4816105597" lon="8.3801816468">
				<ele>842.9</ele>
			</trkpt>
			<trkpt lat="47.4816111262" lon="8.3802082444">
				<ele>843.2</ele>
			</trkpt>
			<trkpt lat="47.4816065477" lon="8.3802381263">
				<ele>843.6</ele>
			</trkpt>
			<trkpt lat="47.4816008215" lon="8.3802764359">
				<ele>844.4</ele>
			</trkpt>
			<trkpt lat="47.4815970865" lon="8.3803021088">
				<ele>844.8</ele>
			</trkpt>
			<trkpt lat="47.4815957127" lon="8.3803350016">
				<ele>844.8</ele>
			</trkpt>
			<trkpt lat="47.4815943115" lon="8.3803712627">
				<ele>844.6</ele>
			</trkpt>
			<trkpt lat="47.4815986575" lon="8.3803954071">
				<ele>844.6</ele>
			</trkpt>
			<trkpt lat="47.4816050965" lon="8.3804276024">
				<ele>844.7</ele>
			</trkpt>
			<trkpt lat="47.4816072860" lon="8.3804525573">
				<ele>844.8</ele>
			</trkpt>
			<trkpt lat="47.4816069203" lon="8.3804930607">
				<ele>845.0</ele>
			</trkpt>
			<trkpt lat="47.4816026085" lon="8.3805233685">
				<ele>845.3</ele>
			</trkpt>
			<trkpt lat="47.4816005402" lon="8.3805431689">
				<ele>845.8</ele>
			</trkpt>
			<trkpt lat="47.4816016153" lon="8.3805735849">
				<ele>846.1</ele>
			</trkpt>
			<trkpt lat="47.4816064091" lon="8.3806078567">
				<ele>846.7</ele>
			</trkpt>
			<trkpt lat="47.4816081996" lon="8.3806475754">
				<ele>846.5</ele>
			</trkpt>
			<trkpt lat="47.4816046158" lon="8.3806867586">
				<ele>846.2</ele>
			</trkpt>
			<trkpt lat="47.4815957212" lon="8.3807186566">
				<ele>845.3</ele>
			</trkpt>
			<trkpt lat="47.4815925435" lon="8.3807422274">
				<ele>845.0</ele>
			</trkpt>
			<trkpt lat="47.4815951262" lon="8.3807840722">
				<ele>845.3</ele>
			</trkpt>
			<trkpt lat="47.4815984617" lon="8.3808605253">
				<ele>845.8</ele>
			</trkpt>
			<trkpt lat="47.4816015639" lon="8.3809336055">
				<ele>846.5</ele>
			</trkpt>
			<trkpt lat="47.4816018492" lon="8.3809614744">
				<ele>847.0</ele>
			</trkpt>
			<trkpt lat="47.4815997666" lon="8.3810129155">
				<ele>847.2</ele>
			</trkpt>
			<trkpt lat="47.4815991516" lon="8.3810508944">
				<ele>847.4</ele>
			</trkpt>
			<trkpt lat="47.4815988411" lon="8.3810846547">
				<ele>847.6</ele>
			</trkpt>
			<trkpt lat="47.4816042783" lon="8.3811083908">
				<ele>847.5</ele>
			</trkpt>
			<trkpt lat="47.4816118150" lon="8.3811372368">
				<ele>847.4</ele>
			</trkpt>
			<trkpt lat="47.4816131300" lon="8.3811701902">
				<ele>847.2</ele>
			</trkpt>
			<trkpt lat="47.4816146675" lon="8.3812077796">
				<ele>847.2</ele>
			</trkpt>
			<trkpt lat="47.4816076491" lon="8.3812401513">
				<ele>847.5</ele>
			</trkpt>
			<trkpt lat="47.4815991226" lon="8.3812610813">
				<ele>847.7</ele>
			</trkpt>
			<trkpt lat="47.4815878567" lon="8.3812870354">
				<ele>847.9</ele>
			</trkpt>
			<trkpt lat="47.4815809888" lon="8.3813031618">
				<ele>848.2</ele>
			</trkpt>
			<trkpt lat="47.4815731101" lon="8.3813306854">
				<ele>847.8</ele>
			</trkpt>
			<trkpt lat="47.4815671551" lon="8.3813859772">
				<ele>846.9</ele>
			</trkpt>
			<trkpt lat="47.4815616332" lon="8.3814244911">
				<ele>846.2</ele>
			</trkpt>
			<trkpt lat="47.4815577400" lon="8.3814630273">
				<ele>845.6</ele>
			</trkpt>
			<trkpt lat="47.4815566246" lon="8.3814961773">
				<ele>845.2</ele>
			</trkpt>
			<trkpt lat="47.4815641695" lon="8.3815349874">
				<ele>845.1</ele>
			</trkpt>
			<trkpt lat="47.4815687803" lon="8.3815674290">
				<ele>845.2</ele>
			</trkpt>
			<trkpt lat="47.4815719628" lon="8.3816073992">
				<ele>845.5</ele>
			</trkpt>
			<trkpt lat="47.4815772670" lon="8.3816541251">
				<ele>846.0</ele>
			</trkpt>
			<trkpt lat="47.4815842156" lon="8.3816988072">
				<ele>847.0</ele>
			</trkpt>
			<trkpt lat="47.4815882404" lon="8.3817358511">
				<ele>847.3</ele>
			</trkpt>
			<trkpt lat="47.4815867879" lon="8.3817761343">
				<ele>847.3</ele>
			</trkpt>
			<trkpt lat="47.4815822941" lon="8.3818507644">
				<ele>847.4</ele>
			</trkpt>
			<trkpt lat="47.4815840374" lon="8.3818995199">
				<ele>847.6</ele>
			</trkpt>
			<trkpt lat="47.4815851017" lon="8.3819322939">
				<ele>848.0</ele>
			</trkpt>
			<trkpt lat="47.4815821844" lon="8.3819536470">
				<ele>848.4</ele>
			</trkpt>
			<trkpt lat="47.4815764648" lon="8.3819833273">
				<ele>849.0</ele>
			</trkpt>
			<trkpt lat="47.4815682161" lon="8.3820209311">
				<ele>849.8</ele>
			</trkpt>
			<trkpt lat="47.4815680509" lon="8.3820389836">
				<ele>849.8</ele>
			</trkpt>
			<trkpt lat="47.4815723715" lon="8.3820739403">
				<ele>850.2</ele>
			</trkpt>
			<trkpt lat="47.4815816513" lon="8.3821018650">
				<ele>850.4</ele>
			</trkpt>
			<trkpt lat="47.4815836042" lon="8.3821271073">
				<ele>850.6</ele>
			</trkpt>
			<trkpt lat="47.4815810804" lon="8.3821652596">
				<ele>850.6</ele>
			</trkpt>
			<trkpt lat="47.4815809480" lon="8.3822101984">
				<ele>850.6</ele>
			</trkpt>
			<trkpt lat="47.4815813348" lon="8.3822576471">
				<ele>850.8</ele>
			</trkpt>
			<trkpt lat="47.4815858544" lon="8.3823001742">
				<ele>850.8</ele>
			</trkpt>
			<trkpt lat="47.4815936109" lon="8.3823461273">
				<ele>850.9</ele>
			</trkpt>
			<trkpt lat="47.4815957156" lon="8.3823848022">
				<ele>850.7</ele>
			</trkpt>
			<trkpt lat="47.4815966643" lon="8.3824306024">
				<ele>850.2</ele>
			</trkpt>
			<trkpt lat="47.4815963542" lon="8.3824940082">
				<ele>850.2</ele>
			</trkpt>
			<trkpt lat="47.4815973392" lon="8.3825662542">
				<ele>850.0</ele>
			</trkpt>
			<trkpt lat="47.4815980833" lon="8.3826040692">
				<ele>850.2</ele>
			</trkpt>
			<trkpt lat="47.4815990251" lon="8.3826506921">
				<ele>850.3</ele>
			</trkpt>
			<trkpt lat="47.4816034776" lon="8.3826705304">
				<ele>850.7</ele>
			</trkpt>
			<trkpt lat="47.4816133594" lon="8.3826930174">
				<ele>851.1</ele>
			</trkpt>
			<trkpt lat="47.4816178118" lon="8.3827128687">
				<ele>851.4</ele>
			</trkpt>
			<trkpt lat="47.4816211623" lon="8.3827641663">
				<ele>851.7</ele>
			</trkpt>
			<trkpt lat="47.4816240778" lon="8.3828335312">
				<ele>852.2</ele>
			</trkpt>
			<trkpt lat="47.4816265799" lon="8.3828873405">
				<ele>852.6</ele>
			</trkpt>
			<trkpt lat="47.4816303494" lon="8.3829831722">
				<ele>852.7</ele>
			</trkpt>
			<trkpt lat="47.4816348894" lon="8.3830529741">
				<ele>853.1</ele>
			</trkpt>
			<trkpt lat="47.4816386828" lon="8.3831160511">
				<ele>853.3</ele>
			</trkpt>
			<trkpt lat="47.4816414143" lon="8.3831749046">
				<ele>853.4</ele>
			</trkpt>
			<trkpt lat="47.4816386977" lon="8.3832046574">
				<ele>853.4</ele>
			</trkpt>
			<trkpt lat="47.4816346585" lon="8.3832587328">
				<ele>853.0</ele>
			</trkpt>
			<trkpt lat="47.4816337571" lon="8.3833284252">
				<ele>852.7</ele>
			</trkpt>
			<trkpt lat="47.4816349719" lon="8.3834044588">
				<ele>853.0</ele>
			</trkpt>
			<trkpt lat="47.4816394734" lon="8.3834788922">
				<ele>853.4</ele>
			</trkpt>
			<trkpt lat="47.4816464815" lon="8.3835172655">
				<ele>854.0</ele>
			</trkpt>
			<trkpt lat="47.4816538183" lon="8.3835804183">
				<ele>854.4</ele>
			</trkpt>
			<trkpt lat="47.4816607839" lon="8.3836230019">
				<ele>854.9</ele>
			</trkpt>
			<trkpt lat="47.4816686669" lon="8.3836853417">
				<ele>855.1</ele>
			</trkpt>
			<trkpt lat="47.4816705250" lon="8.3837210776">
				<ele>855.2</ele>
			</trkpt>
			<trkpt lat="47.4816695806" lon="8.3837651404">
				<ele>855.3</ele>
			</trkpt>
			<trkpt lat="47.4816701691" lon="8.3838197451">
				<ele>855.4</ele>
			</trkpt>
			<trkpt lat="47.4816671494" lon="8.3838822476">
				<ele>855.1</ele>
			</trkpt>
			<trkpt lat="47.4816677938" lon="8.3839322276">
				<ele>855.0</ele>
			</trkpt>
			<trkpt lat="47.4816720065" lon="8.3839781053">
				<ele>855.0</ele>
			</trkpt>
			<trkpt lat="47.4816746257" lon="8.3840197307">
				<ele>854.8</ele>
			</trkpt>
			<trkpt lat="47.4816796492" lon="8.3840962725">
				<ele>854.7</ele>
			</trkpt>
			<trkpt lat="47.4816804151" lon="8.3841324166">
				<ele>854.3</ele>
			</trkpt>
			<trkpt lat="47.4816778064" lon="8.3841797992">
				<ele>854.2</ele>
			</trkpt>
			<trkpt lat="47.4816825047" lon="8.3842025833">
				<ele>854.3</ele>
			</trkpt>
			<trkpt lat="47.4816898120" lon="8.3842384484">
				<ele>854.7</ele>
			</trkpt>
			<trkpt lat="47.4816929814" lon="8.3842788332">
				<ele>854.4</ele>
			</trkpt>
			<trkpt lat="47.4816966099" lon="8.3843301554">
				<ele>854.6</ele>
			</trkpt>
			<trkpt lat="47.4817042981" lon="8.3843832407">
				<ele>854.8</ele>
			</trkpt>
			<trkpt lat="47.4817066234" lon="8.3844278151">
				<ele>854.3</ele>
			</trkpt>
			<trkpt lat="47.4817120329" lon="8.3844615281">
				<ele>854.1</ele>
			</trkpt>
			<trkpt lat="47.4817192601" lon="8.3844764015">
				<ele>854.2</ele>
			</trkpt>
			<trkpt lat="47.4817296497" lon="8.3845026815">
				<ele>854.8</ele>
			</trkpt>
			<trkpt lat="47.4817348523" lon="8.3845594801">
				<ele>854.9</ele>
			</trkpt>
			<trkpt lat="47.4817331465" lon="8.3845976599">
				<ele>854.8</ele>
			</trkpt>
			<trkpt lat="47.4817285312" lon="8.3846252670">
				<ele>854.3</ele>
			</trkpt>
			<trkpt lat="47.4817274987" lon="8.3846789878">
				<ele>854.0</ele>
			</trkpt>
			<trkpt lat="47.4817288444" lon="8.3847113587">
				<ele>853.9</ele>
			</trkpt>
			<trkpt lat="47.4817302136" lon="8.3847407825">
				<ele>853.8</ele>
			</trkpt>
			<trkpt lat="47.4817306615" lon="8.3847806915">
				<ele>853.7</ele>
			</trkpt>
			<trkpt lat="47.4817353743" lon="8.3848324541">
				<ele>853.4</ele>
			</trkpt>
			<trkpt lat="47.4817414381" lon="8.3848850894">
				<ele>853.3</ele>
			</trkpt>
			<trkpt lat="47.4817456163" lon="8.3849351517">
				<ele>853.7</ele>
			</trkpt>
			<trkpt lat="47.4817458511" lon="8.3849691615">
				<ele>853.9</ele>
			</trkpt>
			<trkpt lat="47.4817485403" lon="8.3850032474">
				<ele>853.9</ele>
			</trkpt>
			<trkpt lat="47.4817509581" lon="8.3850364862">
				<ele>853.9</ele>
			</trkpt>
			<trkpt lat="47.4817502627" lon="8.3850830671">
				<ele>854.0</ele>
			</trkpt>
			<trkpt lat="47.4817495529" lon="8.3851313516">
				<ele>853.8</ele>
			</trkpt>
			<trkpt lat="47.4817494091" lon="8.3851775343">
				<ele>853.8</ele>
			</trkpt>
			<trkpt lat="47.4817491385" lon="8.3852073434">
				<ele>853.8</ele>
			</trkpt>
			<trkpt lat="47.4817457384" lon="8.3852513562">
				<ele>853.4</ele>
			</trkpt>
			<trkpt lat="47.4817397018" lon="8.3852856561">
				<ele>853.1</ele>
			</trkpt>
			<trkpt lat="47.4817339881" lon="8.3853144939">
				<ele>853.0</ele>
			</trkpt>
			<trkpt lat="47.4817283623" lon="8.3853336674">
				<ele>852.8</ele>
			</trkpt>
			<trkpt lat="47.4817218726" lon="8.3853881139">
				<ele>852.8</ele>
			</trkpt>
			<trkpt lat="47.4817188096" lon="8.3854249932">
				<ele>852.8</ele>
			</trkpt>
			<trkpt lat="47.4817201379" lon="8.3854594630">
				<ele>853.0</ele>
			</trkpt>
			<trkpt lat="47.4817198707" lon="8.3854888447">
				<ele>853.1</ele>
			</trkpt>
			<trkpt lat="47.4817135696" lon="8.3855521181">
				<ele>853.1</ele>
			</trkpt>
			<trkpt lat="47.4817118979" lon="8.3855860810">
				<ele>852.8</ele>
			</trkpt>
			<trkpt lat="47.4817135438" lon="8.3856146739">
				<ele>853.4</ele>
			</trkpt>
			<trkpt lat="47.4817120728" lon="8.3856570495">
				<ele>853.7</ele>
			</trkpt>
			<trkpt lat="47.4817141360" lon="8.3856995203">
				<ele>853.7</ele>
			</trkpt>
			<trkpt lat="47.4817178998" lon="8.3857353031">
				<ele>854.0</ele>
			</trkpt>
			<trkpt lat="47.4817182317" lon="8.3857882188">
				<ele>854.2</ele>
			</trkpt>
			<trkpt lat="47.4817172050" lon="8.3858410974">
				<ele>854.3</ele>
			</trkpt>
			<trkpt lat="47.4817165557" lon="8.3858830795">
				<ele>854.4</ele>
			</trkpt>
			<trkpt lat="47.4817098274" lon="8.3859337251">
				<ele>854.3</ele>
			</trkpt>
			<trkpt lat="47.4817084318" lon="8.3859668702">
				<ele>854.2</ele>
			</trkpt>
			<trkpt lat="47.4817070898" lon="8.3859945484">
				<ele>854.0</ele>
			</trkpt>
			<trkpt lat="47.4817019782" lon="8.3860179614">
				<ele>853.7</ele>
			</trkpt>
			<trkpt lat="47.4817038975" lon="8.3860461381">
				<ele>853.7</ele>
			</trkpt>
			<trkpt lat="47.4817071408" lon="8.3861092056">
				<ele>853.5</ele>
			</trkpt>
			<trkpt lat="47.4817111177" lon="8.3861508683">
				<ele>853.2</ele>
			</trkpt>
			<trkpt lat="47.4817172757" lon="8.3861929973">
				<ele>853.1</ele>
			</trkpt>
			<trkpt lat="47.4817170685" lon="8.3862160959">
				<ele>853.0</ele>
			</trkpt>
			<trkpt lat="47.4817133218" lon="8.3862386780">
				<ele>852.6</ele>
			</trkpt>
			<trkpt lat="47.4817133313" lon="8.3862672353">
				<ele>852.5</ele>
			</trkpt>
			<trkpt lat="47.4817114894" lon="8.3863196783">
				<ele>852.2</ele>
			</trkpt>
			<trkpt lat="47.4817144283" lon="8.3863562823">
				<ele>852.1</ele>
			</trkpt>
			<trkpt lat="47.4817207347" lon="8.3863824770">
				<ele>851.9</ele>
			</trkpt>
			<trkpt lat="47.4817247719" lon="8.3864178307">
				<ele>851.6</ele>
			</trkpt>
			<trkpt lat="47.4817282119" lon="8.3864590692">
				<ele>851.2</ele>
			</trkpt>
			<trkpt lat="47.4817237543" lon="8.3864992861">
				<ele>850.9</ele>
			</trkpt>
			<trkpt lat="47.4817246179" lon="8.3865244898">
				<ele>851.0</ele>
			</trkpt>
			<trkpt lat="47.4817180218" lon="8.3865600300">
				<ele>850.8</ele>
			</trkpt>
			<trkpt lat="47.4817175504" lon="8.3866120957">
				<ele>850.7</ele>
			</trkpt>
			<trkpt lat="47.4817180489" lon="8.3866776021">
				<ele>850.5</ele>
			</trkpt>
			<trkpt lat="47.4817163399" lon="8.3867149396">
				<ele>850.4</ele>
			</trkpt>
			<trkpt lat="47.4817138753" lon="8.3867468087">
				<ele>850.3</ele>
			</trkpt>
			<trkpt lat="47.4817040246" lon="8.3867810082">
				<ele>850.1</ele>
			</trkpt>
			<trkpt lat="47.4817016014" lon="8.3868078249">
				<ele>850.2</ele>
			</trkpt>
			<trkpt lat="47.4816984190" lon="8.3868581449">
				<ele>850.3</ele>
			</trkpt>
			<trkpt lat="47.4816913240" lon="8.3868886229">
				<ele>850.5</ele>
			</trkpt>
			<trkpt lat="47.4816792838" lon="8.3869244547">
				<ele>850.6</ele>
			</trkpt>
			<trkpt lat="47.4816703065" lon="8.3869519580">
				<ele>850.8</ele>
			</trkpt>
			<trkpt lat="47.4816586897" lon="8.3870008190">
				<ele>851.0</ele>
			</trkpt>
			<trkpt lat="47.4816536424" lon="8.3870460526">
				<ele>851.2</ele>
			</trkpt>
			<trkpt lat="47.4816521434" lon="8.3870917899">
				<ele>851.2</ele>
			</trkpt>
			<trkpt lat="47.4816427063" lon="8.3871402882">
				<ele>851.2</ele>
			</trkpt>
			<trkpt lat="47.4816412900" lon="8.3871759334">
				<ele>851.4</ele>
			</trkpt>
			<trkpt lat="47.4816416952" lon="8.3872208883">
				<ele>851.2</ele>
			</trkpt>
			<trkpt lat="47.4816396713" lon="8.3872636621">
				<ele>851.5</ele>
			</trkpt>
			<trkpt lat="47.4816353803" lon="8.3873164759">
				<ele>851.5</ele>
			</trkpt>
			<trkpt lat="47.4816358563" lon="8.3873538522">
				<ele>851.6</ele>
			</trkpt>
			<trkpt lat="47.4816382391" lon="8.3873912886">
				<ele>852.0</ele>
			</trkpt>
			<trkpt lat="47.4816394297" lon="8.3874194393">
				<ele>852.2</ele>
			</trkpt>
			<trkpt lat="47.4816387756" lon="8.3874597368">
				<ele>852.4</ele>
			</trkpt>
			<trkpt lat="47.4816366303" lon="8.3874899142">
				<ele>852.6</ele>
			</trkpt>
			<trkpt lat="47.4816312606" lon="8.3875217314">
				<ele>852.7</ele>
			</trkpt>
			<trkpt lat="47.4816313208" lon="8.3875439926">
				<ele>852.8</ele>
			</trkpt>
			<trkpt lat="47.4816303387" lon="8.3875628793">
				<ele>853.0</ele>
			</trkpt>
			<trkpt lat="47.4816247688" lon="8.3875883830">
				<ele>853.1</ele>
			</trkpt>
			<trkpt lat="47.4816123964" lon="8.3876284716">
				<ele>853.3</ele>
			</trkpt>
			<trkpt lat="47.4815986836" lon="8.3876685361">
				<ele>853.6</ele>
			</trkpt>
			<trkpt lat="47.4815925500" lon="8.3876969710">
				<ele>853.8</ele>
			</trkpt>
			<trkpt lat="47.4815899534" lon="8.3877175133">
				<ele>854.2</ele>
			</trkpt>
			<trkpt lat="47.4815923714" lon="8.3877440015">
				<ele>854.6</ele>
			</trkpt>
			<trkpt lat="47.4815938681" lon="8.3877830804">
				<ele>855.2</ele>
			</trkpt>
			<trkpt lat="47.4815966006" lon="8.3878326765">
				<ele>855.7</ele>
			</trkpt>
			<trkpt lat="47.4815985760" lon="8.3878780611">
				<ele>855.9</ele>
			</trkpt>
			<trkpt lat="47.4815998493" lon="8.3879125235">
				<ele>856.2</ele>
			</trkpt>
			<trkpt lat="47.4815975154" lon="8.3879338997">
				<ele>856.4</ele>
			</trkpt>
			<trkpt lat="47.4815953716" lon="8.3879628202">
				<ele>856.4</ele>
			</trkpt>
			<trkpt lat="47.4815988165" lon="8.3879935508">
				<ele>856.5</ele>
			</trkpt>
			<trkpt lat="47.4816012153" lon="8.3880213084">
				<ele>856.6</ele>
			</trkpt>
			<trkpt lat="47.4816031497" lon="8.3880431625">
				<ele>856.7</ele>
			</trkpt>
			<trkpt lat="47.4816042713" lon="8.3880654555">
				<ele>857.0</ele>
			</trkpt>
			<trkpt lat="47.4816034811" lon="8.3880927287">
				<ele>857.5</ele>
			</trkpt>
			<trkpt lat="47.4816009785" lon="8.3881313088">
				<ele>858.1</ele>
			</trkpt>
			<trkpt lat="47.4816001174" lon="8.3881661476">
				<ele>858.2</ele>
			</trkpt>
			<trkpt lat="47.4815976621" lon="8.3882001158">
				<ele>858.2</ele>
			</trkpt>
			<trkpt lat="47.4815933414" lon="8.3882344784">
				<ele>858.0</ele>
			</trkpt>
			<trkpt lat="47.4815884069" lon="8.3882767855">
				<ele>857.8</ele>
			</trkpt>
			<trkpt lat="47.4815816076" lon="8.3883194999">
				<ele>857.5</ele>
			</trkpt>
			<trkpt lat="47.4815718431" lon="8.3883650896">
				<ele>857.1</ele>
			</trkpt>
			<trkpt lat="47.4815677630" lon="8.3884019571">
				<ele>856.9</ele>
			</trkpt>
			<trkpt lat="47.4815658781" lon="8.3884321650">
				<ele>856.7</ele>
			</trkpt>
			<trkpt lat="47.4815674042" lon="8.3884687178">
				<ele>856.8</ele>
			</trkpt>
			<trkpt lat="47.4815723420" lon="8.3885103848">
				<ele>857.1</ele>
			</trkpt>
			<trkpt lat="47.4815755346" lon="8.3885389989">
				<ele>857.2</ele>
			</trkpt>
			<trkpt lat="47.4815773213" lon="8.3885755564">
				<ele>857.1</ele>
			</trkpt>
			<trkpt lat="47.4815804254" lon="8.3886138218">
				<ele>857.1</ele>
			</trkpt>
			<trkpt lat="47.4815857402" lon="8.3886445858">
				<ele>857.2</ele>
			</trkpt>
			<trkpt lat="47.4815912286" lon="8.3886794990">
				<ele>857.2</ele>
			</trkpt>
			<trkpt lat="47.4815938405" lon="8.3887119640">
				<ele>856.9</ele>
			</trkpt>
			<trkpt lat="47.4815880857" lon="8.3887304027">
				<ele>856.6</ele>
			</trkpt>
			<trkpt lat="47.4815860656" lon="8.3887463685">
				<ele>856.2</ele>
			</trkpt>
			<trkpt lat="47.4815898085" lon="8.3887725436">
				<ele>855.8</ele>
			</trkpt>
			<trkpt lat="47.4815946365" lon="8.3887957967">
				<ele>855.5</ele>
			</trkpt>
			<trkpt lat="47.4815949676" lon="8.3888168577">
				<ele>855.3</ele>
			</trkpt>
			<trkpt lat="47.4815968086" lon="8.3888467952">
				<ele>855.1</ele>
			</trkpt>
			<trkpt lat="47.4816011197" lon="8.3888683548">
				<ele>855.1</ele>
			</trkpt>
			<trkpt lat="47.4816037858" lon="8.3888953528">
				<ele>854.8</ele>
			</trkpt>
			<trkpt lat="47.4815996188" lon="8.3889142345">
				<ele>854.3</ele>
			</trkpt>
			<trkpt lat="47.4815911288" lon="8.3889393491">
				<ele>853.7</ele>
			</trkpt>
			<trkpt lat="47.4815901584" lon="8.3889578602">
				<ele>853.5</ele>
			</trkpt>
			<trkpt lat="47.4815887423" lon="8.3889944771">
				<ele>853.2</ele>
			</trkpt>
			<trkpt lat="47.4815920602" lon="8.3890362318">
				<ele>853.1</ele>
			</trkpt>
			<trkpt lat="47.4815933847" lon="8.3890644758">
				<ele>853.2</ele>
			</trkpt>
			<trkpt lat="47.4815981417" lon="8.3890953075">
				<ele>853.4</ele>
			</trkpt>
			<trkpt lat="47.4816042731" lon="8.3891219529">
				<ele>853.7</ele>
			</trkpt>
			<trkpt lat="47.4816096960" lon="8.3891384661">
				<ele>853.9</ele>
			</trkpt>
			<trkpt lat="47.4816163114" lon="8.3891697587">
				<ele>854.2</ele>
			</trkpt>
			<trkpt lat="47.4816184841" lon="8.3891921094">
				<ele>854.3</ele>
			</trkpt>
			<trkpt lat="47.4816152258" lon="8.3892274237">
				<ele>854.2</ele>
			</trkpt>
			<trkpt lat="47.4816148643" lon="8.3892649018">
				<ele>854.1</ele>
			</trkpt>
			<trkpt lat="47.4816079749" lon="8.3892900578">
				<ele>853.6</ele>
			</trkpt>
			<trkpt lat="47.4816020075" lon="8.3893299493">
				<ele>853.6</ele>
			</trkpt>
			<trkpt lat="47.4815921217" lon="8.3893617894">
				<ele>853.4</ele>
			</trkpt>
			<trkpt lat="47.4815803660" lon="8.3893956951">
				<ele>852.8</ele>
			</trkpt>
			<trkpt lat="47.4815793659" lon="8.3894167323">
				<ele>852.8</ele>
			</trkpt>
			<trkpt lat="47.4815812379" lon="8.3894428740">
				<ele>853.0</ele>
			</trkpt>
			<trkpt lat="47.4815866124" lon="8.3894652818">
				<ele>853.2</ele>
			</trkpt>
			<trkpt lat="47.4815916635" lon="8.3894931778">
				<ele>853.2</ele>
			</trkpt>
			<trkpt lat="47.4815951326" lon="8.3895197755">
				<ele>853.4</ele>
			</trkpt>
			<trkpt lat="47.4815951468" lon="8.3895454564">
				<ele>853.4</ele>
			</trkpt>
			<trkpt lat="47.4816008569" lon="8.3895598889">
				<ele>853.7</ele>
			</trkpt>
			<trkpt lat="47.4816091908" lon="8.3895789808">
				<ele>853.9</ele>
			</trkpt>
			<trkpt lat="47.4816142586" lon="8.3896047779">
				<ele>853.8</ele>
			</trkpt>
			<trkpt lat="47.4816184378" lon="8.3896402251">
				<ele>854.0</ele>
			</trkpt>
			<trkpt lat="47.4816242597" lon="8.3896706484">
				<ele>854.3</ele>
			</trkpt>
			<trkpt lat="47.4816300465" lon="8.3897052821">
				<ele>854.3</ele>
			</trkpt>
			<trkpt lat="47.4816305996" lon="8.3897309857">
				<ele>854.3</ele>
			</trkpt>
			<trkpt lat="47.4816318090" lon="8.3897710184">
				<ele>854.4</ele>
			</trkpt>
			<trkpt lat="47.4816387613" lon="8.3897951518">
				<ele>854.4</ele>
			</trkpt>
			<trkpt lat="47.4816441096" lon="8.3898196713">
				<ele>854.6</ele>
			</trkpt>
			<trkpt lat="47.4816470396" lon="8.3898462595">
				<ele>854.6</ele>
			</trkpt>
			<trkpt lat="47.4816473023" lon="8.3898744844">
				<ele>854.6</ele>
			</trkpt>
			<trkpt lat="47.4816445815" lon="8.3899089662">
				<ele>854.4</ele>
			</trkpt>
			<trkpt lat="47.4816410372" lon="8.3899451176">
				<ele>854.1</ele>
			</trkpt>
			<trkpt lat="47.4816417626" lon="8.3899805030">
				<ele>853.8</ele>
			</trkpt>
			<trkpt lat="47.4816402750" lon="8.3900246986">
				<ele>853.7</ele>
			</trkpt>
			<trkpt lat="47.4816410719" lon="8.3900525186">
				<ele>853.8</ele>
			</trkpt>
			<trkpt lat="47.4816451330" lon="8.3900728040">
				<ele>853.9</ele>
			</trkpt>
			<trkpt lat="47.4816522611" lon="8.3901062178">
				<ele>854.2</ele>
			</trkpt>
			<trkpt lat="47.4816562309" lon="8.3901353383">
				<ele>854.2</ele>
			</trkpt>
			<trkpt lat="47.4816572540" lon="8.3901673603">
				<ele>854.2</ele>
			</trkpt>
			<trkpt lat="47.4816533307" lon="8.3901883452">
				<ele>854.1</ele>
			</trkpt>
			<trkpt lat="47.4816475773" lon="8.3902055141">
				<ele>853.9</ele>
			</trkpt>
			<trkpt lat="47.4816444648" lon="8.3902252567">
				<ele>853.7</ele>
			</trkpt>
			<trkpt lat="47.4816420115" lon="8.3902589010">
				<ele>853.6</ele>
			</trkpt>
			<trkpt lat="47.4816444229" lon="8.3902850523">
				<ele>853.7</ele>
			</trkpt>
			<trkpt lat="47.4816425679" lon="8.3903115551">
				<ele>853.4</ele>
			</trkpt>
			<trkpt lat="47.4816371881" lon="8.3903455746">
				<ele>853.0</ele>
			</trkpt>
			<trkpt lat="47.4816315985" lon="8.3903745372">
				<ele>852.7</ele>
			</trkpt>
			<trkpt lat="47.4816292637" lon="8.3903959651">
				<ele>852.6</ele>
			</trkpt>
			<trkpt lat="47.4816316589" lon="8.3904229584">
				<ele>852.8</ele>
			</trkpt>
			<trkpt lat="47.4816340232" lon="8.3904537605">
				<ele>853.1</ele>
			</trkpt>
			<trkpt lat="47.4816390528" lon="8.3904841697">
				<ele>853.3</ele>
			</trkpt>
			<trkpt lat="47.4816375639" lon="8.3905001450">
				<ele>853.4</ele>
			</trkpt>
			<trkpt lat="47.4816338840" lon="8.3905232333">
				<ele>853.2</ele>
			</trkpt>
			<trkpt lat="47.4816330139" lon="8.3905590178">
				<ele>853.1</ele>
			</trkpt>
			<trkpt lat="47.4816353991" lon="8.3905872808">
				<ele>853.1</ele>
			</trkpt>
			<trkpt lat="47.4816426380" lon="8.3906093204">
				<ele>853.4</ele>
			</trkpt>
			<trkpt lat="47.4816510850" lon="8.3906431597">
				<ele>853.7</ele>
			</trkpt>
			<trkpt lat="47.4816581625" lon="8.3906542479">
				<ele>854.2</ele>
			</trkpt>
			<trkpt lat="47.4816686204" lon="8.3906721212">
				<ele>854.4</ele>
			</trkpt>
			<trkpt lat="47.4816715589" lon="8.3906987096">
				<ele>854.6</ele>
			</trkpt>
			<trkpt lat="47.4816739264" lon="8.3907290583">
				<ele>854.6</ele>
			</trkpt>
			<trkpt lat="47.4816734534" lon="8.3907505325">
				<ele>854.4</ele>
			</trkpt>
			<trkpt lat="47.4816684459" lon="8.3907731824">
				<ele>854.2</ele>
			</trkpt>
			<trkpt lat="47.4816645521" lon="8.3907916542">
				<ele>854.0</ele>
			</trkpt>
			<trkpt lat="47.4816613522" lon="8.3908198043">
				<ele>853.9</ele>
			</trkpt>
			<trkpt lat="47.4816642162" lon="8.3908543859">
				<ele>853.9</ele>
			</trkpt>
			<trkpt lat="47.4816660844" lon="8.3908809552">
				<ele>853.8</ele>
			</trkpt>
			<trkpt lat="47.4816662282" lon="8.3909213965">
				<ele>854.1</ele>
			</trkpt>
			<trkpt lat="47.4816704105" lon="8.3909564292">
				<ele>854.2</ele>
			</trkpt>
			<trkpt lat="47.4816733490" lon="8.3909830177">
				<ele>854.4</ele>
			</trkpt>
			<trkpt lat="47.4816730512" lon="8.3910137463">
				<ele>854.7</ele>
			</trkpt>
			<trkpt lat="47.4816684922" lon="8.3910452668">
				<ele>854.7</ele>
			</trkpt>
			<trkpt lat="47.4816623457" lon="8.3910763054">
				<ele>854.8</ele>
			</trkpt>
			<trkpt lat="47.4816616252" lon="8.3910960908">
				<ele>854.9</ele>
			</trkpt>
			<trkpt lat="47.4816610872" lon="8.3911243015">
				<ele>855.0</ele>
			</trkpt>
			<trkpt lat="47.4816575691" lon="8.3911583542">
				<ele>855.2</ele>
			</trkpt>
			<trkpt lat="47.4816556563" lon="8.3911907383">
				<ele>855.0</ele>
			</trkpt>
			<trkpt lat="47.4816580275" lon="8.3912206855">
				<ele>855.1</ele>
			</trkpt>
			<trkpt lat="47.4816628376" lon="8.3912460507">
				<ele>855.2</ele>
			</trkpt>
			<trkpt lat="47.4816624045" lon="8.3912637291">
				<ele>855.2</ele>
			</trkpt>
			<trkpt lat="47.4816621852" lon="8.3912860371">
				<ele>855.3</ele>
			</trkpt>
			<trkpt lat="47.4816657008" lon="8.3913080103">
				<ele>855.3</ele>
			</trkpt>
			<trkpt lat="47.4816684167" lon="8.3913299562">
				<ele>855.3</ele>
			</trkpt>
			<trkpt lat="47.4816704293" lon="8.3913695758">
				<ele>855.1</ele>
			</trkpt>
			<trkpt lat="47.4816742270" lon="8.3913890145">
				<ele>855.2</ele>
			</trkpt>
			<trkpt lat="47.4816809335" lon="8.3914287699">
				<ele>855.6</ele>
			</trkpt>
			<trkpt lat="47.4816836129" lon="8.3914824339">
				<ele>855.7</ele>
			</trkpt>
			<trkpt lat="47.4816826748" lon="8.3915385207">
				<ele>855.3</ele>
			</trkpt>
			<trkpt lat="47.4816806582" lon="8.3915813593">
				<ele>855.3</ele>
			</trkpt>
			<trkpt lat="47.4816827759" lon="8.3916104079">
				<ele>855.1</ele>
			</trkpt>
			<trkpt lat="47.4816916377" lon="8.3916440215">
				<ele>855.6</ele>
			</trkpt>
			<trkpt lat="47.4817009057" lon="8.3916763726">
				<ele>856.2</ele>
			</trkpt>
			<trkpt lat="47.4817016338" lon="8.3917255703">
				<ele>856.5</ele>
			</trkpt>
			<trkpt lat="47.4816991660" lon="8.3917740630">
				<ele>856.4</ele>
			</trkpt>
			<trkpt lat="47.4816958402" lon="8.3918294853">
				<ele>856.4</ele>
			</trkpt>
			<trkpt lat="47.4816993161" lon="8.3918825287">
				<ele>856.7</ele>
			</trkpt>
			<trkpt lat="47.4817057149" lon="8.3919236392">
				<ele>857.0</ele>
			</trkpt>
			<trkpt lat="47.4817056737" lon="8.3919690397">
				<ele>857.0</ele>
			</trkpt>
			<trkpt lat="47.4817055770" lon="8.3920201145">
				<ele>857.0</ele>
			</trkpt>
			<trkpt lat="47.4817049275" lon="8.3920465869">
				<ele>856.9</ele>
			</trkpt>
			<trkpt lat="47.4817105267" lon="8.3920864392">
				<ele>857.2</ele>
			</trkpt>
			<trkpt lat="47.4817151571" lon="8.3921445435">
				<ele>857.3</ele>
			</trkpt>
			<trkpt lat="47.4817147866" lon="8.3921829933">
				<ele>857.3</ele>
			</trkpt>
			<trkpt lat="47.4817123985" lon="8.3922239205">
				<ele>857.2</ele>
			</trkpt>
			<trkpt lat="47.4817105592" lon="8.3922484799">
				<ele>857.2</ele>
			</trkpt>
			<trkpt lat="47.4817094178" lon="8.3922844021">
				<ele>857.0</ele>
			</trkpt>
			<trkpt lat="47.4817090526" lon="8.3923222171">
				<ele>857.2</ele>
			</trkpt>
			<trkpt lat="47.4817159126" lon="8.3923564168">
				<ele>857.7</ele>
			</trkpt>
			<trkpt lat="47.4817271155" lon="8.3923951128">
				<ele>858.1</ele>
			</trkpt>
			<trkpt lat="47.4817307433" lon="8.3924330251">
				<ele>858.5</ele>
			</trkpt>
			<trkpt lat="47.4817346738" lon="8.3924810365">
				<ele>858.6</ele>
			</trkpt>
			<trkpt lat="47.4817405111" lon="8.3925378927">
				<ele>858.6</ele>
			</trkpt>
			<trkpt lat="47.4817428705" lon="8.3925833493">
				<ele>858.8</ele>
			</trkpt>
			<trkpt lat="47.4817484177" lon="8.3926294978">
				<ele>859.1</ele>
			</trkpt>
			<trkpt lat="47.4817508540" lon="8.3926667541">
				<ele>859.3</ele>
			</trkpt>
			<trkpt lat="47.4817507726" lon="8.3927159374">
				<ele>859.3</ele>
			</trkpt>
			<trkpt lat="47.4817532947" lon="8.3927449803">
				<ele>859.4</ele>
			</trkpt>
			<trkpt lat="47.4817530054" lon="8.3927746207">
				<ele>859.6</ele>
			</trkpt>
			<trkpt lat="47.4817458553" lon="8.3928116663">
				<ele>859.6</ele>
			</trkpt>
			<trkpt lat="47.4817452456" lon="8.3928747041">
				<ele>860.1</ele>
			</trkpt>
			<trkpt lat="47.4817463342" lon="8.3929270699">
				<ele>860.2</ele>
			</trkpt>
			<trkpt lat="47.4817497681" lon="8.3929851529">
				<ele>860.4</ele>
			</trkpt>
			<trkpt lat="47.4817495531" lon="8.3930898157">
				<ele>860.4</ele>
			</trkpt>
			<trkpt lat="47.4817465719" lon="8.3931502974">
				<ele>860.2</ele>
			</trkpt>
			<trkpt lat="47.4817416189" lon="8.3932088260">
				<ele>859.7</ele>
			</trkpt>
			<trkpt lat="47.4817414100" lon="8.3932712491">
				<ele>859.3</ele>
			</trkpt>
			<trkpt lat="47.4817436477" lon="8.3933293108">
				<ele>858.9</ele>
			</trkpt>
			<trkpt lat="47.4817383056" lon="8.3933859406">
				<ele>858.6</ele>
			</trkpt>
			<trkpt lat="47.4817308450" lon="8.3934551527">
				<ele>858.5</ele>
			</trkpt>
			<trkpt lat="47.4817300015" lon="8.3935017828">
				<ele>858.3</ele>
			</trkpt>
			<trkpt lat="47.4817339478" lon="8.3935478898">
				<ele>858.1</ele>
			</trkpt>
			<trkpt lat="47.4817381740" lon="8.3935643821">
				<ele>858.1</ele>
			</trkpt>
			<trkpt lat="47.4817519145" lon="8.3935898947">
				<ele>858.1</ele>
			</trkpt>
			<trkpt lat="47.4817567686" lon="8.3936240458">
				<ele>858.0</ele>
			</trkpt>
			<trkpt lat="47.4817571875" lon="8.3936637795">
				<ele>857.8</ele>
			</trkpt>
			<trkpt lat="47.4817492559" lon="8.3936995540">
				<ele>857.3</ele>
			</trkpt>
			<trkpt lat="47.4817365828" lon="8.3937289205">
				<ele>856.9</ele>
			</trkpt>
			<trkpt lat="47.4817107595" lon="8.3937561204">
				<ele>855.9</ele>
			</trkpt>
			<trkpt lat="47.4816896533" lon="8.3937916196">
				<ele>855.3</ele>
			</trkpt>
			<trkpt lat="47.4816745620" lon="8.3938240911">
				<ele>854.6</ele>
			</trkpt>
			<trkpt lat="47.4816625010" lon="8.3938730205">
				<ele>854.1</ele>
			</trkpt>
			<trkpt lat="47.4816576402" lon="8.3939214702">
				<ele>853.8</ele>
			</trkpt>
			<trkpt lat="47.4816608920" lon="8.3939568493">
				<ele>853.7</ele>
			</trkpt>
			<trkpt lat="47.4816684454" lon="8.3940017772">
				<ele>853.5</ele>
			</trkpt>
			<trkpt lat="47.4816713836" lon="8.3940283139">
				<ele>853.2</ele>
			</trkpt>
			<trkpt lat="47.4816708903" lon="8.3940793815">
				<ele>853.0</ele>
			</trkpt>
			<trkpt lat="47.4816773944" lon="8.3941501397">
				<ele>852.9</ele>
			</trkpt>
			<trkpt lat="47.4816777569" lon="8.3941955475">
				<ele>852.5</ele>
			</trkpt>
			<trkpt lat="47.4816800706" lon="8.3942454087">
				<ele>852.2</ele>
			</trkpt>
			<trkpt lat="47.4816790160" lon="8.3942718739">
				<ele>852.1</ele>
			</trkpt>
			<trkpt lat="47.4816728673" lon="8.3943291240">
				<ele>851.6</ele>
			</trkpt>
			<trkpt lat="47.4816731499" lon="8.3943820843">
				<ele>851.4</ele>
			</trkpt>
			<trkpt lat="47.4816734920" lon="8.3944300184">
				<ele>851.1</ele>
			</trkpt>
			<trkpt lat="47.4816687438" lon="8.3944658629">
				<ele>850.8</ele>
			</trkpt>
			<trkpt lat="47.4816566862" lon="8.3945154141">
				<ele>850.5</ele>
			</trkpt>
			<trkpt lat="47.4816530610" lon="8.3945601154">
				<ele>850.0</ele>
			</trkpt>
			<trkpt lat="47.4816556695" lon="8.3946200624">
				<ele>849.7</ele>
			</trkpt>
			<trkpt lat="47.4816631056" lon="8.3946769735">
				<ele>849.5</ele>
			</trkpt>
			<trkpt lat="47.4816733180" lon="8.3947364610">
				<ele>849.7</ele>
			</trkpt>
			<trkpt lat="47.4816821546" lon="8.3947719534">
				<ele>849.7</ele>
			</trkpt>
			<trkpt lat="47.4816938372" lon="8.3948037265">
				<ele>849.8</ele>
			</trkpt>
			<trkpt lat="47.4816970330" lon="8.3948447927">
				<ele>850.0</ele>
			</trkpt>
			<trkpt lat="47.4817010708" lon="8.3948808209">
				<ele>850.1</ele>
			</trkpt>
			<trkpt lat="47.4817082896" lon="8.3949194199">
				<ele>850.5</ele>
			</trkpt>
			<trkpt lat="47.4817187718" lon="8.3949505495">
				<ele>850.5</ele>
			</trkpt>
			<trkpt lat="47.4817339260" lon="8.3949943702">
				<ele>850.5</ele>
			</trkpt>
			<trkpt lat="47.4817406735" lon="8.3950399187">
				<ele>850.3</ele>
			</trkpt>
			<trkpt lat="47.4817540410" lon="8.3951442295">
				<ele>850.0</ele>
			</trkpt>
			<trkpt lat="47.4817684289" lon="8.3952252491">
				<ele>850.0</ele>
			</trkpt>
			<trkpt lat="47.4817713540" lon="8.3952946735">
				<ele>849.8</ele>
			</trkpt>
			<trkpt lat="47.4817734844" lon="8.3953634487">
				<ele>849.7</ele>
			</trkpt>
			<trkpt lat="47.4817750425" lon="8.3954088782">
				<ele>849.5</ele>
			</trkpt>
			<trkpt lat="47.4817774031" lon="8.3954530651">
				<ele>849.2</ele>
			</trkpt>
			<trkpt lat="47.4817869159" lon="8.3955024468">
				<ele>849.3</ele>
			</trkpt>
			<trkpt lat="47.4817998809" lon="8.3955651456">
				<ele>849.5</ele>
			</trkpt>
			<trkpt lat="47.4818099147" lon="8.3956429256">
				<ele>849.5</ele>
			</trkpt>
			<trkpt lat="47.4818194514" lon="8.3957307643">
				<ele>849.2</ele>
			</trkpt>
			<trkpt lat="47.4818291678" lon="8.3957990670">
				<ele>848.9</ele>
			</trkpt>
			<trkpt lat="47.4818430639" lon="8.3958491885">
				<ele>848.5</ele>
			</trkpt>
			<trkpt lat="47.4818518439" lon="8.3958903553">
				<ele>848.4</ele>
			</trkpt>
			<trkpt lat="47.4818574435" lon="8.3959724352">
				<ele>847.9</ele>
			</trkpt>
			<trkpt lat="47.4818642411" lon="8.3960129445">
				<ele>847.7</ele>
			</trkpt>
			<trkpt lat="47.4818799363" lon="8.3960826376">
				<ele>847.4</ele>
			</trkpt>
			<trkpt lat="47.4818882439" lon="8.3961319979">
				<ele>847.1</ele>
			</trkpt>
			<trkpt lat="47.4818996808" lon="8.3962293297">
				<ele>846.6</ele>
			</trkpt>
			<trkpt lat="47.4819087329" lon="8.3962843915">
				<ele>846.3</ele>
			</trkpt>
			<trkpt lat="47.4819207012" lon="8.3963685037">
				<ele>846.3</ele>
			</trkpt>
			<trkpt lat="47.4819297079" lon="8.3964279702">
				<ele>846.0</ele>
			</trkpt>
			<trkpt lat="47.4819510044" lon="8.3965381255">
				<ele>845.3</ele>
			</trkpt>
			<trkpt lat="47.4819629679" lon="8.3966228726">
				<ele>844.9</ele>
			</trkpt>
			<trkpt lat="47.4819758625" lon="8.3967341338">
				<ele>844.5</ele>
			</trkpt>
			<trkpt lat="47.4819833010" lon="8.3968320288">
				<ele>844.2</ele>
			</trkpt>
			<trkpt lat="47.4819862646" lon="8.3969380062">
				<ele>844.2</ele>
			</trkpt>
			<trkpt lat="47.4819914477" lon="8.3970213616">
				<ele>844.4</ele>
			</trkpt>
			<trkpt lat="47.4819979106" lon="8.3970555550">
				<ele>844.5</ele>
			</trkpt>
			<trkpt lat="47.4820042936" lon="8.3970973010">
				<ele>844.7</ele>
			</trkpt>
			<trkpt lat="47.4820079907" lon="8.3971276483">
				<ele>844.7</ele>
			</trkpt>
			<trkpt lat="47.4819686921" lon="8.3974677763">
				<ele>845.3</ele>
			</trkpt>
			<trkpt lat="47.4819578101" lon="8.3977477250">
				<ele>846.5</ele>
			</trkpt>
			<trkpt lat="47.4819578441" lon="8.3979162323">
				<ele>846.9</ele>
			</trkpt>
			<trkpt lat="47.4819623160" lon="8.3980658503">
				<ele>847.2</ele>
			</trkpt>
			<trkpt lat="47.4819627946" lon="8.3981795960">
				<ele>847.2</ele>
			</trkpt>
			<trkpt lat="47.4819484679" lon="8.3983583785">
				<ele>847.5</ele>
			</trkpt>
			<trkpt lat="47.4819331723" lon="8.3984511734">
				<ele>847.4</ele>
			</trkpt>
			<trkpt lat="47.4819254218" lon="8.3985289703">
				<ele>847.3</ele>
			</trkpt>
			<trkpt lat="47.4819151103" lon="8.3986476525">
				<ele>846.7</ele>
			</trkpt>
			<trkpt lat="47.4819116102" lon="8.3987627387">
				<ele>846.6</ele>
			</trkpt>
			<trkpt lat="47.4819150631" lon="8.3988691525">
				<ele>846.4</ele>
			</trkpt>
			<trkpt lat="47.4819191468" lon="8.3989938212">
				<ele>845.8</ele>
			</trkpt>
			<trkpt lat="47.4819202065" lon="8.3990970433">
				<ele>845.0</ele>
			</trkpt>
			<trkpt lat="47.4819168294" lon="8.3992417126">
				<ele>843.9</ele>
			</trkpt>
			<trkpt lat="47.4819164845" lon="8.3993656536">
				<ele>843.1</ele>
			</trkpt>
			<trkpt lat="47.4819199175" lon="8.3994733369">
				<ele>842.6</ele>
			</trkpt>
			<trkpt lat="47.4819284788" lon="8.3995515448">
				<ele>842.3</ele>
			</trkpt>
			<trkpt lat="47.4819419541" lon="8.3996229482">
				<ele>842.1</ele>
			</trkpt>
			<trkpt lat="47.4819664506" lon="8.3997254015">
				<ele>841.9</ele>
			</trkpt>
			<trkpt lat="47.4819861312" lon="8.3998012187">
				<ele>842.1</ele>
			</trkpt>
			<trkpt lat="47.4819810353" lon="8.3998895718">
				<ele>842.3</ele>
			</trkpt>
			<trkpt lat="47.4819723659" lon="8.3999663025">
				<ele>842.7</ele>
			</trkpt>
			<trkpt lat="47.4819044445" lon="8.4004074039">
				<ele>846.5</ele>
			</trkpt>
			<trkpt lat="47.4818824771" lon="8.4004736841">
				<ele>847.0</ele>
			</trkpt>
			<trkpt lat="47.4818004271" lon="8.4006091186">
				<ele>848.7</ele>
			</trkpt>
			<trkpt lat="47.4817399732" lon="8.4007238749">
				<ele>850.1</ele>
			</trkpt>
			<trkpt lat="47.4817338950" lon="8.4007441984">
				<ele>850.1</ele>
			</trkpt>
			<trkpt lat="47.4817219257" lon="8.4008337223">
				<ele>850.1</ele>
			</trkpt>
			<trkpt lat="47.4817042795" lon="8.4009353102">
				<ele>849.9</ele>
			</trkpt>
			<trkpt lat="47.4816906991" lon="8.4009956647">
				<ele>849.8</ele>
			</trkpt>
			<trkpt lat="47.4816659227" lon="8.4010558167">
				<ele>849.6</ele>
			</trkpt>
			<trkpt lat="47.4816393529" lon="8.4011076826">
				<ele>849.4</ele>
			</trkpt>
			<trkpt lat="47.4816202021" lon="8.4011651763">
				<ele>848.9</ele>
			</trkpt>
			<trkpt lat="47.4816102484" lon="8.4012393696">
				<ele>847.9</ele>
			</trkpt>
			<trkpt lat="47.4816168886" lon="8.4013386624">
				<ele>846.5</ele>
			</trkpt>
			<trkpt lat="47.4816380539" lon="8.4014877914">
				<ele>844.9</ele>
			</trkpt>
			<trkpt lat="47.4816704117" lon="8.4016398570">
				<ele>844.0</ele>
			</trkpt>
			<trkpt lat="47.4817028189" lon="8.4017836959">
				<ele>843.6</ele>
			</trkpt>
			<trkpt lat="47.4817205043" lon="8.4019024560">
				<ele>843.2</ele>
			</trkpt>
			<trkpt lat="47.4817343281" lon="8.4020376793">
				<ele>843.0</ele>
			</trkpt>
			<trkpt lat="47.4817406239" lon="8.4021782733">
				<ele>842.7</ele>
			</trkpt>
			<trkpt lat="47.4817319902" lon="8.4023186100">
				<ele>842.3</ele>
			</trkpt>
			<trkpt lat="47.4817155302" lon="8.4025000990">
				<ele>842.0</ele>
			</trkpt>
			<trkpt lat="47.4816971480" lon="8.4026898326">
				<ele>841.8</ele>
			</trkpt>
			<trkpt lat="47.4816882390" lon="8.4028632045">
				<ele>841.5</ele>
			</trkpt>
			<trkpt lat="47.4816854049" lon="8.4029788463">
				<ele>841.3</ele>
			</trkpt>
			<trkpt lat="47.4816915612" lon="8.4031359709">
				<ele>841.0</ele>
			</trkpt>
			<trkpt lat="47.4817068554" lon="8.4033180478">
				<ele>840.7</ele>
			</trkpt>
			<trkpt lat="47.4817271005" lon="8.4035773478">
				<ele>840.4</ele>
			</trkpt>
			<trkpt lat="47.4817562437" lon="8.4038891428">
				<ele>840.1</ele>
			</trkpt>
			<trkpt lat="47.4817927903" lon="8.4042093390">
				<ele>839.5</ele>
			</trkpt>
			<trkpt lat="47.4818064190" lon="8.4043665996">
				<ele>839.3</ele>
			</trkpt>
			<trkpt lat="47.4818090022" lon="8.4045043668">
				<ele>839.2</ele>
			</trkpt>
			<trkpt lat="47.4818004123" lon="8.4046391845">
				<ele>839.1</ele>
			</trkpt>
			<trkpt lat="47.4817729216" lon="8.4048012057">
				<ele>839.2</ele>
			</trkpt>
			<trkpt lat="47.4817112387" lon="8.4050314599">
				<ele>838.9</ele>
			</trkpt>
			<trkpt lat="47.4816495327" lon="8.4052644858">
				<ele>838.7</ele>
			</trkpt>
			<trkpt lat="47.4816182173" lon="8.4054374503">
				<ele>838.6</ele>
			</trkpt>
			<trkpt lat="47.4816117263" lon="8.4054984117">
				<ele>838.4</ele>
			</trkpt>
			<trkpt lat="47.4816060162" lon="8.4055962370">
				<ele>838.1</ele>
			</trkpt>
			<trkpt lat="47.4816097700" lon="8.4057143693">
				<ele>837.6</ele>
			</trkpt>
			<trkpt lat="47.4816177030" lon="8.4058608498">
				<ele>836.7</ele>
			</trkpt>
			<trkpt lat="47.4816343149" lon="8.4060257185">
				<ele>835.9</ele>
			</trkpt>
			<trkpt lat="47.4816498886" lon="8.4061156640">
				<ele>835.3</ele>
			</trkpt>
			<trkpt lat="47.4817007257" lon="8.4062900954">
				<ele>834.1</ele>
			</trkpt>
			<trkpt lat="47.4817441125" lon="8.4064616706">
				<ele>832.9</ele>
			</trkpt>
			<trkpt lat="47.4817504159" lon="8.4064920269">
				<ele>832.7</ele>
			</trkpt>
			<trkpt lat="47.4817871902" lon="8.4066690538">
				<ele>831.6</ele>
			</trkpt>
			<trkpt lat="47.4818158132" lon="8.4068183212">
				<ele>830.6</ele>
			</trkpt>
			<trkpt lat="47.4818349950" lon="8.4069811904">
				<ele>829.4</ele>
			</trkpt>
			<trkpt lat="47.4818447267" lon="8.4071576481">
				<ele>828.3</ele>
			</trkpt>
			<trkpt lat="47.4818432288" lon="8.4073366746">
				<ele>827.2</ele>
			</trkpt>
			<trkpt lat="47.4818318193" lon="8.4075843743">
				<ele>825.6</ele>
			</trkpt>
			<trkpt lat="47.4818173169" lon="8.4077889095">
				<ele>824.3</ele>
			</trkpt>
			<trkpt lat="47.4818000737" lon="8.4080425408">
				<ele>822.5</ele>
			</trkpt>
			<trkpt lat="47.4817549841" lon="8.4085084971">
				<ele>819.4</ele>
			</trkpt>
			<trkpt lat="47.4817244727" lon="8.4088082075">
				<ele>817.4</ele>
			</trkpt>
			<trkpt lat="47.4816944591" lon="8.4090473137">
				<ele>815.8</ele>
			</trkpt>
			<trkpt lat="47.4816505839" lon="8.4093798073">
				<ele>814.0</ele>
			</trkpt>
			<trkpt lat="47.4816238051" lon="8.4095859185">
				<ele>812.6</ele>
			</trkpt>
			<trkpt lat="47.4816122682" lon="8.4097346100">
				<ele>811.6</ele>
			</trkpt>
			<trkpt lat="47.4816113947" lon="8.4098816562">
				<ele>810.3</ele>
			</trkpt>
			<trkpt lat="47.4816061205" lon="8.4101575312">
				<ele>808.4</ele>
			</trkpt>
			<trkpt lat="47.4816048061" lon="8.4102552031">
				<ele>807.7</ele>
			</trkpt>
			<trkpt lat="47.4815958599" lon="8.4105816212">
				<ele>805.5</ele>
			</trkpt>
			<trkpt lat="47.4815815303" lon="8.4110969705">
				<ele>802.8</ele>
			</trkpt>
			<trkpt lat="47.4815700500" lon="8.4115673461">
				<ele>800.1</ele>
			</trkpt>
			<trkpt lat="47.4815663687" lon="8.4118491066">
				<ele>798.7</ele>
			</trkpt>
			<trkpt lat="47.4815587276" lon="8.4123117262">
				<ele>797.0</ele>
			</trkpt>
			<trkpt lat="47.4815528492" lon="8.4125026825">
				<ele>796.6</ele>
			</trkpt>
			<trkpt lat="47.4815434449" lon="8.4126903740">
				<ele>796.1</ele>
			</trkpt>
			<trkpt lat="47.4815238799" lon="8.4128765838">
				<ele>795.8</ele>
			</trkpt>
			<trkpt lat="47.4814898604" lon="8.4130840893">
				<ele>795.5</ele>
			</trkpt>
			<trkpt lat="47.4814598374" lon="8.4132548569">
				<ele>795.5</ele>
			</trkpt>
			<trkpt lat="47.4814269799" lon="8.4134236420">
				<ele>795.3</ele>
			</trkpt>
			<trkpt lat="47.4814064490" lon="8.4135343072">
				<ele>795.0</ele>
			</trkpt>
			<trkpt lat="47.4813983299" lon="8.4136236393">
				<ele>794.7</ele>
			</trkpt>
			<trkpt lat="47.4814006265" lon="8.4137322219">
				<ele>794.5</ele>
			</trkpt>
			<trkpt lat="47.4814110353" lon="8.4138441405">
				<ele>794.5</ele>
			</trkpt>
			<trkpt lat="47.4814317772" lon="8.4139861142">
				<ele>794.4</ele>
			</trkpt>
			<trkpt lat="47.4814612437" lon="8.4141334567">
				<ele>794.4</ele>
			</trkpt>
			<trkpt lat="47.4814899041" lon="8.4142772214">
				<ele>794.4</ele>
			</trkpt>
			<trkpt lat="47.4814970303" lon="8.4143441583">
				<ele>794.4</ele>
			</trkpt>
			<trkpt lat="47.4814983354" lon="8.4144273272">
				<ele>794.4</ele>
			</trkpt>
			<trkpt lat="47.4814893970" lon="8.4145166443">
				<ele>794.2</ele>
			</trkpt>
			<trkpt lat="47.4814651797" lon="8.4146291334">
				<ele>794.0</ele>
			</trkpt>
			<trkpt lat="47.4814293035" lon="8.4147705749">
				<ele>793.7</ele>
			</trkpt>
			<trkpt lat="47.4814016123" lon="8.4149077608">
				<ele>793.6</ele>
			</trkpt>
			<trkpt lat="47.4813765866" lon="8.4150659210">
				<ele>793.6</ele>
			</trkpt>
			<trkpt lat="47.4813527525" lon="8.4152736245">
				<ele>793.4</ele>
			</trkpt>
			<trkpt lat="47.4813371106" lon="8.4154751551">
				<ele>793.4</ele>
			</trkpt>
			<trkpt lat="47.4813333747" lon="8.4156673936">
				<ele>793.2</ele>
			</trkpt>
			<trkpt lat="47.4813370262" lon="8.4157601417">
				<ele>793.2</ele>
			</trkpt>
			<trkpt lat="47.4813447510" lon="8.4158999336">
				<ele>793.2</ele>
			</trkpt>
			<trkpt lat="47.4813680978" lon="8.4160985001">
				<ele>793.1</ele>
			</trkpt>
			<trkpt lat="47.4814092971" lon="8.4163058425">
				<ele>793.1</ele>
			</trkpt>
			<trkpt lat="47.4814451114" lon="8.4164882996">
				<ele>793.0</ele>
			</trkpt>
			<trkpt lat="47.4814719442" lon="8.4166265123">
				<ele>792.7</ele>
			</trkpt>
			<trkpt lat="47.4814840203" lon="8.4167451870">
				<ele>792.4</ele>
			</trkpt>
			<trkpt lat="47.4814833689" lon="8.4168222950">
				<ele>792.2</ele>
			</trkpt>
			<trkpt lat="47.4814755311" lon="8.4168982345">
				<ele>791.9</ele>
			</trkpt>
			<trkpt lat="47.4814927622" lon="8.4169134590">
				<ele>791.6</ele>
			</trkpt>
			<trkpt lat="47.4815047696" lon="8.4169571985">
				<ele>791.5</ele>
			</trkpt>
			<trkpt lat="47.4815200364" lon="8.4170526637">
				<ele>791.2</ele>
			</trkpt>
			<trkpt lat="47.4815342552" lon="8.4171720581">
				<ele>790.0</ele>
			</trkpt>
			<trkpt lat="47.4815477320" lon="8.4172813554">
				<ele>789.4</ele>
			</trkpt>
			<trkpt lat="47.4815747642" lon="8.4174576396">
				<ele>787.8</ele>
			</trkpt>
			<trkpt lat="47.4816144298" lon="8.4176918064">
				<ele>786.3</ele>
			</trkpt>
			<trkpt lat="47.4816437930" lon="8.4178784034">
				<ele>785.7</ele>
			</trkpt>
			<trkpt lat="47.4816533910" lon="8.4180102250">
				<ele>785.4</ele>
			</trkpt>
			<trkpt lat="47.4816528417" lon="8.4180751620">
				<ele>785.2</ele>
			</trkpt>
			<trkpt lat="47.4816354789" lon="8.4181573429">
				<ele>785.0</ele>
			</trkpt>
			<trkpt lat="47.4816046244" lon="8.4182884202">
				<ele>784.9</ele>
			</trkpt>
			<trkpt lat="47.4815849024" lon="8.4183687933">
				<ele>784.7</ele>
			</trkpt>
			<trkpt lat="47.4815758620" lon="8.4184528783">
				<ele>784.5</ele>
			</trkpt>
			<trkpt lat="47.4815871213" lon="8.4185285670">
				<ele>784.4</ele>
			</trkpt>
			<trkpt lat="47.4816087797" lon="8.4186412926">
				<ele>783.9</ele>
			</trkpt>
			<trkpt lat="47.4816303549" lon="8.4187628004">
				<ele>783.4</ele>
			</trkpt>
			<trkpt lat="47.4816446944" lon="8.4188964741">
				<ele>783.0</ele>
			</trkpt>
			<trkpt lat="47.4816646212" lon="8.4190723636">
				<ele>782.3</ele>
			</trkpt>
			<trkpt lat="47.4816942354" lon="8.4192291265">
				<ele>781.3</ele>
			</trkpt>
			<trkpt lat="47.4817282501" lon="8.4194280968">
				<ele>779.8</ele>
			</trkpt>
			<trkpt lat="47.4817544424" lon="8.4195672434">
				<ele>778.6</ele>
			</trkpt>
			<trkpt lat="47.4817932788" lon="8.4197575198">
				<ele>776.7</ele>
			</trkpt>
			<trkpt lat="47.4818385813" lon="8.4200286651">
				<ele>772.9</ele>
			</trkpt>
			<trkpt lat="47.4818748197" lon="8.4202452307">
				<ele>769.9</ele>
			</trkpt>
			<trkpt lat="47.4819027837" lon="8.4204563771">
				<ele>767.1</ele>
			</trkpt>
			<trkpt lat="47.4819252254" lon="8.4206165253">
				<ele>765.6</ele>
			</trkpt>
			<trkpt lat="47.4819404971" lon="8.4207800441">
				<ele>764.3</ele>
			</trkpt>
			<trkpt lat="47.4819601531" lon="8.4209875222">
				<ele>762.8</ele>
			</trkpt>
			<trkpt lat="47.4819677020" lon="8.4212193615">
				<ele>761.4</ele>
			</trkpt>
			<trkpt lat="47.4819749023" lon="8.4214933083">
				<ele>759.2</ele>
			</trkpt>
			<trkpt lat="47.4819767352" lon="8.4216969545">
				<ele>757.3</ele>
			</trkpt>
			<trkpt lat="47.4819718773" lon="8.4218495806">
				<ele>755.8</ele>
			</trkpt>
			<trkpt lat="47.4819653338" lon="8.4220576492">
				<ele>753.1</ele>
			</trkpt>
			<trkpt lat="47.4819781033" lon="8.4221861477">
				<ele>751.4</ele>
			</trkpt>
			<trkpt lat="47.4819970096" lon="8.4223333353">
				<ele>749.4</ele>
			</trkpt>
			<trkpt lat="47.4820319860" lon="8.4225179973">
				<ele>746.7</ele>
			</trkpt>
			<trkpt lat="47.4820722127" lon="8.4226786076">
				<ele>744.0</ele>
			</trkpt>
			<trkpt lat="47.4821073694" lon="8.4228409701">
				<ele>741.4</ele>
			</trkpt>
			<trkpt lat="47.4821265118" lon="8.4229602991">
				<ele>739.7</ele>
			</trkpt>
			<trkpt lat="47.4821334080" lon="8.4230611184">
				<ele>738.5</ele>
			</trkpt>
			<trkpt lat="47.4821388696" lon="8.4232016492">
				<ele>736.9</ele>
			</trkpt>
			<trkpt lat="47.4821412973" lon="8.4233645737">
				<ele>734.6</ele>
			</trkpt>
			<trkpt lat="47.4821354888" lon="8.4234880461">
				<ele>732.9</ele>
			</trkpt>
			<trkpt lat="47.4821134568" lon="8.4236154107">
				<ele>731.1</ele>
			</trkpt>
			<trkpt lat="47.4820749795" lon="8.4237747788">
				<ele>729.2</ele>
			</trkpt>
			<trkpt lat="47.4820400226" lon="8.4239220985">
				<ele>727.4</ele>
			</trkpt>
			<trkpt lat="47.4821069064" lon="8.4239930200">
				<ele>726.8</ele>
			</trkpt>
			<trkpt lat="47.4821783559" lon="8.4240717616">
				<ele>726.0</ele>
			</trkpt>
			<trkpt lat="47.4822143718" lon="8.4241287531">
				<ele>725.7</ele>
			</trkpt>
			<trkpt lat="47.4822410401" lon="8.4241975183">
				<ele>725.5</ele>
			</trkpt>
			<trkpt lat="47.4822531900" lon="8.4242463975">
				<ele>725.2</ele>
			</trkpt>
			<trkpt lat="47.4822618163" lon="8.4243128851">
				<ele>724.7</ele>
			</trkpt>
			<trkpt lat="47.4822600285" lon="8.4243696693">
				<ele>724.4</ele>
			</trkpt>
			<trkpt lat="47.4822529828" lon="8.4244503270">
				<ele>723.8</ele>
			</trkpt>
			<trkpt lat="47.4822363890" lon="8.4245187835">
				<ele>723.1</ele>
			</trkpt>
			<trkpt lat="47.4821928093" lon="8.4246434539">
				<ele>721.8</ele>
			</trkpt>
			<trkpt lat="47.4821072952" lon="8.4248959859">
				<ele>719.6</ele>
			</trkpt>
			<trkpt lat="47.4820610340" lon="8.4250376576">
				<ele>718.5</ele>
			</trkpt>
			<trkpt lat="47.4819983578" lon="8.4252288321">
				<ele>717.2</ele>
			</trkpt>
			<trkpt lat="47.4819276754" lon="8.4254622793">
				<ele>715.6</ele>
			</trkpt>
			<trkpt lat="47.4818874754" lon="8.4255892005">
				<ele>714.8</ele>
			</trkpt>
			<trkpt lat="47.4818647769" lon="8.4256783652">
				<ele>714.2</ele>
			</trkpt>
			<trkpt lat="47.4818452361" lon="8.4257949667">
				<ele>713.4</ele>
			</trkpt>
			<trkpt lat="47.4818272522" lon="8.4259240487">
				<ele>712.6</ele>
			</trkpt>
			<trkpt lat="47.4818214127" lon="8.4260160265">
				<ele>712.0</ele>
			</trkpt>
			<trkpt lat="47.4818169365" lon="8.4261453590">
				<ele>711.2</ele>
			</trkpt>
			<trkpt lat="47.4818204627" lon="8.4263246081">
				<ele>710.0</ele>
			</trkpt>
			<trkpt lat="47.4818356481" lon="8.4265214879">
				<ele>708.7</ele>
			</trkpt>
			<trkpt lat="47.4818785872" lon="8.4268283965">
				<ele>706.4</ele>
			</trkpt>
			<trkpt lat="47.4819360050" lon="8.4272177097">
				<ele>703.2</ele>
			</trkpt>
			<trkpt lat="47.4819836142" lon="8.4275694861">
				<ele>700.5</ele>
			</trkpt>
			<trkpt lat="47.4820424951" lon="8.4280525471">
				<ele>697.9</ele>
			</trkpt>
			<trkpt lat="47.4820877863" lon="8.4282869029">
				<ele>696.0</ele>
			</trkpt>
			<trkpt lat="47.4821123758" lon="8.4284576043">
				<ele>694.2</ele>
			</trkpt>
			<trkpt lat="47.4821315710" lon="8.4286089901">
				<ele>693.1</ele>
			</trkpt>
			<trkpt lat="47.4821415816" lon="8.4287437236">
				<ele>691.9</ele>
			</trkpt>
			<trkpt lat="47.4821527810" lon="8.4289581272">
				<ele>690.2</ele>
			</trkpt>
			<trkpt lat="47.4821675538" lon="8.4291890399">
				<ele>688.0</ele>
			</trkpt>
			<trkpt lat="47.4821843610" lon="8.4294008011">
				<ele>685.9</ele>
			</trkpt>
			<trkpt lat="47.4822050558" lon="8.4295933933">
				<ele>683.6</ele>
			</trkpt>
			<trkpt lat="47.4822205557" lon="8.4297392172">
				<ele>681.9</ele>
			</trkpt>
			<trkpt lat="47.4822401876" lon="8.4298384332">
				<ele>680.9</ele>
			</trkpt>
			<trkpt lat="47.4822818435" lon="8.4299737565">
				<ele>679.4</ele>
			</trkpt>
			<trkpt lat="47.4823414160" lon="8.4301890489">
				<ele>677.2</ele>
			</trkpt>
			<trkpt lat="47.4823754466" lon="8.4303462063">
				<ele>675.8</ele>
			</trkpt>
			<trkpt lat="47.4824113056" lon="8.4305061318">
				<ele>674.1</ele>
			</trkpt>
			<trkpt lat="47.4824381477" lon="8.4306329392">
				<ele>672.8</ele>
			</trkpt>
			<trkpt lat="47.4824590433" lon="8.4308008272">
				<ele>671.1</ele>
			</trkpt>
			<trkpt lat="47.4824744092" lon="8.4309631312">
				<ele>669.6</ele>
			</trkpt>
			<trkpt lat="47.4824875049" lon="8.4311720651">
				<ele>667.8</ele>
			</trkpt>
			<trkpt lat="47.4824931530" lon="8.4313808602">
				<ele>666.1</ele>
			</trkpt>
			<trkpt lat="47.4825097208" lon="8.4316200755">
				<ele>664.1</ele>
			</trkpt>
			<trkpt lat="47.4825243325" lon="8.4318702292">
				<ele>661.8</ele>
			</trkpt>
			<trkpt lat="47.4825450415" lon="8.4320826357">
				<ele>659.5</ele>
			</trkpt>
			<trkpt lat="47.4825532978" lon="8.4322441728">
				<ele>657.3</ele>
			</trkpt>
			<trkpt lat="47.4825501618" lon="8.4323664311">
				<ele>655.6</ele>
			</trkpt>
			<trkpt lat="47.4825344655" lon="8.4324702499">
				<ele>654.5</ele>
			</trkpt>
			<trkpt lat="47.4825173044" lon="8.4325288333">
				<ele>654.0</ele>
			</trkpt>
			<trkpt lat="47.4824875990" lon="8.4325660233">
				<ele>653.8</ele>
			</trkpt>
			<trkpt lat="47.4824679640" lon="8.4325817107">
				<ele>653.7</ele>
			</trkpt>
			<trkpt lat="47.4824746529" lon="8.4326103806">
				<ele>653.2</ele>
			</trkpt>
			<trkpt lat="47.4824913970" lon="8.4326328372">
				<ele>652.7</ele>
			</trkpt>
			<trkpt lat="47.4824904019" lon="8.4326460480">
				<ele>652.4</ele>
			</trkpt>
			<trkpt lat="47.4824762866" lon="8.4326652592">
				<ele>652.2</ele>
			</trkpt>
			<trkpt lat="47.4824624957" lon="8.4326958270">
				<ele>651.7</ele>
			</trkpt>
			<trkpt lat="47.4824353771" lon="8.4327544576">
				<ele>650.3</ele>
			</trkpt>
			<trkpt lat="47.4824082529" lon="8.4328137229">
				<ele>649.2</ele>
			</trkpt>
			<trkpt lat="47.4823781701" lon="8.4328634612">
				<ele>647.9</ele>
			</trkpt>
			<trkpt lat="47.4823552892" lon="8.4328894019">
				<ele>646.8</ele>
			</trkpt>
			<trkpt lat="47.4823079999" lon="8.4329191885">
				<ele>644.9</ele>
			</trkpt>
			<trkpt lat="47.4822475772" lon="8.4329575146">
				<ele>643.3</ele>
			</trkpt>
			<trkpt lat="47.4821753353" lon="8.4330031223">
				<ele>641.3</ele>
			</trkpt>
			<trkpt lat="47.4821043726" lon="8.4330506324">
				<ele>639.1</ele>
			</trkpt>
			<trkpt lat="47.4820515208" lon="8.4330714651">
				<ele>637.8</ele>
			</trkpt>
			<trkpt lat="47.4820034904" lon="8.4330880083">
				<ele>636.5</ele>
			</trkpt>
			<trkpt lat="47.4819498978" lon="8.4330955848">
				<ele>635.4</ele>
			</trkpt>
			<trkpt lat="47.4818802653" lon="8.4330971217">
				<ele>633.7</ele>
			</trkpt>
			<trkpt lat="47.4818366890" lon="8.4331030454">
				<ele>632.5</ele>
			</trkpt>
			<trkpt lat="47.4817800729" lon="8.4331086607">
				<ele>631.7</ele>
			</trkpt>
			<trkpt lat="47.4817251774" lon="8.4331149560">
				<ele>630.8</ele>
			</trkpt>
			<trkpt lat="47.4816597931" lon="8.4331266658">
				<ele>629.5</ele>
			</trkpt>
			<trkpt lat="47.4816223090" lon="8.4331333641">
				<ele>628.9</ele>
			</trkpt>
			<trkpt lat="47.4815795143" lon="8.4331487610">
				<ele>627.7</ele>
			</trkpt>
			<trkpt lat="47.4815298443" lon="8.4331551668">
				<ele>626.1</ele>
			</trkpt>
			<trkpt lat="47.4814928437" lon="8.4331568337">
				<ele>625.5</ele>
			</trkpt>
			<trkpt lat="47.4814610278" lon="8.4331538813">
				<ele>625.5</ele>
			</trkpt>
			<trkpt lat="47.4814695730" lon="8.4332365772">
				<ele>624.4</ele>
			</trkpt>
			<trkpt lat="47.4814772174" lon="8.4333330426">
				<ele>623.3</ele>
			</trkpt>
			<trkpt lat="47.4815039591" lon="8.4335936288">
				<ele>620.0</ele>
			</trkpt>
			<trkpt lat="47.4815222363" lon="8.4338113248">
				<ele>617.4</ele>
			</trkpt>
			<trkpt lat="47.4815409733" lon="8.4340047869">
				<ele>615.2</ele>
			</trkpt>
			<trkpt lat="47.4815431561" lon="8.4340229157">
				<ele>615.1</ele>
			</trkpt>
			<trkpt lat="47.4815524409" lon="8.4341262016">
				<ele>613.8</ele>
			</trkpt>
			<trkpt lat="47.4815629425" lon="8.4341706592">
				<ele>613.3</ele>
			</trkpt>
			<trkpt lat="47.4815891826" lon="8.4342603204">
				<ele>612.4</ele>
			</trkpt>
			<trkpt lat="47.4816335428" lon="8.4344247330">
				<ele>610.6</ele>
			</trkpt>
			<trkpt lat="47.4816890193" lon="8.4346436440">
				<ele>608.2</ele>
			</trkpt>
			<trkpt lat="47.4817498614" lon="8.4348943231">
				<ele>605.6</ele>
			</trkpt>
			<trkpt lat="47.4817955527" lon="8.4350931500">
				<ele>603.1</ele>
			</trkpt>
			<trkpt lat="47.4818160106" lon="8.4351825613">
				<ele>602.1</ele>
			</trkpt>
			<trkpt lat="47.4818170089" lon="8.4352212569">
				<ele>601.7</ele>
			</trkpt>
			<trkpt lat="47.4818081417" lon="8.4352712350">
				<ele>601.4</ele>
			</trkpt>
			<trkpt lat="47.4818613062" lon="8.4353855403">
				<ele>600.5</ele>
			</trkpt>
			<trkpt lat="47.4818969962" lon="8.4354828040">
				<ele>599.7</ele>
			</trkpt>
			<trkpt lat="47.4819350038" lon="8.4356023975">
				<ele>598.8</ele>
			</trkpt>
			<trkpt lat="47.4819888028" lon="8.4357891718">
				<ele>597.4</ele>
			</trkpt>
			<trkpt lat="47.4820377911" lon="8.4359517172">
				<ele>596.2</ele>
			</trkpt>
			<trkpt lat="47.4820904353" lon="8.4361336635">
				<ele>594.9</ele>
			</trkpt>
			<trkpt lat="47.4821346159" lon="8.4362800006">
				<ele>594.0</ele>
			</trkpt>
			<trkpt lat="47.4821706542" lon="8.4363805890">
				<ele>593.4</ele>
			</trkpt>
			<trkpt lat="47.4821943701" lon="8.4364341839">
				<ele>593.4</ele>
			</trkpt>
			<trkpt lat="47.4822142723" lon="8.4364731694">
				<ele>593.4</ele>
			</trkpt>
			<trkpt lat="47.4822789781" lon="8.4365746842">
				<ele>593.5</ele>
			</trkpt>
			<trkpt lat="47.4823654559" lon="8.4367570200">
				<ele>594.6</ele>
			</trkpt>
			<trkpt lat="47.4824200456" lon="8.4368831978">
				<ele>595.6</ele>
			</trkpt>
			<trkpt lat="47.4824528467" lon="8.4369773903">
				<ele>596.3</ele>
			</trkpt>
			<trkpt lat="47.4824691283" lon="8.4370481833">
				<ele>596.9</ele>
			</trkpt>
			<trkpt lat="47.4824776907" lon="8.4371431912">
				<ele>597.6</ele>
			</trkpt>
			<trkpt lat="47.4824557359" lon="8.4374297961">
				<ele>599.7</ele>
			</trkpt>
			<trkpt lat="47.4824446651" lon="8.4376631044">
				<ele>601.5</ele>
			</trkpt>
			<trkpt lat="47.4824392331" lon="8.4378308251">
				<ele>602.6</ele>
			</trkpt>
			<trkpt lat="47.4824547283" lon="8.4380499774">
				<ele>603.7</ele>
			</trkpt>
			<trkpt lat="47.4824829717" lon="8.4382875741">
				<ele>604.9</ele>
			</trkpt>
			<trkpt lat="47.4825213034" lon="8.4384827959">
				<ele>606.0</ele>
			</trkpt>
			<trkpt lat="47.4825815128" lon="8.4386881210">
				<ele>607.4</ele>
			</trkpt>
			<trkpt lat="47.4826277844" lon="8.4388117220">
				<ele>608.1</ele>
			</trkpt>
			<trkpt lat="47.4826532325" lon="8.4388656750">
				<ele>608.5</ele>
			</trkpt>
			<trkpt lat="47.4826750094" lon="8.4388988662">
				<ele>609.0</ele>
			</trkpt>
			<trkpt lat="47.4827021281" lon="8.4389093658">
				<ele>609.5</ele>
			</trkpt>
			<trkpt lat="47.4828126894" lon="8.4389408564">
				<ele>609.8</ele>
			</trkpt>
			<trkpt lat="47.4828658610" lon="8.4389539707">
				<ele>610.3</ele>
			</trkpt>
			<trkpt lat="47.4829307360" lon="8.4389690152">
				<ele>611.0</ele>
			</trkpt>
			<trkpt lat="47.4829625993" lon="8.4389852017">
				<ele>611.4</ele>
			</trkpt>
			<trkpt lat="47.4829911470" lon="8.4390186888">
				<ele>611.6</ele>
			</trkpt>
			<trkpt lat="47.4830100838" lon="8.4390589406">
				<ele>611.8</ele>
			</trkpt>
			<trkpt lat="47.4830386484" lon="8.4391227485">
				<ele>611.9</ele>
			</trkpt>
			<trkpt lat="47.4830893533" lon="8.4392683193">
				<ele>611.8</ele>
			</trkpt>
			<trkpt lat="47.4831818140" lon="8.4395301393">
				<ele>611.5</ele>
			</trkpt>
			<trkpt lat="47.4832249397" lon="8.4396731584">
				<ele>611.2</ele>
			</trkpt>
			<trkpt lat="47.4832604038" lon="8.4398367008">
				<ele>610.7</ele>
			</trkpt>
			<trkpt lat="47.4832905465" lon="8.4400050413">
				<ele>610.1</ele>
			</trkpt>
			<trkpt lat="47.4833145568" lon="8.4401866386">
				<ele>609.0</ele>
			</trkpt>
			<trkpt lat="47.4833243866" lon="8.4403303020">
				<ele>607.5</ele>
			</trkpt>
			<trkpt lat="47.4833314620" lon="8.4404855753">
				<ele>605.2</ele>
			</trkpt>
			<trkpt lat="47.4833429577" lon="8.4406736365">
				<ele>602.4</ele>
			</trkpt>
			<trkpt lat="47.4833469355" lon="8.4407378510">
				<ele>601.4</ele>
			</trkpt>
			<trkpt lat="47.4833568142" lon="8.4408768118">
				<ele>599.5</ele>
			</trkpt>
			<trkpt lat="47.4833607263" lon="8.4409766453">
				<ele>598.3</ele>
			</trkpt>
			<trkpt lat="47.4833618330" lon="8.4410856518">
				<ele>597.0</ele>
			</trkpt>
			<trkpt lat="47.4833682260" lon="8.4411379132">
				<ele>596.2</ele>
			</trkpt>
			<trkpt lat="47.4833861158" lon="8.4412054607">
				<ele>595.1</ele>
			</trkpt>
			<trkpt lat="47.4834007385" lon="8.4412463320">
				<ele>594.1</ele>
			</trkpt>
			<trkpt lat="47.4834247285" lon="8.4413095371">
				<ele>592.4</ele>
			</trkpt>
			<trkpt lat="47.4834449484" lon="8.4413552692">
				<ele>591.4</ele>
			</trkpt>
			<trkpt lat="47.4834649428" lon="8.4413917844">
				<ele>590.4</ele>
			</trkpt>
			<trkpt lat="47.4834850577" lon="8.4414153314">
				<ele>589.8</ele>
			</trkpt>
			<trkpt lat="47.4835293048" lon="8.4414462394">
				<ele>588.8</ele>
			</trkpt>
			<trkpt lat="47.4835619726" lon="8.4414692712">
				<ele>587.8</ele>
			</trkpt>
			<trkpt lat="47.4835826880" lon="8.4414920132">
				<ele>586.7</ele>
			</trkpt>
			<trkpt lat="47.4836096842" lon="8.4415291011">
				<ele>585.6</ele>
			</trkpt>
			<trkpt lat="47.4836390881" lon="8.4416069599">
				<ele>583.7</ele>
			</trkpt>
			<trkpt lat="47.4836499425" lon="8.4416590984">
				<ele>582.7</ele>
			</trkpt>
			<trkpt lat="47.4836611245" lon="8.4417129534">
				<ele>581.3</ele>
			</trkpt>
			<trkpt lat="47.4836790638" lon="8.4417799582">
				<ele>579.6</ele>
			</trkpt>
			<trkpt lat="47.4836926304" lon="8.4418347265">
				<ele>578.2</ele>
			</trkpt>
			<trkpt lat="47.4836987888" lon="8.4418817619">
				<ele>577.0</ele>
			</trkpt>
			<trkpt lat="47.4837018040" lon="8.4419479543">
				<ele>575.6</ele>
			</trkpt>
			<trkpt lat="47.4837019003" lon="8.4420396052">
				<ele>573.9</ele>
			</trkpt>
			<trkpt lat="47.4836981515" lon="8.4421265447">
				<ele>572.1</ele>
			</trkpt>
			<trkpt lat="47.4836929972" lon="8.4422034158">
				<ele>570.5</ele>
			</trkpt>
			<trkpt lat="47.4836878029" lon="8.4422505611">
				<ele>569.4</ele>
			</trkpt>
			<trkpt lat="47.4836771666" lon="8.4423050935">
				<ele>568.4</ele>
			</trkpt>
			<trkpt lat="47.4836639222" lon="8.4423511931">
				<ele>567.3</ele>
			</trkpt>
			<trkpt lat="47.4836540149" lon="8.4423910970">
				<ele>566.7</ele>
			</trkpt>
			<trkpt lat="47.4836511265" lon="8.4424140423">
				<ele>566.1</ele>
			</trkpt>
			<trkpt lat="47.4836512493" lon="8.4424341288">
				<ele>565.8</ele>
			</trkpt>
			<trkpt lat="47.4836561612" lon="8.4424526730">
				<ele>565.5</ele>
			</trkpt>
			<trkpt lat="47.4836705442" lon="8.4424827726">
				<ele>565.1</ele>
			</trkpt>
			<trkpt lat="47.4836872882" lon="8.4425154306">
				<ele>564.5</ele>
			</trkpt>
			<trkpt lat="47.4837095178" lon="8.4425502262">
				<ele>563.6</ele>
			</trkpt>
			<trkpt lat="47.4837536645" lon="8.4426083184">
				<ele>562.0</ele>
			</trkpt>
			<trkpt lat="47.4837775095" lon="8.4426559986">
				<ele>561.0</ele>
			</trkpt>
			<trkpt lat="47.4838134917" lon="8.4427583169">
				<ele>559.0</ele>
			</trkpt>
			<trkpt lat="47.4838595244" lon="8.4429338410">
				<ele>555.8</ele>
			</trkpt>
			<trkpt lat="47.4838858027" lon="8.4430359765">
				<ele>554.1</ele>
			</trkpt>
			<trkpt lat="47.4838998042" lon="8.4431006660">
				<ele>553.1</ele>
			</trkpt>
			<trkpt lat="47.4839012996" lon="8.4431522397">
				<ele>552.4</ele>
			</trkpt>
			<trkpt lat="47.4838930291" lon="8.4432107559">
				<ele>551.4</ele>
			</trkpt>
			<trkpt lat="47.4838769391" lon="8.4432748647">
				<ele>550.5</ele>
			</trkpt>
			<trkpt lat="47.4838524768" lon="8.4433490908">
				<ele>549.5</ele>
			</trkpt>
			<trkpt lat="47.4838873660" lon="8.4433886871">
				<ele>549.2</ele>
			</trkpt>
			<trkpt lat="47.4838345708" lon="8.4434711118">
				<ele>548.6</ele>
			</trkpt>
			<trkpt lat="47.4838054041" lon="8.4435152910">
				<ele>548.2</ele>
			</trkpt>
			<trkpt lat="47.4837725797" lon="8.4435622129">
				<ele>547.6</ele>
			</trkpt>
			<trkpt lat="47.4837034156" lon="8.4436527896">
				<ele>546.6</ele>
			</trkpt>
			<trkpt lat="47.4836587644" lon="8.4437244703">
				<ele>545.8</ele>
			</trkpt>
			<trkpt lat="47.4836358143" lon="8.4437788476">
				<ele>545.4</ele>
			</trkpt>
			<trkpt lat="47.4836218571" lon="8.4438334205">
				<ele>545.0</ele>
			</trkpt>
			<trkpt lat="47.4836168660" lon="8.4438923740">
				<ele>544.6</ele>
			</trkpt>
			<trkpt lat="47.4836174882" lon="8.4439553984">
				<ele>544.3</ele>
			</trkpt>
			<trkpt lat="47.4836314082" lon="8.4440853019">
				<ele>543.8</ele>
			</trkpt>
			<trkpt lat="47.4836572033" lon="8.4442263918">
				<ele>543.3</ele>
			</trkpt>
			<trkpt lat="47.4836832330" lon="8.4443393814">
				<ele>543.3</ele>
			</trkpt>
			<trkpt lat="47.4837078453" lon="8.4444291760">
				<ele>543.3</ele>
			</trkpt>
			<trkpt lat="47.4837428632" lon="8.4445191285">
				<ele>543.3</ele>
			</trkpt>
			<trkpt lat="47.4837763804" lon="8.4445985181">
				<ele>543.5</ele>
			</trkpt>
			<trkpt lat="47.4837862658" lon="8.4446419575">
				<ele>543.6</ele>
			</trkpt>
			<trkpt lat="47.4837929667" lon="8.4446885502">
				<ele>543.7</ele>
			</trkpt>
			<trkpt lat="47.4837934582" lon="8.4447500045">
				<ele>543.9</ele>
			</trkpt>
			<trkpt lat="47.4837969933" lon="8.4448100133">
				<ele>544.2</ele>
			</trkpt>
			<trkpt lat="47.4838083461" lon="8.4449061402">
				<ele>544.6</ele>
			</trkpt>
			<trkpt lat="47.4838403880" lon="8.4450775923">
				<ele>544.1</ele>
			</trkpt>
			<trkpt lat="47.4839006493" lon="8.4453904667">
				<ele>542.2</ele>
			</trkpt>
			<trkpt lat="47.4839323521" lon="8.4456008896">
				<ele>540.2</ele>
			</trkpt>
			<trkpt lat="47.4839548951" lon="8.4458126296">
				<ele>537.9</ele>
			</trkpt>
			<trkpt lat="47.4839730338" lon="8.4460632371">
				<ele>534.8</ele>
			</trkpt>
			<trkpt lat="47.4839775414" lon="8.4461054608">
				<ele>534.3</ele>
			</trkpt>
			<trkpt lat="47.4839951300" lon="8.4462703950">
				<ele>532.3</ele>
			</trkpt>
			<trkpt lat="47.4840134466" lon="8.4464436748">
				<ele>530.3</ele>
			</trkpt>
			<trkpt lat="47.4840311753" lon="8.4465790295">
				<ele>528.4</ele>
			</trkpt>
			<trkpt lat="47.4840384030" lon="8.4466817913">
				<ele>526.9</ele>
			</trkpt>
			<trkpt lat="47.4840416441" lon="8.4468280932">
				<ele>524.7</ele>
			</trkpt>
			<trkpt lat="47.4840468391" lon="8.4470630039">
				<ele>521.1</ele>
			</trkpt>
			<trkpt lat="47.4840572764" lon="8.4473177081">
				<ele>517.4</ele>
			</trkpt>
			<trkpt lat="47.4840531626" lon="8.4474501842">
				<ele>515.9</ele>
			</trkpt>
			<trkpt lat="47.4840523008" lon="8.4474778994">
				<ele>515.6</ele>
			</trkpt>
			<trkpt lat="47.4840514137" lon="8.4476787969">
				<ele>513.6</ele>
			</trkpt>
			<trkpt lat="47.4840504314" lon="8.4479080876">
				<ele>511.4</ele>
			</trkpt>
			<trkpt lat="47.4840488247" lon="8.4480923856">
				<ele>509.3</ele>
			</trkpt>
			<trkpt lat="47.4840545522" lon="8.4483628833">
				<ele>505.8</ele>
			</trkpt>
			<trkpt lat="47.4840606851" lon="8.4485961568">
				<ele>502.9</ele>
			</trkpt>
			<trkpt lat="47.4840643544" lon="8.4487580911">
				<ele>501.3</ele>
			</trkpt>
			<trkpt lat="47.4840734843" lon="8.4489683740">
				<ele>499.3</ele>
			</trkpt>
			<trkpt lat="47.4840559874" lon="8.4491438651">
				<ele>498.0</ele>
			</trkpt>
			<trkpt lat="47.4840308552" lon="8.4494221366">
				<ele>496.0</ele>
			</trkpt>
			<trkpt lat="47.4839919287" lon="8.4498390420">
				<ele>491.9</ele>
			</trkpt>
			<trkpt lat="47.4839616265" lon="8.4501364938">
				<ele>488.5</ele>
			</trkpt>
			<trkpt lat="47.4839409201" lon="8.4503414460">
				<ele>485.7</ele>
			</trkpt>
			<trkpt lat="47.4839350911" lon="8.4503990936">
				<ele>485.5</ele>
			</trkpt>
			<trkpt lat="47.4839138723" lon="8.4505638189">
				<ele>484.0</ele>
			</trkpt>
			<trkpt lat="47.4838938199" lon="8.4507679209">
				<ele>481.2</ele>
			</trkpt>
			<trkpt lat="47.4838687857" lon="8.4509728834">
				<ele>478.1</ele>
			</trkpt>
			<trkpt lat="47.4838494975" lon="8.4511625230">
				<ele>475.0</ele>
			</trkpt>
			<trkpt lat="47.4838404949" lon="8.4512549403">
				<ele>473.5</ele>
			</trkpt>
			<trkpt lat="47.4838207998" lon="8.4514016220">
				<ele>471.2</ele>
			</trkpt>
			<trkpt lat="47.4837899746" lon="8.4515568888">
				<ele>469.0</ele>
			</trkpt>
			<trkpt lat="47.4837603712" lon="8.4516897151">
				<ele>467.3</ele>
			</trkpt>
			<trkpt lat="47.4837371054" lon="8.4517941740">
				<ele>466.0</ele>
			</trkpt>
			<trkpt lat="47.4837236133" lon="8.4518629936">
				<ele>465.3</ele>
			</trkpt>
			<trkpt lat="47.4836743823" lon="8.4518622687">
				<ele>464.7</ele>
			</trkpt>
			<trkpt lat="47.4836495953" lon="8.4518722792">
				<ele>464.4</ele>
			</trkpt>
			<trkpt lat="47.4836298602" lon="8.4519073176">
				<ele>464.0</ele>
			</trkpt>
			<trkpt lat="47.4836207063" lon="8.4519337202">
				<ele>463.7</ele>
			</trkpt>
			<trkpt lat="47.4835992043" lon="8.4521048338">
				<ele>461.7</ele>
			</trkpt>
			<trkpt lat="47.4835840336" lon="8.4522503134">
				<ele>459.9</ele>
			</trkpt>
			<trkpt lat="47.4835819579" lon="8.4523117604">
				<ele>459.1</ele>
			</trkpt>
			<trkpt lat="47.4835890756" lon="8.4523802291">
				<ele>458.3</ele>
			</trkpt>
			<trkpt lat="47.4836081913" lon="8.4524899260">
				<ele>457.0</ele>
			</trkpt>
			<trkpt lat="47.4836365559" lon="8.4526415029">
				<ele>455.7</ele>
			</trkpt>
			<trkpt lat="47.4835705166" lon="8.4526887015">
				<ele>455.1</ele>
			</trkpt>
			<trkpt lat="47.4834932157" lon="8.4527544477">
				<ele>454.4</ele>
			</trkpt>
			<trkpt lat="47.4834106546" lon="8.4528435389">
				<ele>453.7</ele>
			</trkpt>
			<trkpt lat="47.4833484571" lon="8.4529142294">
				<ele>453.3</ele>
			</trkpt>
			<trkpt lat="47.4833065868" lon="8.4529696900">
				<ele>453.0</ele>
			</trkpt>
			<trkpt lat="47.4833885759" lon="8.4531142209">
				<ele>452.0</ele>
			</trkpt>
			<trkpt lat="47.4834574595" lon="8.4532659056">
				<ele>450.4</ele>
			</trkpt>
			<trkpt lat="47.4835099925" lon="8.4534143738">
				<ele>449.2</ele>
			</trkpt>
			<trkpt lat="47.4835295093" lon="8.4534884659">
				<ele>448.8</ele>
			</trkpt>
			<trkpt lat="47.4835331204" lon="8.4535136121">
				<ele>448.7</ele>
			</trkpt>
			<trkpt lat="47.4835323841" lon="8.4535873316">
				<ele>448.3</ele>
			</trkpt>
			<trkpt lat="47.4835087390" lon="8.4537359131">
				<ele>447.5</ele>
			</trkpt>
			<trkpt lat="47.4834924030" lon="8.4538499501">
				<ele>447.0</ele>
			</trkpt>
			<trkpt lat="47.4834849202" lon="8.4539021520">
				<ele>446.7</ele>
			</trkpt>
			<trkpt lat="47.4834842829" lon="8.4539655631">
				<ele>446.4</ele>
			</trkpt>
			<trkpt lat="47.4834901142" lon="8.4540586077">
				<ele>446.0</ele>
			</trkpt>
			<trkpt lat="47.4835162896" lon="8.4542390286">
				<ele>445.2</ele>
			</trkpt>
			<trkpt lat="47.4835364749" lon="8.4543865624">
				<ele>444.6</ele>
			</trkpt>
			<trkpt lat="47.4835405439" lon="8.4544528501">
				<ele>444.3</ele>
			</trkpt>
			<trkpt lat="47.4835425081" lon="8.4545395843">
				<ele>443.9</ele>
			</trkpt>
			<trkpt lat="47.4835418773" lon="8.4546042832">
				<ele>443.7</ele>
			</trkpt>
			<trkpt lat="47.4835417178" lon="8.4546522322">
				<ele>443.5</ele>
			</trkpt>
			<trkpt lat="47.4835827727" lon="8.4546539446">
				<ele>443.5</ele>
			</trkpt>
			<trkpt lat="47.4836031754" lon="8.4546639275">
				<ele>443.3</ele>
			</trkpt>
			<trkpt lat="47.4836242457" lon="8.4546869657">
				<ele>443.0</ele>
			</trkpt>
			<trkpt lat="47.4836539581" lon="8.4547338004">
				<ele>442.6</ele>
			</trkpt>
			<trkpt lat="47.4837821084" lon="8.4549518348">
				<ele>441.5</ele>
			</trkpt>
			<trkpt lat="47.4838759811" lon="8.4551113517">
				<ele>441.0</ele>
			</trkpt>
			<trkpt lat="47.4839403972" lon="8.4552275811">
				<ele>440.5</ele>
			</trkpt>
			<trkpt lat="47.4839589035" lon="8.4552773341">
				<ele>440.2</ele>
			</trkpt>
			<trkpt lat="47.4839660770" lon="8.4553085590">
				<ele>439.9</ele>
			</trkpt>
			<trkpt lat="47.4839709095" lon="8.4553544284">
				<ele>439.8</ele>
			</trkpt>
			<trkpt lat="47.4839727945" lon="8.4554132178">
				<ele>439.6</ele>
			</trkpt>
			<trkpt lat="47.4839753987" lon="8.4554925751">
				<ele>439.4</ele>
			</trkpt>
			<trkpt lat="47.4840123691" lon="8.4555548474">
				<ele>439.1</ele>
			</trkpt>
			<trkpt lat="47.4841263198" lon="8.4557324369">
				<ele>437.7</ele>
			</trkpt>
			<trkpt lat="47.4842166326" lon="8.4558639173">
				<ele>437.5</ele>
			</trkpt>
			<trkpt lat="47.4842705240" lon="8.4559453686">
				<ele>437.1</ele>
			</trkpt>
			<trkpt lat="47.4843097331" lon="8.4560108169">
				<ele>437.0</ele>
			</trkpt>
			<trkpt lat="47.4843571208" lon="8.4560933516">
				<ele>436.5</ele>
			</trkpt>
			<trkpt lat="47.4844047971" lon="8.4561921598">
				<ele>436.0</ele>
			</trkpt>
			<trkpt lat="47.4844324396" lon="8.4562554364">
				<ele>435.7</ele>
			</trkpt>
			<trkpt lat="47.4844050180" lon="8.4562857623">
				<ele>435.7</ele>
			</trkpt>
			<trkpt lat="47.4843845382" lon="8.4563101308">
				<ele>435.6</ele>
			</trkpt>
			<trkpt lat="47.4843382419" lon="8.4563787601">
				<ele>435.3</ele>
			</trkpt>
			<trkpt lat="47.4843057893" lon="8.4564472573">
				<ele>435.3</ele>
			</trkpt>
			<trkpt lat="47.4842776049" lon="8.4565182502">
				<ele>435.2</ele>
			</trkpt>
			<trkpt lat="47.4842592630" lon="8.4565921248">
				<ele>435.2</ele>
			</trkpt>
			<trkpt lat="47.4842458189" lon="8.4566592732">
				<ele>435.2</ele>
			</trkpt>
			<trkpt lat="47.4842264204" lon="8.4567499523">
				<ele>435.0</ele>
			</trkpt>
			<trkpt lat="47.4842087502" lon="8.4568701604">
				<ele>434.8</ele>
			</trkpt>
			<trkpt lat="47.4841831202" lon="8.4569974481">
				<ele>434.5</ele>
			</trkpt>
			<trkpt lat="47.4841464048" lon="8.4571281591">
				<ele>434.2</ele>
			</trkpt>
			<trkpt lat="47.4840996956" lon="8.4572446673">
				<ele>433.8</ele>
			</trkpt>
			<trkpt lat="47.4840826266" lon="8.4572872518">
				<ele>433.7</ele>
			</trkpt>
			<trkpt lat="47.4840595040" lon="8.4573329178">
				<ele>433.5</ele>
			</trkpt>
			<trkpt lat="47.4840215617" lon="8.4574078502">
				<ele>433.2</ele>
			</trkpt>
			<trkpt lat="47.4839296210" lon="8.4575494983">
				<ele>432.7</ele>
			</trkpt>
			<trkpt lat="47.4838074763" lon="8.4577002674">
				<ele>432.3</ele>
			</trkpt>
			<trkpt lat="47.4836990764" lon="8.4578263668">
				<ele>432.0</ele>
			</trkpt>
			<trkpt lat="47.4836464124" lon="8.4578876418">
				<ele>431.9</ele>
			</trkpt>
			<trkpt lat="47.4835389343" lon="8.4580040593">
				<ele>431.6</ele>
			</trkpt>
			<trkpt lat="47.4834956738" lon="8.4580485161">
				<ele>431.5</ele>
			</trkpt>
			<trkpt lat="47.4834500715" lon="8.4580953964">
				<ele>431.4</ele>
			</trkpt>
			<trkpt lat="47.4834265753" lon="8.4581191083">
				<ele>431.3</ele>
			</trkpt>
			<trkpt lat="47.4832116141" lon="8.4583361384">
				<ele>430.8</ele>
			</trkpt>
			<trkpt lat="47.4830143538" lon="8.4585143502">
				<ele>430.3</ele>
			</trkpt>
			<trkpt lat="47.4828537198" lon="8.4586558979">
				<ele>430.0</ele>
			</trkpt>
			<trkpt lat="47.4827439959" lon="8.4587514377">
				<ele>429.9</ele>
			</trkpt>
			<trkpt lat="47.4826987856" lon="8.4587782760">
				<ele>430.0</ele>
			</trkpt>
			<trkpt lat="47.4826655773" lon="8.4587884930">
				<ele>430.1</ele>
			</trkpt>
			<trkpt lat="47.4826223198" lon="8.4587743957">
				<ele>430.4</ele>
			</trkpt>
			<trkpt lat="47.4825503797" lon="8.4589049709">
				<ele>430.5</ele>
			</trkpt>
			<trkpt lat="47.4825106361" lon="8.4589586228">
				<ele>430.3</ele>
			</trkpt>
			<trkpt lat="47.4824877643" lon="8.4589880244">
				<ele>430.2</ele>
			</trkpt>
			<trkpt lat="47.4824645391" lon="8.4590085037">
				<ele>430.0</ele>
			</trkpt>
			<trkpt lat="47.4824284536" lon="8.4590358347">
				<ele>429.7</ele>
			</trkpt>
			<trkpt lat="47.4824194598" lon="8.4590428933">
				<ele>429.7</ele>
			</trkpt>
			<trkpt lat="47.4824014228" lon="8.4590636041">
				<ele>429.6</ele>
			</trkpt>
			<trkpt lat="47.4823887017" lon="8.4590873628">
				<ele>429.5</ele>
			</trkpt>
			<trkpt lat="47.4823772244" lon="8.4591087832">
				<ele>429.4</ele>
			</trkpt>
			<trkpt lat="47.4823591497" lon="8.4591347611">
				<ele>429.3</ele>
			</trkpt>
			<trkpt lat="47.4823303952" lon="8.4591570318">
				<ele>429.2</ele>
			</trkpt>
			<trkpt lat="47.4822237197" lon="8.4592445078">
				<ele>428.8</ele>
			</trkpt>
			<trkpt lat="47.4821308222" lon="8.4593178645">
				<ele>428.7</ele>
			</trkpt>
			<trkpt lat="47.4821086852" lon="8.4593353388">
				<ele>428.7</ele>
			</trkpt>
			<trkpt lat="47.4819194854" lon="8.4594703769">
				<ele>429.2</ele>
			</trkpt>
			<trkpt lat="47.4817591093" lon="8.4595743757">
				<ele>428.8</ele>
			</trkpt>
			<trkpt lat="47.4816868481" lon="8.4596247418">
				<ele>428.9</ele>
			</trkpt>
		</trkseg>
	</trk>
</gpx>
