<?xml version="1.0"?>
<gpx version="1.1" xmlns="http://www.topografix.com/GPX/1/1" xmlns:xsi="http://www.w3.org/2001/XMLSchema-instance" xsi:schemaLocation="http://www.topografix.com/GPX/1/1 http://www.topografix.com/GPX/1/1/gpx.xsd">
	<metadata>
		<name>Gspaltenhornhuette Oeschinensee</name>
	</metadata>
	<trk type="hiking">
		<trkseg>
			<trkpt lat="46.5127812981" lon="7.8101856153">
				<ele>2454.9</ele>
			</trkpt>
			<trkpt lat="46.5128393193" lon="7.8101914196">
				<ele>2454.9</ele>
			</trkpt>
			<trkpt lat="46.5129158071" lon="7.8102224863">
				<ele>2454.7</ele>
			</trkpt>
			<trkpt lat="46.5129644951" lon="7.8102407889">
				<ele>2454.4</ele>
			</trkpt>
			<trkpt lat="46.5130524312" lon="7.8103113885">
				<ele>2453.1</ele>
			</trkpt>
			<trkpt lat="46.5130882896" lon="7.8103439503">
				<ele>2452.6</ele>
			</trkpt>
			<trkpt lat="46.5131276585" lon="7.8103675573">
				<ele>2451.8</ele>
			</trkpt>
			<trkpt lat="46.5132340228" lon="7.8104723827">
				<ele>2449.8</ele>
			</trkpt>
			<trkpt lat="46.5132917699" lon="7.8105427902">
				<ele>2448.4</ele>
			</trkpt>
			<trkpt lat="46.5133703043" lon="7.8106384495">
				<ele>2445.5</ele>
			</trkpt>
			<trkpt lat="46.5134188388" lon="7.8106926225">
				<ele>2444.1</ele>
			</trkpt>
			<trkpt lat="46.5134662838" lon="7.8107306437">
				<ele>2442.9</ele>
			</trkpt>
			<trkpt lat="46.5135415876" lon="7.8107688578">
				<ele>2440.9</ele>
			</trkpt>
			<trkpt lat="46.5136273085" lon="7.8108125628">
				<ele>2438.9</ele>
			</trkpt>
			<trkpt lat="46.5136817837" lon="7.8108326906">
				<ele>2437.9</ele>
			</trkpt>
			<trkpt lat="46.5137270669" lon="7.8108330287">
				<ele>2437.1</ele>
			</trkpt>
			<trkpt lat="46.5137955234" lon="7.8108442880">
				<ele>2436.1</ele>
			</trkpt>
			<trkpt lat="46.5138222546" lon="7.8108373044">
				<ele>2435.3</ele>
			</trkpt>
			<trkpt lat="46.5138414490" lon="7.8108023333">
				<ele>2434.9</ele>
			</trkpt>
			<trkpt lat="46.5138549221" lon="7.8107866726">
				<ele>2434.8</ele>
			</trkpt>
			<trkpt lat="46.5138748334" lon="7.8107854271">
				<ele>2434.4</ele>
			</trkpt>
			<trkpt lat="46.5139030407" lon="7.8108001240">
				<ele>2433.9</ele>
			</trkpt>
			<trkpt lat="46.5139247774" lon="7.8108102018">
				<ele>2433.8</ele>
			</trkpt>
			<trkpt lat="46.5139487952" lon="7.8108323887">
				<ele>2433.7</ele>
			</trkpt>
			<trkpt lat="46.5139631378" lon="7.8108340889">
				<ele>2433.4</ele>
			</trkpt>
			<trkpt lat="46.5139747552" lon="7.8108191582">
				<ele>2432.8</ele>
			</trkpt>
			<trkpt lat="46.5139965858" lon="7.8107922965">
				<ele>2432.2</ele>
			</trkpt>
			<trkpt lat="46.5140114307" lon="7.8107834339">
				<ele>2431.8</ele>
			</trkpt>
			<trkpt lat="46.5140221150" lon="7.8107677412">
				<ele>2431.5</ele>
			</trkpt>
			<trkpt lat="46.5140407172" lon="7.8107378081">
				<ele>2431.4</ele>
			</trkpt>
			<trkpt lat="46.5140486638" lon="7.8107092604">
				<ele>2430.9</ele>
			</trkpt>
			<trkpt lat="46.5140520389" lon="7.8106565120">
				<ele>2429.4</ele>
			</trkpt>
			<trkpt lat="46.5140443270" lon="7.8105968320">
				<ele>2428.2</ele>
			</trkpt>
			<trkpt lat="46.5140379344" lon="7.8105628048">
				<ele>2427.2</ele>
			</trkpt>
			<trkpt lat="46.5140259497" lon="7.8105415357">
				<ele>2426.4</ele>
			</trkpt>
			<trkpt lat="46.5140172281" lon="7.8105127574">
				<ele>2426.3</ele>
			</trkpt>
			<trkpt lat="46.5140173219" lon="7.8104758051">
				<ele>2425.8</ele>
			</trkpt>
			<trkpt lat="46.5140239393" lon="7.8104246012">
				<ele>2425.1</ele>
			</trkpt>
			<trkpt lat="46.5140272829" lon="7.8103869411">
				<ele>2424.5</ele>
			</trkpt>
			<trkpt lat="46.5140241335" lon="7.8103514522">
				<ele>2424.1</ele>
			</trkpt>
			<trkpt lat="46.5140274229" lon="7.8103303786">
				<ele>2423.6</ele>
			</trkpt>
			<trkpt lat="46.5140404707" lon="7.8102988691">
				<ele>2422.8</ele>
			</trkpt>
			<trkpt lat="46.5140771716" lon="7.8102525893">
				<ele>2422.2</ele>
			</trkpt>
			<trkpt lat="46.5141195006" lon="7.8101769662">
				<ele>2421.0</ele>
			</trkpt>
			<trkpt lat="46.5141818210" lon="7.8100729557">
				<ele>2419.3</ele>
			</trkpt>
			<trkpt lat="46.5142106944" lon="7.8100077159">
				<ele>2418.3</ele>
			</trkpt>
			<trkpt lat="46.5142507846" lon="7.8099041651">
				<ele>2416.5</ele>
			</trkpt>
			<trkpt lat="46.5142662123" lon="7.8098462866">
				<ele>2415.4</ele>
			</trkpt>
			<trkpt lat="46.5142862873" lon="7.8097839560">
				<ele>2413.9</ele>
			</trkpt>
			<trkpt lat="46.5143008181" lon="7.8097170144">
				<ele>2412.3</ele>
			</trkpt>
			<trkpt lat="46.5143218606" lon="7.8096365923">
				<ele>2409.7</ele>
			</trkpt>
			<trkpt lat="46.5143587450" lon="7.8095201717">
				<ele>2406.2</ele>
			</trkpt>
			<trkpt lat="46.5143876730" lon="7.8094353338">
				<ele>2404.1</ele>
			</trkpt>
			<trkpt lat="46.5144026041" lon="7.8093917847">
				<ele>2403.1</ele>
			</trkpt>
			<trkpt lat="46.5144189531" lon="7.8093354360">
				<ele>2401.7</ele>
			</trkpt>
			<trkpt lat="46.5144464581" lon="7.8092648958">
				<ele>2400.8</ele>
			</trkpt>
			<trkpt lat="46.5144549386" lon="7.8092076852">
				<ele>2399.9</ele>
			</trkpt>
			<trkpt lat="46.5144764092" lon="7.8091393304">
				<ele>2398.0</ele>
			</trkpt>
			<trkpt lat="46.5145002956" lon="7.8090363199">
				<ele>2396.0</ele>
			</trkpt>
			<trkpt lat="46.5145194822" lon="7.8089566274">
				<ele>2394.4</ele>
			</trkpt>
			<trkpt lat="46.5145325575" lon="7.8089138082">
				<ele>2393.6</ele>
			</trkpt>
			<trkpt lat="46.5145368148" lon="7.8088799316">
				<ele>2393.0</ele>
			</trkpt>
			<trkpt lat="46.5145415482" lon="7.8088407695">
				<ele>2392.4</ele>
			</trkpt>
			<trkpt lat="46.5145531964" lon="7.8088107481">
				<ele>2391.8</ele>
			</trkpt>
			<trkpt lat="46.5145653115" lon="7.8087837665">
				<ele>2391.1</ele>
			</trkpt>
			<trkpt lat="46.5145718831" lon="7.8087491517">
				<ele>2391.1</ele>
			</trkpt>
			<trkpt lat="46.5145761339" lon="7.8087145196">
				<ele>2391.0</ele>
			</trkpt>
			<trkpt lat="46.5145804109" lon="7.8086745971">
				<ele>2390.3</ele>
			</trkpt>
			<trkpt lat="46.5145958952" lon="7.8085963647">
				<ele>2389.7</ele>
			</trkpt>
			<trkpt lat="46.5145997321" lon="7.8085451300">
				<ele>2389.4</ele>
			</trkpt>
			<trkpt lat="46.5145993249" lon="7.8085209943">
				<ele>2389.2</ele>
			</trkpt>
			<trkpt lat="46.5145919823" lon="7.8084967603">
				<ele>2388.8</ele>
			</trkpt>
			<trkpt lat="46.5145934199" lon="7.8084779276">
				<ele>2388.5</ele>
			</trkpt>
			<trkpt lat="46.5146031913" lon="7.8084607027">
				<ele>2388.1</ele>
			</trkpt>
			<trkpt lat="46.5146134263" lon="7.8084419833">
				<ele>2387.5</ele>
			</trkpt>
			<trkpt lat="46.5146111758" lon="7.8084147993">
				<ele>2386.5</ele>
			</trkpt>
			<trkpt lat="46.5146052111" lon="7.8083928549">
				<ele>2386.1</ele>
			</trkpt>
			<trkpt lat="46.5146150421" lon="7.8083545212">
				<ele>2384.5</ele>
			</trkpt>
			<trkpt lat="46.5146267850" lon="7.8082898145">
				<ele>2383.5</ele>
			</trkpt>
			<trkpt lat="46.5146246448" lon="7.8082204002">
				<ele>2381.6</ele>
			</trkpt>
			<trkpt lat="46.5146234434" lon="7.8081472258">
				<ele>2379.9</ele>
			</trkpt>
			<trkpt lat="46.5146360825" lon="7.8080945915">
				<ele>2378.6</ele>
			</trkpt>
			<trkpt lat="46.5146561998" lon="7.8080134057">
				<ele>2376.7</ele>
			</trkpt>
			<trkpt lat="46.5146647344" lon="7.8079365850">
				<ele>2375.5</ele>
			</trkpt>
			<trkpt lat="46.5146894793" lon="7.8078569680">
				<ele>2373.9</ele>
			</trkpt>
			<trkpt lat="46.5146998693" lon="7.8077794171">
				<ele>2371.7</ele>
			</trkpt>
			<trkpt lat="46.5147060471" lon="7.8077191546">
				<ele>2370.4</ele>
			</trkpt>
			<trkpt lat="46.5147182182" lon="7.8076665289">
				<ele>2368.9</ele>
			</trkpt>
			<trkpt lat="46.5147374161" lon="7.8075830572">
				<ele>2367.2</ele>
			</trkpt>
			<trkpt lat="46.5147504859" lon="7.8075417485">
				<ele>2366.7</ele>
			</trkpt>
			<trkpt lat="46.5147524164" lon="7.8075123645">
				<ele>2365.7</ele>
			</trkpt>
			<trkpt lat="46.5147530170" lon="7.8074603257">
				<ele>2364.4</ele>
			</trkpt>
			<trkpt lat="46.5147554242" lon="7.8074226450">
				<ele>2363.6</ele>
			</trkpt>
			<trkpt lat="46.5147619554" lon="7.8074031303">
				<ele>2363.0</ele>
			</trkpt>
			<trkpt lat="46.5147796130" lon="7.8073784670">
				<ele>2362.1</ele>
			</trkpt>
			<trkpt lat="46.5147912926" lon="7.8073386471">
				<ele>2361.3</ele>
			</trkpt>
			<trkpt lat="46.5148081336" lon="7.8072717462">
				<ele>2359.4</ele>
			</trkpt>
			<trkpt lat="46.5148268546" lon="7.8071965581">
				<ele>2358.2</ele>
			</trkpt>
			<trkpt lat="46.5148251090" lon="7.8071550571">
				<ele>2357.9</ele>
			</trkpt>
			<trkpt lat="46.5148164214" lon="7.8071127143">
				<ele>2357.3</ele>
			</trkpt>
			<trkpt lat="46.5148018714" lon="7.8070084499">
				<ele>2355.9</ele>
			</trkpt>
			<trkpt lat="46.5148000982" lon="7.8069782469">
				<ele>2355.5</ele>
			</trkpt>
			<trkpt lat="46.5148038847" lon="7.8069451232">
				<ele>2355.1</ele>
			</trkpt>
			<trkpt lat="46.5147957275" lon="7.8068778828">
				<ele>2354.2</ele>
			</trkpt>
			<trkpt lat="46.5147902904" lon="7.8068318091">
				<ele>2353.5</ele>
			</trkpt>
			<trkpt lat="46.5147899178" lon="7.8067940968">
				<ele>2353.3</ele>
			</trkpt>
			<trkpt lat="46.5147928372" lon="7.8067398317">
				<ele>2352.7</ele>
			</trkpt>
			<trkpt lat="46.5147828447" lon="7.8066642790">
				<ele>2352.2</ele>
			</trkpt>
			<trkpt lat="46.5147765208" lon="7.8066031098">
				<ele>2351.3</ele>
			</trkpt>
			<trkpt lat="46.5147754223" lon="7.8064922269">
				<ele>2349.8</ele>
			</trkpt>
			<trkpt lat="46.5147755498" lon="7.8064416959">
				<ele>2349.1</ele>
			</trkpt>
			<trkpt lat="46.5147872567" lon="7.8063905659">
				<ele>2347.9</ele>
			</trkpt>
			<trkpt lat="46.5147993476" lon="7.8063680921">
				<ele>2347.2</ele>
			</trkpt>
			<trkpt lat="46.5148137642" lon="7.8063441484">
				<ele>2346.6</ele>
			</trkpt>
			<trkpt lat="46.5148221329" lon="7.8063321912">
				<ele>2346.4</ele>
			</trkpt>
			<trkpt lat="46.5148355900" lon="7.8063210503">
				<ele>2346.0</ele>
			</trkpt>
			<trkpt lat="46.5148449309" lon="7.8062979199">
				<ele>2345.2</ele>
			</trkpt>
			<trkpt lat="46.5148587631" lon="7.8062794455">
				<ele>2344.7</ele>
			</trkpt>
			<trkpt lat="46.5148734953" lon="7.8062497053">
				<ele>2344.0</ele>
			</trkpt>
			<trkpt lat="46.5148840158" lon="7.8061954272">
				<ele>2343.0</ele>
			</trkpt>
			<trkpt lat="46.5148924035" lon="7.8061358434">
				<ele>2341.9</ele>
			</trkpt>
			<trkpt lat="46.5148987424" lon="7.8060477488">
				<ele>2340.5</ele>
			</trkpt>
			<trkpt lat="46.5148907525" lon="7.8059953772">
				<ele>2339.9</ele>
			</trkpt>
			<trkpt lat="46.5148856709" lon="7.8059728130">
				<ele>2339.9</ele>
			</trkpt>
			<trkpt lat="46.5148874943" lon="7.8059430114">
				<ele>2339.7</ele>
			</trkpt>
			<trkpt lat="46.5148881260" lon="7.8058866986">
				<ele>2339.0</ele>
			</trkpt>
			<trkpt lat="46.5148960048" lon="7.8058509573">
				<ele>2338.5</ele>
			</trkpt>
			<trkpt lat="46.5148995057" lon="7.8058337545">
				<ele>2338.2</ele>
			</trkpt>
			<trkpt lat="46.5148969908" lon="7.8058158468">
				<ele>2338.0</ele>
			</trkpt>
			<trkpt lat="46.5148721226" lon="7.8057892261">
				<ele>2337.6</ele>
			</trkpt>
			<trkpt lat="46.5148279115" lon="7.8057605076">
				<ele>2336.5</ele>
			</trkpt>
			<trkpt lat="46.5147995147" lon="7.8057596892">
				<ele>2335.8</ele>
			</trkpt>
			<trkpt lat="46.5147853822" lon="7.8057430581">
				<ele>2335.6</ele>
			</trkpt>
			<trkpt lat="46.5147635644" lon="7.8057078322">
				<ele>2335.0</ele>
			</trkpt>
			<trkpt lat="46.5147641250" lon="7.8056707259">
				<ele>2334.7</ele>
			</trkpt>
			<trkpt lat="46.5147690073" lon="7.8056296738">
				<ele>2334.0</ele>
			</trkpt>
			<trkpt lat="46.5147799118" lon="7.8055873336">
				<ele>2333.1</ele>
			</trkpt>
			<trkpt lat="46.5147998030" lon="7.8055589452">
				<ele>2332.2</ele>
			</trkpt>
			<trkpt lat="46.5148244108" lon="7.8055352270">
				<ele>2331.0</ele>
			</trkpt>
			<trkpt lat="46.5148468751" lon="7.8055095004">
				<ele>2330.5</ele>
			</trkpt>
			<trkpt lat="46.5148547711" lon="7.8054795967">
				<ele>2329.9</ele>
			</trkpt>
			<trkpt lat="46.5148384013" lon="7.8054564878">
				<ele>2329.3</ele>
			</trkpt>
			<trkpt lat="46.5147707044" lon="7.8054382685">
				<ele>2327.9</ele>
			</trkpt>
			<trkpt lat="46.5147172777" lon="7.8054219186">
				<ele>2326.2</ele>
			</trkpt>
			<trkpt lat="46.5146649716" lon="7.8054429998">
				<ele>2324.9</ele>
			</trkpt>
			<trkpt lat="46.5145971545" lon="7.8054871433">
				<ele>2324.2</ele>
			</trkpt>
			<trkpt lat="46.5145590439" lon="7.8055332470">
				<ele>2323.1</ele>
			</trkpt>
			<trkpt lat="46.5145351624" lon="7.8055883474">
				<ele>2322.4</ele>
			</trkpt>
			<trkpt lat="46.5145209217" lon="7.8055829216">
				<ele>2321.9</ele>
			</trkpt>
			<trkpt lat="46.5145127952" lon="7.8054920056">
				<ele>2320.4</ele>
			</trkpt>
			<trkpt lat="46.5145081435" lon="7.8054420812">
				<ele>2319.1</ele>
			</trkpt>
			<trkpt lat="46.5145332791" lon="7.8053495532">
				<ele>2317.0</ele>
			</trkpt>
			<trkpt lat="46.5145334815" lon="7.8052533253">
				<ele>2315.1</ele>
			</trkpt>
			<trkpt lat="46.5145194119" lon="7.8051641546">
				<ele>2313.4</ele>
			</trkpt>
			<trkpt lat="46.5145338071" lon="7.8050965202">
				<ele>2312.4</ele>
			</trkpt>
			<trkpt lat="46.5145719563" lon="7.8050272482">
				<ele>2310.2</ele>
			</trkpt>
			<trkpt lat="46.5145995230" lon="7.8049115817">
				<ele>2307.5</ele>
			</trkpt>
			<trkpt lat="46.5146162847" lon="7.8048493052">
				<ele>2306.0</ele>
			</trkpt>
			<trkpt lat="46.5146415511" lon="7.8046908702">
				<ele>2301.7</ele>
			</trkpt>
			<trkpt lat="46.5146644827" lon="7.8045199360">
				<ele>2298.1</ele>
			</trkpt>
			<trkpt lat="46.5146847957" lon="7.8044665972">
				<ele>2297.4</ele>
			</trkpt>
			<trkpt lat="46.5146849458" lon="7.8043864085">
				<ele>2295.6</ele>
			</trkpt>
			<trkpt lat="46.5147052415" lon="7.8043384243">
				<ele>2294.4</ele>
			</trkpt>
			<trkpt lat="46.5147302508" lon="7.8043100565">
				<ele>2293.6</ele>
			</trkpt>
			<trkpt lat="46.5147160937" lon="7.8042618533">
				<ele>2292.2</ele>
			</trkpt>
			<trkpt lat="46.5147470237" lon="7.8042442104">
				<ele>2290.9</ele>
			</trkpt>
			<trkpt lat="46.5148148428" lon="7.8041964943">
				<ele>2288.3</ele>
			</trkpt>
			<trkpt lat="46.5148873412" lon="7.8041790929">
				<ele>2286.6</ele>
			</trkpt>
			<trkpt lat="46.5148506362" lon="7.8041183059">
				<ele>2285.2</ele>
			</trkpt>
			<trkpt lat="46.5148164068" lon="7.8040094009">
				<ele>2282.8</ele>
			</trkpt>
			<trkpt lat="46.5147714038" lon="7.8039414178">
				<ele>2280.8</ele>
			</trkpt>
			<trkpt lat="46.5147608758" lon="7.8038611832">
				<ele>2278.3</ele>
			</trkpt>
			<trkpt lat="46.5147383395" lon="7.8038450042">
				<ele>2277.1</ele>
			</trkpt>
			<trkpt lat="46.5147658037" lon="7.8037721016">
				<ele>2275.7</ele>
			</trkpt>
			<trkpt lat="46.5148074015" lon="7.8037687855">
				<ele>2275.0</ele>
			</trkpt>
			<trkpt lat="46.5148501572" lon="7.8037690347">
				<ele>2273.4</ele>
			</trkpt>
			<trkpt lat="46.5148774857" lon="7.8037691926">
				<ele>2272.7</ele>
			</trkpt>
			<trkpt lat="46.5149001454" lon="7.8037301236">
				<ele>2271.5</ele>
			</trkpt>
			<trkpt lat="46.5148847834" lon="7.8036872671">
				<ele>2270.5</ele>
			</trkpt>
			<trkpt lat="46.5148492240" lon="7.8036478455">
				<ele>2269.3</ele>
			</trkpt>
			<trkpt lat="46.5148290846" lon="7.8036192249">
				<ele>2268.0</ele>
			</trkpt>
			<trkpt lat="46.5148019015" lon="7.8035513486">
				<ele>2266.1</ele>
			</trkpt>
			<trkpt lat="46.5147960477" lon="7.8035085563">
				<ele>2265.1</ele>
			</trkpt>
			<trkpt lat="46.5148056417" lon="7.8034622852">
				<ele>2263.6</ele>
			</trkpt>
			<trkpt lat="46.5148401983" lon="7.8034161423">
				<ele>2262.3</ele>
			</trkpt>
			<trkpt lat="46.5148687770" lon="7.8033771129">
				<ele>2261.2</ele>
			</trkpt>
			<trkpt lat="46.5148772260" lon="7.8033147805">
				<ele>2260.0</ele>
			</trkpt>
			<trkpt lat="46.5149058226" lon="7.8032757512">
				<ele>2258.8</ele>
			</trkpt>
			<trkpt lat="46.5149248823" lon="7.8032455708">
				<ele>2257.6</ele>
			</trkpt>
			<trkpt lat="46.5149535539" lon="7.8031691184">
				<ele>2255.9</ele>
			</trkpt>
			<trkpt lat="46.5149941715" lon="7.8031320070">
				<ele>2255.0</ele>
			</trkpt>
			<trkpt lat="46.5150234561" lon="7.8030270743">
				<ele>2253.0</ele>
			</trkpt>
			<trkpt lat="46.5150765698" lon="7.8030008368">
				<ele>2251.7</ele>
			</trkpt>
			<trkpt lat="46.5151212553" lon="7.8029745284">
				<ele>2250.6</ele>
			</trkpt>
			<trkpt lat="46.5151468542" lon="7.8028909534">
				<ele>2249.4</ele>
			</trkpt>
			<trkpt lat="46.5152063017" lon="7.8027774013">
				<ele>2246.5</ele>
			</trkpt>
			<trkpt lat="46.5151773527" lon="7.8027806990">
				<ele>2245.6</ele>
			</trkpt>
			<trkpt lat="46.5151158499" lon="7.8027943715">
				<ele>2244.6</ele>
			</trkpt>
			<trkpt lat="46.5151014832" lon="7.8027692701">
				<ele>2243.8</ele>
			</trkpt>
			<trkpt lat="46.5151366110" lon="7.8027161197">
				<ele>2242.8</ele>
			</trkpt>
			<trkpt lat="46.5151935982" lon="7.8026150214">
				<ele>2240.1</ele>
			</trkpt>
			<trkpt lat="46.5152301029" lon="7.8025137457">
				<ele>2238.4</ele>
			</trkpt>
			<trkpt lat="46.5152809781" lon="7.8024393439">
				<ele>2236.4</ele>
			</trkpt>
			<trkpt lat="46.5153430076" lon="7.8022723181">
				<ele>2232.9</ele>
			</trkpt>
			<trkpt lat="46.5153855009" lon="7.8021800079">
				<ele>2230.4</ele>
			</trkpt>
			<trkpt lat="46.5154025544" lon="7.8021302413">
				<ele>2229.3</ele>
			</trkpt>
			<trkpt lat="46.5154098490" lon="7.8021106927">
				<ele>2228.8</ele>
			</trkpt>
			<trkpt lat="46.5153966214" lon="7.8021034373">
				<ele>2228.3</ele>
			</trkpt>
			<trkpt lat="46.5153073184" lon="7.8021382547">
				<ele>2226.4</ele>
			</trkpt>
			<trkpt lat="46.5152578522" lon="7.8021574034">
				<ele>2224.5</ele>
			</trkpt>
			<trkpt lat="46.5151770439" lon="7.8021744529">
				<ele>2222.8</ele>
			</trkpt>
			<trkpt lat="46.5151491657" lon="7.8022223349">
				<ele>2221.7</ele>
			</trkpt>
			<trkpt lat="46.5150996364" lon="7.8022557518">
				<ele>2220.6</ele>
			</trkpt>
			<trkpt lat="46.5150682622" lon="7.8022661349">
				<ele>2219.4</ele>
			</trkpt>
			<trkpt lat="46.5150647861" lon="7.8022251050">
				<ele>2218.2</ele>
			</trkpt>
			<trkpt lat="46.5150879948" lon="7.8021379563">
				<ele>2215.4</ele>
			</trkpt>
			<trkpt lat="46.5150992180" lon="7.8020292917">
				<ele>2212.1</ele>
			</trkpt>
			<trkpt lat="46.5151187924" lon="7.8019421185">
				<ele>2208.8</ele>
			</trkpt>
			<trkpt lat="46.5151673562" lon="7.8018391648">
				<ele>2206.2</ele>
			</trkpt>
			<trkpt lat="46.5151903613" lon="7.8018072768">
				<ele>2205.5</ele>
			</trkpt>
			<trkpt lat="46.5152147719" lon="7.8017183638">
				<ele>2203.8</ele>
			</trkpt>
			<trkpt lat="46.5152356435" lon="7.8016080051">
				<ele>2201.3</ele>
			</trkpt>
			<trkpt lat="46.5152866262" lon="7.8014997110">
				<ele>2197.1</ele>
			</trkpt>
			<trkpt lat="46.5153423326" lon="7.8014217966">
				<ele>2194.2</ele>
			</trkpt>
			<trkpt lat="46.5153961354" lon="7.8013316595">
				<ele>2190.7</ele>
			</trkpt>
			<trkpt lat="46.5154174704" lon="7.8012959162">
				<ele>2189.3</ele>
			</trkpt>
			<trkpt lat="46.5154672942" lon="7.8011787009">
				<ele>2186.5</ele>
			</trkpt>
			<trkpt lat="46.5155124145" lon="7.8010240037">
				<ele>2182.1</ele>
			</trkpt>
			<trkpt lat="46.5155526687" lon="7.8008835163">
				<ele>2179.5</ele>
			</trkpt>
			<trkpt lat="46.5155628946" lon="7.8008447928">
				<ele>2178.5</ele>
			</trkpt>
			<trkpt lat="46.5155885576" lon="7.8007916692">
				<ele>2177.1</ele>
			</trkpt>
			<trkpt lat="46.5155946792" lon="7.8007704049">
				<ele>2176.5</ele>
			</trkpt>
			<trkpt lat="46.5155947237" lon="7.8007564234">
				<ele>2176.2</ele>
			</trkpt>
			<trkpt lat="46.5156012811" lon="7.8007338199">
				<ele>2175.5</ele>
			</trkpt>
			<trkpt lat="46.5155952831" lon="7.8007218050">
				<ele>2175.4</ele>
			</trkpt>
			<trkpt lat="46.5155667216" lon="7.8007389578">
				<ele>2174.6</ele>
			</trkpt>
			<trkpt lat="46.5155473039" lon="7.8007375249">
				<ele>2173.7</ele>
			</trkpt>
			<trkpt lat="46.5155040835" lon="7.8007506054">
				<ele>2172.4</ele>
			</trkpt>
			<trkpt lat="46.5154435510" lon="7.8007762358">
				<ele>2170.6</ele>
			</trkpt>
			<trkpt lat="46.5154124347" lon="7.8007873774">
				<ele>2169.7</ele>
			</trkpt>
			<trkpt lat="46.5153968816" lon="7.8007899581">
				<ele>2169.4</ele>
			</trkpt>
			<trkpt lat="46.5153908727" lon="7.8007786072">
				<ele>2168.7</ele>
			</trkpt>
			<trkpt lat="46.5154043732" lon="7.8007453914">
				<ele>2168.2</ele>
			</trkpt>
			<trkpt lat="46.5154105192" lon="7.8007168044">
				<ele>2167.6</ele>
			</trkpt>
			<trkpt lat="46.5154162902" lon="7.8006728906">
				<ele>2166.6</ele>
			</trkpt>
			<trkpt lat="46.5154380347" lon="7.8006270770">
				<ele>2165.4</ele>
			</trkpt>
			<trkpt lat="46.5154598389" lon="7.8005652885">
				<ele>2163.7</ele>
			</trkpt>
			<trkpt lat="46.5154651931" lon="7.8005167204">
				<ele>2162.9</ele>
			</trkpt>
			<trkpt lat="46.5154721852" lon="7.8004934554">
				<ele>2162.2</ele>
			</trkpt>
			<trkpt lat="46.5154840688" lon="7.8004282773">
				<ele>2160.5</ele>
			</trkpt>
			<trkpt lat="46.5154933835" lon="7.8003590950">
				<ele>2158.8</ele>
			</trkpt>
			<trkpt lat="46.5155157168" lon="7.8002693462">
				<ele>2157.0</ele>
			</trkpt>
			<trkpt lat="46.5155256987" lon="7.8002534245">
				<ele>2156.8</ele>
			</trkpt>
			<trkpt lat="46.5155551223" lon="7.8002369413">
				<ele>2155.8</ele>
			</trkpt>
			<trkpt lat="46.5155871464" lon="7.8002144819">
				<ele>2154.6</ele>
			</trkpt>
			<trkpt lat="46.5156213838" lon="7.8001780554">
				<ele>2152.7</ele>
			</trkpt>
			<trkpt lat="46.5156409065" lon="7.8001488668">
				<ele>2151.8</ele>
			</trkpt>
			<trkpt lat="46.5156573685" lon="7.8001349817">
				<ele>2151.3</ele>
			</trkpt>
			<trkpt lat="46.5156768468" lon="7.8001197746">
				<ele>2150.6</ele>
			</trkpt>
			<trkpt lat="46.5157002676" lon="7.8000899474">
				<ele>2149.8</ele>
			</trkpt>
			<trkpt lat="46.5157237350" lon="7.8000454738">
				<ele>2148.2</ele>
			</trkpt>
			<trkpt lat="46.5157398864" lon="7.7999962999">
				<ele>2147.1</ele>
			</trkpt>
			<trkpt lat="46.5157638512" lon="7.7999338475">
				<ele>2145.9</ele>
			</trkpt>
			<trkpt lat="46.5157778232" lon="7.7998879946">
				<ele>2145.2</ele>
			</trkpt>
			<trkpt lat="46.5158147294" lon="7.7998296154">
				<ele>2143.9</ele>
			</trkpt>
			<trkpt lat="46.5158424707" lon="7.7997958036">
				<ele>2143.1</ele>
			</trkpt>
			<trkpt lat="46.5158645883" lon="7.7997686387">
				<ele>2142.1</ele>
			</trkpt>
			<trkpt lat="46.5158897310" lon="7.7997401517">
				<ele>2140.7</ele>
			</trkpt>
			<trkpt lat="46.5159035589" lon="7.7997368952">
				<ele>2140.2</ele>
			</trkpt>
			<trkpt lat="46.5159174163" lon="7.7997243215">
				<ele>2139.4</ele>
			</trkpt>
			<trkpt lat="46.5159351366" lon="7.7997190970">
				<ele>2139.1</ele>
			</trkpt>
			<trkpt lat="46.5159524613" lon="7.7997025463">
				<ele>2138.1</ele>
			</trkpt>
			<trkpt lat="46.5159619978" lon="7.7996906087">
				<ele>2137.5</ele>
			</trkpt>
			<trkpt lat="46.5159685265" lon="7.7996773348">
				<ele>2136.8</ele>
			</trkpt>
			<trkpt lat="46.5159711634" lon="7.7996627059">
				<ele>2136.5</ele>
			</trkpt>
			<trkpt lat="46.5159785785" lon="7.7996421014">
				<ele>2136.2</ele>
			</trkpt>
			<trkpt lat="46.5159876782" lon="7.7996321675">
				<ele>2135.8</ele>
			</trkpt>
			<trkpt lat="46.5160115030" lon="7.7996109951">
				<ele>2135.5</ele>
			</trkpt>
			<trkpt lat="46.5160189060" lon="7.7995910684">
				<ele>2134.9</ele>
			</trkpt>
			<trkpt lat="46.5160242002" lon="7.7995584748">
				<ele>2133.6</ele>
			</trkpt>
			<trkpt lat="46.5160229947" lon="7.7995331741">
				<ele>2133.1</ele>
			</trkpt>
			<trkpt lat="46.5159772956" lon="7.7995162814">
				<ele>2131.4</ele>
			</trkpt>
			<trkpt lat="46.5159682562" lon="7.7995075688">
				<ele>2130.9</ele>
			</trkpt>
			<trkpt lat="46.5159644996" lon="7.7994722697">
				<ele>2129.6</ele>
			</trkpt>
			<trkpt lat="46.5159508066" lon="7.7994389114">
				<ele>2127.8</ele>
			</trkpt>
			<trkpt lat="46.5159275599" lon="7.7994194710">
				<ele>2126.6</ele>
			</trkpt>
			<trkpt lat="46.5159012275" lon="7.7994173280">
				<ele>2126.0</ele>
			</trkpt>
			<trkpt lat="46.5158908373" lon="7.7994259244">
				<ele>2125.5</ele>
			</trkpt>
			<trkpt lat="46.5158783500" lon="7.7994178664">
				<ele>2124.8</ele>
			</trkpt>
			<trkpt lat="46.5158679672" lon="7.7994238044">
				<ele>2124.7</ele>
			</trkpt>
			<trkpt lat="46.5158553925" lon="7.7994377157">
				<ele>2124.4</ele>
			</trkpt>
			<trkpt lat="46.5158411419" lon="7.7994409695">
				<ele>2123.6</ele>
			</trkpt>
			<trkpt lat="46.5158312383" lon="7.7994322643">
				<ele>2122.9</ele>
			</trkpt>
			<trkpt lat="46.5158205630" lon="7.7994002421">
				<ele>2121.9</ele>
			</trkpt>
			<trkpt lat="46.5158228299" lon="7.7993689706">
				<ele>2121.5</ele>
			</trkpt>
			<trkpt lat="46.5158294389" lon="7.7993303914">
				<ele>2120.9</ele>
			</trkpt>
			<trkpt lat="46.5158390148" lon="7.7993091503">
				<ele>2120.4</ele>
			</trkpt>
			<trkpt lat="46.5158356260" lon="7.7992911453">
				<ele>2120.2</ele>
			</trkpt>
			<trkpt lat="46.5158291832" lon="7.7992804693">
				<ele>2120.0</ele>
			</trkpt>
			<trkpt lat="46.5158115034" lon="7.7992757129">
				<ele>2119.5</ele>
			</trkpt>
			<trkpt lat="46.5157955252" lon="7.7992762841">
				<ele>2119.1</ele>
			</trkpt>
			<trkpt lat="46.5157704780" lon="7.7992774854">
				<ele>2118.5</ele>
			</trkpt>
			<trkpt lat="46.5157519118" lon="7.7992800464">
				<ele>2118.3</ele>
			</trkpt>
			<trkpt lat="46.5157389577" lon="7.7992799729">
				<ele>2118.2</ele>
			</trkpt>
			<trkpt lat="46.5157307834" lon="7.7992706016">
				<ele>2118.0</ele>
			</trkpt>
			<trkpt lat="46.5157273915" lon="7.7992539392">
				<ele>2118.0</ele>
			</trkpt>
			<trkpt lat="46.5157326486" lon="7.7992326690">
				<ele>2118.0</ele>
			</trkpt>
			<trkpt lat="46.5157478507" lon="7.7992074517">
				<ele>2117.6</ele>
			</trkpt>
			<trkpt lat="46.5157639133" lon="7.7991802463">
				<ele>2117.3</ele>
			</trkpt>
			<trkpt lat="46.5157765386" lon="7.7991503595">
				<ele>2117.1</ele>
			</trkpt>
			<trkpt lat="46.5157830989" lon="7.7991270917">
				<ele>2117.0</ele>
			</trkpt>
			<trkpt lat="46.5157833124" lon="7.7990964710">
				<ele>2116.7</ele>
			</trkpt>
			<trkpt lat="46.5158168999" lon="7.7990660982">
				<ele>2115.5</ele>
			</trkpt>
			<trkpt lat="46.5158496154" lon="7.7990270676">
				<ele>2114.2</ele>
			</trkpt>
			<trkpt lat="46.5158705112" lon="7.7990045854">
				<ele>2113.7</ele>
			</trkpt>
			<trkpt lat="46.5158950539" lon="7.7989754817">
				<ele>2112.6</ele>
			</trkpt>
			<trkpt lat="46.5159241078" lon="7.7989477370">
				<ele>2111.5</ele>
			</trkpt>
			<trkpt lat="46.5159573730" lon="7.7988800815">
				<ele>2109.7</ele>
			</trkpt>
			<trkpt lat="46.5160033144" lon="7.7988118585">
				<ele>2108.2</ele>
			</trkpt>
			<trkpt lat="46.5160415063" lon="7.7987588951">
				<ele>2107.1</ele>
			</trkpt>
			<trkpt lat="46.5160751363" lon="7.7987178632">
				<ele>2105.9</ele>
			</trkpt>
			<trkpt lat="46.5160593291" lon="7.7987070991">
				<ele>2105.8</ele>
			</trkpt>
			<trkpt lat="46.5160439619" lon="7.7987023188">
				<ele>2105.3</ele>
			</trkpt>
			<trkpt lat="46.5160077485" lon="7.7987040458">
				<ele>2104.1</ele>
			</trkpt>
			<trkpt lat="46.5159738132" lon="7.7987024519">
				<ele>2103.2</ele>
			</trkpt>
			<trkpt lat="46.5159358307" lon="7.7986948502">
				<ele>2101.5</ele>
			</trkpt>
			<trkpt lat="46.5159068602" lon="7.7986959608">
				<ele>2100.6</ele>
			</trkpt>
			<trkpt lat="46.5158778954" lon="7.7986984005">
				<ele>2099.8</ele>
			</trkpt>
			<trkpt lat="46.5158393607" lon="7.7987174168">
				<ele>2099.6</ele>
			</trkpt>
			<trkpt lat="46.5158207820" lon="7.7987239391">
				<ele>2099.6</ele>
			</trkpt>
			<trkpt lat="46.5158090161" lon="7.7987238478">
				<ele>2099.5</ele>
			</trkpt>
			<trkpt lat="46.5157941002" lon="7.7987184060">
				<ele>2099.3</ele>
			</trkpt>
			<trkpt lat="46.5157851250" lon="7.7986977060">
				<ele>2098.9</ele>
			</trkpt>
			<trkpt lat="46.5157761263" lon="7.7986816573">
				<ele>2098.6</ele>
			</trkpt>
			<trkpt lat="46.5157467682" lon="7.7986661251">
				<ele>2098.3</ele>
			</trkpt>
			<trkpt lat="46.5157359431" lon="7.7986560587">
				<ele>2098.1</ele>
			</trkpt>
			<trkpt lat="46.5157314790" lon="7.7986367177">
				<ele>2097.5</ele>
			</trkpt>
			<trkpt lat="46.5157257445" lon="7.7985927402">
				<ele>2096.9</ele>
			</trkpt>
			<trkpt lat="46.5157190016" lon="7.7985800429">
				<ele>2096.7</ele>
			</trkpt>
			<trkpt lat="46.5156987033" lon="7.7985612481">
				<ele>2096.5</ele>
			</trkpt>
			<trkpt lat="46.5156946768" lon="7.7985458974">
				<ele>2096.3</ele>
			</trkpt>
			<trkpt lat="46.5156902226" lon="7.7985265565">
				<ele>2095.8</ele>
			</trkpt>
			<trkpt lat="46.5156735330" lon="7.7985104568">
				<ele>2095.6</ele>
			</trkpt>
			<trkpt lat="46.5156613695" lon="7.7984937231">
				<ele>2095.3</ele>
			</trkpt>
			<trkpt lat="46.5156496924" lon="7.7984683400">
				<ele>2095.1</ele>
			</trkpt>
			<trkpt lat="46.5156475274" lon="7.7984390328">
				<ele>2094.6</ele>
			</trkpt>
			<trkpt lat="46.5156380827" lon="7.7984216522">
				<ele>2094.3</ele>
			</trkpt>
			<trkpt lat="46.5156250198" lon="7.7984049124">
				<ele>2094.0</ele>
			</trkpt>
			<trkpt lat="46.5156046959" lon="7.7983914340">
				<ele>2093.7</ele>
			</trkpt>
			<trkpt lat="46.5155635377" lon="7.7983838115">
				<ele>2093.5</ele>
			</trkpt>
			<trkpt lat="46.5155309438" lon="7.7983875564">
				<ele>2093.1</ele>
			</trkpt>
			<trkpt lat="46.5154706957" lon="7.7984057379">
				<ele>2092.6</ele>
			</trkpt>
			<trkpt lat="46.5154222357" lon="7.7984173653">
				<ele>2091.5</ele>
			</trkpt>
			<trkpt lat="46.5153923107" lon="7.7984331159">
				<ele>2090.9</ele>
			</trkpt>
			<trkpt lat="46.5153514595" lon="7.7984707505">
				<ele>2090.2</ele>
			</trkpt>
			<trkpt lat="46.5153074220" lon="7.7985116998">
				<ele>2089.9</ele>
			</trkpt>
			<trkpt lat="46.5152752183" lon="7.7985340936">
				<ele>2089.4</ele>
			</trkpt>
			<trkpt lat="46.5152579365" lon="7.7985572646">
				<ele>2089.6</ele>
			</trkpt>
			<trkpt lat="46.5152415590" lon="7.7985844286">
				<ele>2089.9</ele>
			</trkpt>
			<trkpt lat="46.5152315625" lon="7.7985963373">
				<ele>2090.0</ele>
			</trkpt>
			<trkpt lat="46.5152148177" lon="7.7985948839">
				<ele>2090.4</ele>
			</trkpt>
			<trkpt lat="46.5152030538" lon="7.7985941282">
				<ele>2090.6</ele>
			</trkpt>
			<trkpt lat="46.5151908145" lon="7.7986013570">
				<ele>2090.9</ele>
			</trkpt>
			<trkpt lat="46.5151604235" lon="7.7986224339">
				<ele>2090.5</ele>
			</trkpt>
			<trkpt lat="46.5151263962" lon="7.7986468094">
				<ele>2089.7</ele>
			</trkpt>
			<trkpt lat="46.5150851174" lon="7.7986744595">
				<ele>2088.1</ele>
			</trkpt>
			<trkpt lat="46.5150443225" lon="7.7986941250">
				<ele>2087.2</ele>
			</trkpt>
			<trkpt lat="46.5149975835" lon="7.7987330489">
				<ele>2085.6</ele>
			</trkpt>
			<trkpt lat="46.5149685401" lon="7.7987574574">
				<ele>2084.5</ele>
			</trkpt>
			<trkpt lat="46.5149590107" lon="7.7987640529">
				<ele>2084.2</ele>
			</trkpt>
			<trkpt lat="46.5149454492" lon="7.7987599492">
				<ele>2083.5</ele>
			</trkpt>
			<trkpt lat="46.5149219486" lon="7.7987497855">
				<ele>2082.5</ele>
			</trkpt>
			<trkpt lat="46.5148912600" lon="7.7987255924">
				<ele>2081.1</ele>
			</trkpt>
			<trkpt lat="46.5148759136" lon="7.7987141540">
				<ele>2080.6</ele>
			</trkpt>
			<trkpt lat="46.5148474490" lon="7.7987006350">
				<ele>2079.5</ele>
			</trkpt>
			<trkpt lat="46.5148262259" lon="7.7986871506">
				<ele>2078.8</ele>
			</trkpt>
			<trkpt lat="46.5148000303" lon="7.7986729818">
				<ele>2078.1</ele>
			</trkpt>
			<trkpt lat="46.5147670769" lon="7.7986480961">
				<ele>2077.4</ele>
			</trkpt>
			<trkpt lat="46.5147517178" lon="7.7986406581">
				<ele>2076.9</ele>
			</trkpt>
			<trkpt lat="46.5147308827" lon="7.7986438294">
				<ele>2076.4</ele>
			</trkpt>
			<trkpt lat="46.5146978470" lon="7.7986449130">
				<ele>2075.7</ele>
			</trkpt>
			<trkpt lat="46.5146684445" lon="7.7986406913">
				<ele>2074.7</ele>
			</trkpt>
			<trkpt lat="46.5146376946" lon="7.7986358090">
				<ele>2073.8</ele>
			</trkpt>
			<trkpt lat="46.5146023642" lon="7.7986428581">
				<ele>2073.4</ele>
			</trkpt>
			<trkpt lat="46.5145724507" lon="7.7986579440">
				<ele>2072.7</ele>
			</trkpt>
			<trkpt lat="46.5145520554" lon="7.7986671120">
				<ele>2072.5</ele>
			</trkpt>
			<trkpt lat="46.5145153903" lon="7.7986695009">
				<ele>2072.3</ele>
			</trkpt>
			<trkpt lat="46.5144963597" lon="7.7986766841">
				<ele>2072.2</ele>
			</trkpt>
			<trkpt lat="46.5144782012" lon="7.7986925257">
				<ele>2072.1</ele>
			</trkpt>
			<trkpt lat="46.5144628063" lon="7.7986963975">
				<ele>2071.6</ele>
			</trkpt>
			<trkpt lat="46.5144352160" lon="7.7986908721">
				<ele>2071.3</ele>
			</trkpt>
			<trkpt lat="46.5144139864" lon="7.7986793943">
				<ele>2070.7</ele>
			</trkpt>
			<trkpt lat="46.5143913797" lon="7.7986738888">
				<ele>2070.4</ele>
			</trkpt>
			<trkpt lat="46.5143691995" lon="7.7986757222">
				<ele>2070.2</ele>
			</trkpt>
			<trkpt lat="46.5143451706" lon="7.7986875243">
				<ele>2069.9</ele>
			</trkpt>
			<trkpt lat="46.5143198134" lon="7.7986926589">
				<ele>2069.5</ele>
			</trkpt>
			<trkpt lat="46.5143021685" lon="7.7986911996">
				<ele>2069.3</ele>
			</trkpt>
			<trkpt lat="46.5142841012" lon="7.7986810722">
				<ele>2068.9</ele>
			</trkpt>
			<trkpt lat="46.5142696675" lon="7.7986683110">
				<ele>2068.5</ele>
			</trkpt>
			<trkpt lat="46.5142534041" lon="7.7986595377">
				<ele>2068.3</ele>
			</trkpt>
			<trkpt lat="46.5142416401" lon="7.7986587819">
				<ele>2068.1</ele>
			</trkpt>
			<trkpt lat="46.5142244091" lon="7.7986686485">
				<ele>2067.7</ele>
			</trkpt>
			<trkpt lat="46.5142135341" lon="7.7986712214">
				<ele>2067.5</ele>
			</trkpt>
			<trkpt lat="46.5142009043" lon="7.7986598143">
				<ele>2067.1</ele>
			</trkpt>
			<trkpt lat="46.5142037101" lon="7.7986345280">
				<ele>2066.5</ele>
			</trkpt>
			<trkpt lat="46.5142038160" lon="7.7986039079">
				<ele>2065.8</ele>
			</trkpt>
			<trkpt lat="46.5141993461" lon="7.7985865739">
				<ele>2065.3</ele>
			</trkpt>
			<trkpt lat="46.5141892931" lon="7.7985653457">
				<ele>2065.1</ele>
			</trkpt>
			<trkpt lat="46.5142046018" lon="7.7985574470">
				<ele>2064.5</ele>
			</trkpt>
			<trkpt lat="46.5142261566" lon="7.7985485730">
				<ele>2063.9</ele>
			</trkpt>
			<trkpt lat="46.5143131624" lon="7.7984891073">
				<ele>2062.0</ele>
			</trkpt>
			<trkpt lat="46.5143479827" lon="7.7984613237">
				<ele>2061.3</ele>
			</trkpt>
			<trkpt lat="46.5144085418" lon="7.7984186866">
				<ele>2060.5</ele>
			</trkpt>
			<trkpt lat="46.5144440864" lon="7.7983809133">
				<ele>2059.9</ele>
			</trkpt>
			<trkpt lat="46.5144893620" lon="7.7983381877">
				<ele>2059.2</ele>
			</trkpt>
			<trkpt lat="46.5145304342" lon="7.7983104321">
				<ele>2058.6</ele>
			</trkpt>
			<trkpt lat="46.5145763803" lon="7.7982747081">
				<ele>2058.1</ele>
			</trkpt>
			<trkpt lat="46.5146195146" lon="7.7982519827">
				<ele>2057.1</ele>
			</trkpt>
			<trkpt lat="46.5146682050" lon="7.7982302716">
				<ele>2055.2</ele>
			</trkpt>
			<trkpt lat="46.5147030131" lon="7.7982034906">
				<ele>2053.7</ele>
			</trkpt>
			<trkpt lat="46.5147156308" lon="7.7981675582">
				<ele>2052.7</ele>
			</trkpt>
			<trkpt lat="46.5147380448" lon="7.7981117023">
				<ele>2051.9</ele>
			</trkpt>
			<trkpt lat="46.5147520446" lon="7.7980767825">
				<ele>2051.1</ele>
			</trkpt>
			<trkpt lat="46.5147785255" lon="7.7980519398">
				<ele>2050.1</ele>
			</trkpt>
			<trkpt lat="46.5147737311" lon="7.7980319194">
				<ele>2049.2</ele>
			</trkpt>
			<trkpt lat="46.5147842301" lon="7.7980059803">
				<ele>2048.2</ele>
			</trkpt>
			<trkpt lat="46.5148009399" lon="7.7979930738">
				<ele>2047.1</ele>
			</trkpt>
			<trkpt lat="46.5148323732" lon="7.7979382679">
				<ele>2044.8</ele>
			</trkpt>
			<trkpt lat="46.5148588925" lon="7.7978984273">
				<ele>2043.6</ele>
			</trkpt>
			<trkpt lat="46.5148833275" lon="7.7978605794">
				<ele>2042.5</ele>
			</trkpt>
			<trkpt lat="46.5148958692" lon="7.7978486486">
				<ele>2042.2</ele>
			</trkpt>
			<trkpt lat="46.5149264365" lon="7.7978458411">
				<ele>2042.1</ele>
			</trkpt>
			<trkpt lat="46.5149781951" lon="7.7978295966">
				<ele>2041.1</ele>
			</trkpt>
			<trkpt lat="46.5149947414" lon="7.7978000879">
				<ele>2040.8</ele>
			</trkpt>
			<trkpt lat="46.5150076182" lon="7.7977760670">
				<ele>2040.0</ele>
			</trkpt>
			<trkpt lat="46.5150315600" lon="7.7977149042">
				<ele>2038.5</ele>
			</trkpt>
			<trkpt lat="46.5150471616" lon="7.7977054042">
				<ele>2038.1</ele>
			</trkpt>
			<trkpt lat="46.5150682782" lon="7.7976814639">
				<ele>2037.2</ele>
			</trkpt>
			<trkpt lat="46.5150834251" lon="7.7976678041">
				<ele>2036.8</ele>
			</trkpt>
			<trkpt lat="46.5150972278" lon="7.7976382771">
				<ele>2036.3</ele>
			</trkpt>
			<trkpt lat="46.5151293093" lon="7.7976316879">
				<ele>2036.1</ele>
			</trkpt>
			<trkpt lat="46.5151389785" lon="7.7976062642">
				<ele>2035.6</ele>
			</trkpt>
			<trkpt lat="46.5151624691" lon="7.7975457760">
				<ele>2034.7</ele>
			</trkpt>
			<trkpt lat="46.5151771716" lon="7.7975217800">
				<ele>2034.4</ele>
			</trkpt>
			<trkpt lat="46.5152005886" lon="7.7974985454">
				<ele>2034.1</ele>
			</trkpt>
			<trkpt lat="46.5152283998" lon="7.7974656711">
				<ele>2033.5</ele>
			</trkpt>
			<trkpt lat="46.5152444667" lon="7.7974397686">
				<ele>2033.0</ele>
			</trkpt>
			<trkpt lat="46.5152591801" lon="7.7974008526">
				<ele>2031.8</ele>
			</trkpt>
			<trkpt lat="46.5152717913" lon="7.7973669264">
				<ele>2030.4</ele>
			</trkpt>
			<trkpt lat="46.5152933707" lon="7.7973500645">
				<ele>2029.7</ele>
			</trkpt>
			<trkpt lat="46.5152899652" lon="7.7973320337">
				<ele>2028.9</ele>
			</trkpt>
			<trkpt lat="46.5152858822" lon="7.7973060108">
				<ele>2028.4</ele>
			</trkpt>
			<trkpt lat="46.5152783018" lon="7.7972879653">
				<ele>2028.2</ele>
			</trkpt>
			<trkpt lat="46.5152693514" lon="7.7972649072">
				<ele>2027.8</ele>
			</trkpt>
			<trkpt lat="46.5152499467" lon="7.7972537811">
				<ele>2027.1</ele>
			</trkpt>
			<trkpt lat="46.5152298623" lon="7.7972356660">
				<ele>2026.5</ele>
			</trkpt>
			<trkpt lat="46.5152146132" lon="7.7972275643">
				<ele>2025.9</ele>
			</trkpt>
			<trkpt lat="46.5152028330" lon="7.7972204889">
				<ele>2025.4</ele>
			</trkpt>
			<trkpt lat="46.5151924733" lon="7.7972024253">
				<ele>2025.0</ele>
			</trkpt>
			<trkpt lat="46.5151860947" lon="7.7971796970">
				<ele>2024.7</ele>
			</trkpt>
			<trkpt lat="46.5151829564" lon="7.7971424089">
				<ele>2024.7</ele>
			</trkpt>
			<trkpt lat="46.5151843874" lon="7.7971134515">
				<ele>2024.8</ele>
			</trkpt>
			<trkpt lat="46.5151867072" lon="7.7970996806">
				<ele>2024.8</ele>
			</trkpt>
			<trkpt lat="46.5151415037" lon="7.7970226710">
				<ele>2025.4</ele>
			</trkpt>
			<trkpt lat="46.5151401722" lon="7.7969998849">
				<ele>2025.4</ele>
			</trkpt>
			<trkpt lat="46.5151383859" lon="7.7969757276">
				<ele>2025.4</ele>
			</trkpt>
			<trkpt lat="46.5151407381" lon="7.7969460858">
				<ele>2025.2</ele>
			</trkpt>
			<trkpt lat="46.5151435288" lon="7.7969254118">
				<ele>2024.9</ele>
			</trkpt>
			<trkpt lat="46.5151462930" lon="7.7968901305">
				<ele>2024.7</ele>
			</trkpt>
			<trkpt lat="46.5151459776" lon="7.7968592070">
				<ele>2024.9</ele>
			</trkpt>
			<trkpt lat="46.5151457707" lon="7.7968391125">
				<ele>2025.0</ele>
			</trkpt>
			<trkpt lat="46.5151403900" lon="7.7967850786">
				<ele>2025.2</ele>
			</trkpt>
			<trkpt lat="46.5151232270" lon="7.7967249727">
				<ele>2025.2</ele>
			</trkpt>
			<trkpt lat="46.5151094886" lon="7.7966798877">
				<ele>2024.7</ele>
			</trkpt>
			<trkpt lat="46.5150825817" lon="7.7966287215">
				<ele>2024.0</ele>
			</trkpt>
			<trkpt lat="46.5150619711" lon="7.7965605923">
				<ele>2023.3</ele>
			</trkpt>
			<trkpt lat="46.5150384991" lon="7.7965184400">
				<ele>2022.8</ele>
			</trkpt>
			<trkpt lat="46.5150171014" lon="7.7964803018">
				<ele>2022.4</ele>
			</trkpt>
			<trkpt lat="46.5150019340" lon="7.7964462183">
				<ele>2022.4</ele>
			</trkpt>
			<trkpt lat="46.5150006274" lon="7.7964212041">
				<ele>2022.4</ele>
			</trkpt>
			<trkpt lat="46.5150034794" lon="7.7963982242">
				<ele>2022.4</ele>
			</trkpt>
			<trkpt lat="46.5150118969" lon="7.7963732743">
				<ele>2022.8</ele>
			</trkpt>
			<trkpt lat="46.5150063938" lon="7.7963582399">
				<ele>2022.8</ele>
			</trkpt>
			<trkpt lat="46.5150036740" lon="7.7963392235">
				<ele>2022.2</ele>
			</trkpt>
			<trkpt lat="46.5150113737" lon="7.7963222696">
				<ele>2021.6</ele>
			</trkpt>
			<trkpt lat="46.5150218189" lon="7.7963133215">
				<ele>2020.6</ele>
			</trkpt>
			<trkpt lat="46.5150489799" lon="7.7962894857">
				<ele>2019.4</ele>
			</trkpt>
			<trkpt lat="46.5150684659" lon="7.7962776132">
				<ele>2019.0</ele>
			</trkpt>
			<trkpt lat="46.5150916602" lon="7.7962737008">
				<ele>2018.6</ele>
			</trkpt>
			<trkpt lat="46.5151131993" lon="7.7962697645">
				<ele>2018.4</ele>
			</trkpt>
			<trkpt lat="46.5151306290" lon="7.7962595854">
				<ele>2017.9</ele>
			</trkpt>
			<trkpt lat="46.5151361531" lon="7.7962479074">
				<ele>2017.9</ele>
			</trkpt>
			<trkpt lat="46.5151389540" lon="7.7962182815">
				<ele>2017.2</ele>
			</trkpt>
			<trkpt lat="46.5151422083" lon="7.7961962293">
				<ele>2016.2</ele>
			</trkpt>
			<trkpt lat="46.5151527734" lon="7.7961804671">
				<ele>2015.5</ele>
			</trkpt>
			<trkpt lat="46.5151683765" lon="7.7961675135">
				<ele>2015.0</ele>
			</trkpt>
			<trkpt lat="46.5151697933" lon="7.7961461397">
				<ele>2014.6</ele>
			</trkpt>
			<trkpt lat="46.5151766822" lon="7.7961351614">
				<ele>2014.7</ele>
			</trkpt>
			<trkpt lat="46.5151909117" lon="7.7961242706">
				<ele>2014.5</ele>
			</trkpt>
			<trkpt lat="46.5151947122" lon="7.7961113693">
				<ele>2014.1</ele>
			</trkpt>
			<trkpt lat="46.5151774325" lon="7.7960882565">
				<ele>2013.4</ele>
			</trkpt>
			<trkpt lat="46.5151629202" lon="7.7960661783">
				<ele>2012.5</ele>
			</trkpt>
			<trkpt lat="46.5151554113" lon="7.7960281188">
				<ele>2011.4</ele>
			</trkpt>
			<trkpt lat="46.5151284259" lon="7.7959989610">
				<ele>2010.7</ele>
			</trkpt>
			<trkpt lat="46.5151139699" lon="7.7959588620">
				<ele>2009.6</ele>
			</trkpt>
			<trkpt lat="46.5150932270" lon="7.7959327424">
				<ele>2008.6</ele>
			</trkpt>
			<trkpt lat="46.5151024313" lon="7.7958777884">
				<ele>2007.6</ele>
			</trkpt>
			<trkpt lat="46.5150906638" lon="7.7958667131">
				<ele>2007.3</ele>
			</trkpt>
			<trkpt lat="46.5150705569" lon="7.7958585928">
				<ele>2006.7</ele>
			</trkpt>
			<trkpt lat="46.5150588019" lon="7.7958435172">
				<ele>2005.9</ele>
			</trkpt>
			<trkpt lat="46.5150484636" lon="7.7958184566">
				<ele>2004.7</ele>
			</trkpt>
			<trkpt lat="46.5150555648" lon="7.7957715025">
				<ele>2003.2</ele>
			</trkpt>
			<trkpt lat="46.5150646718" lon="7.7957475474">
				<ele>2002.5</ele>
			</trkpt>
			<trkpt lat="46.5150897421" lon="7.7957276978">
				<ele>2001.6</ele>
			</trkpt>
			<trkpt lat="46.5151106134" lon="7.7957158343">
				<ele>2001.2</ele>
			</trkpt>
			<trkpt lat="46.5151189810" lon="7.7957038753">
				<ele>2001.0</ele>
			</trkpt>
			<trkpt lat="46.5151092973" lon="7.7956938171">
				<ele>2000.6</ele>
			</trkpt>
			<trkpt lat="46.5150856808" lon="7.7956946778">
				<ele>2000.6</ele>
			</trkpt>
			<trkpt lat="46.5150808892" lon="7.7956736411">
				<ele>2000.1</ele>
			</trkpt>
			<trkpt lat="46.5150955616" lon="7.7956477289">
				<ele>1999.0</ele>
			</trkpt>
			<trkpt lat="46.5151011962" lon="7.7956237639">
				<ele>1998.2</ele>
			</trkpt>
			<trkpt lat="46.5150936030" lon="7.7956097191">
				<ele>1997.9</ele>
			</trkpt>
			<trkpt lat="46.5150770375" lon="7.7955796138">
				<ele>1997.6</ele>
			</trkpt>
			<trkpt lat="46.5150729573" lon="7.7955525878">
				<ele>1997.2</ele>
			</trkpt>
			<trkpt lat="46.5150813715" lon="7.7955286411">
				<ele>1996.8</ele>
			</trkpt>
			<trkpt lat="46.5150953390" lon="7.7955037276">
				<ele>1996.1</ele>
			</trkpt>
			<trkpt lat="46.5150982030" lon="7.7954797443">
				<ele>1995.5</ele>
			</trkpt>
			<trkpt lat="46.5150990365" lon="7.7954377395">
				<ele>1994.9</ele>
			</trkpt>
			<trkpt lat="46.5151172282" lon="7.7953968523">
				<ele>1994.1</ele>
			</trkpt>
			<trkpt lat="46.5151381183" lon="7.7953789687">
				<ele>1993.3</ele>
			</trkpt>
			<trkpt lat="46.5151582527" lon="7.7953810949">
				<ele>1992.9</ele>
			</trkpt>
			<trkpt lat="46.5152012583" lon="7.7953963632">
				<ele>1991.5</ele>
			</trkpt>
			<trkpt lat="46.5152491595" lon="7.7953996496">
				<ele>1990.8</ele>
			</trkpt>
			<trkpt lat="46.5152761978" lon="7.7954148127">
				<ele>1990.7</ele>
			</trkpt>
			<trkpt lat="46.5152859433" lon="7.7954078795">
				<ele>1990.3</ele>
			</trkpt>
			<trkpt lat="46.5152880999" lon="7.7953858851">
				<ele>1990.2</ele>
			</trkpt>
			<trkpt lat="46.5152813244" lon="7.7953348390">
				<ele>1989.6</ele>
			</trkpt>
			<trkpt lat="46.5152896977" lon="7.7953238964">
				<ele>1989.5</ele>
			</trkpt>
			<trkpt lat="46.5153195881" lon="7.7953130824">
				<ele>1988.8</ele>
			</trkpt>
			<trkpt lat="46.5153253934" lon="7.7952922196">
				<ele>1988.5</ele>
			</trkpt>
			<trkpt lat="46.5153414735" lon="7.7952675414">
				<ele>1988.1</ele>
			</trkpt>
			<trkpt lat="46.5153721779" lon="7.7952671440">
				<ele>1987.8</ele>
			</trkpt>
			<trkpt lat="46.5154230157" lon="7.7952745282">
				<ele>1987.2</ele>
			</trkpt>
			<trkpt lat="46.5154477767" lon="7.7952616606">
				<ele>1986.9</ele>
			</trkpt>
			<trkpt lat="46.5154583888" lon="7.7952224433">
				<ele>1986.5</ele>
			</trkpt>
			<trkpt lat="46.5154732626" lon="7.7951149735">
				<ele>1985.2</ele>
			</trkpt>
			<trkpt lat="46.5155063227" lon="7.7950773511">
				<ele>1984.6</ele>
			</trkpt>
			<trkpt lat="46.5155169390" lon="7.7950339899">
				<ele>1984.1</ele>
			</trkpt>
			<trkpt lat="46.5155384947" lon="7.7950217788">
				<ele>1983.8</ele>
			</trkpt>
			<trkpt lat="46.5155760406" lon="7.7950338697">
				<ele>1982.7</ele>
			</trkpt>
			<trkpt lat="46.5155989261" lon="7.7950451230">
				<ele>1981.8</ele>
			</trkpt>
			<trkpt lat="46.5156304733" lon="7.7950799272">
				<ele>1980.9</ele>
			</trkpt>
			<trkpt lat="46.5156396473" lon="7.7950717257">
				<ele>1980.5</ele>
			</trkpt>
			<trkpt lat="46.5156580963" lon="7.7950091308">
				<ele>1979.4</ele>
			</trkpt>
			<trkpt lat="46.5156704961" lon="7.7949933790">
				<ele>1978.9</ele>
			</trkpt>
			<trkpt lat="46.5157126532" lon="7.7949896431">
				<ele>1978.0</ele>
			</trkpt>
			<trkpt lat="46.5157470344" lon="7.7949782463">
				<ele>1977.3</ele>
			</trkpt>
			<trkpt lat="46.5157764378" lon="7.7949392173">
				<ele>1977.1</ele>
			</trkpt>
			<trkpt lat="46.5158039610" lon="7.7949174027">
				<ele>1977.1</ele>
			</trkpt>
			<trkpt lat="46.5158589470" lon="7.7949158619">
				<ele>1976.5</ele>
			</trkpt>
			<trkpt lat="46.5159249342" lon="7.7949061442">
				<ele>1976.0</ele>
			</trkpt>
			<trkpt lat="46.5159662204" lon="7.7948789482">
				<ele>1975.6</ele>
			</trkpt>
			<trkpt lat="46.5160198679" lon="7.7948567056">
				<ele>1975.4</ele>
			</trkpt>
			<trkpt lat="46.5160850239" lon="7.7948048934">
				<ele>1974.7</ele>
			</trkpt>
			<trkpt lat="46.5161295144" lon="7.7947798020">
				<ele>1974.3</ele>
			</trkpt>
			<trkpt lat="46.5161611225" lon="7.7947807924">
				<ele>1974.5</ele>
			</trkpt>
			<trkpt lat="46.5162023573" lon="7.7947784309">
				<ele>1974.6</ele>
			</trkpt>
			<trkpt lat="46.5162275997" lon="7.7947552188">
				<ele>1974.4</ele>
			</trkpt>
			<trkpt lat="46.5162648707" lon="7.7946741789">
				<ele>1974.0</ele>
			</trkpt>
			<trkpt lat="46.5163038942" lon="7.7946338446">
				<ele>1973.5</ele>
			</trkpt>
			<trkpt lat="46.5163273380" lon="7.7945906051">
				<ele>1973.1</ele>
			</trkpt>
			<trkpt lat="46.5163356820" lon="7.7945430846">
				<ele>1972.8</ele>
			</trkpt>
			<trkpt lat="46.5163440021" lon="7.7945031609">
				<ele>1972.7</ele>
			</trkpt>
			<trkpt lat="46.5163587149" lon="7.7944756975">
				<ele>1972.6</ele>
			</trkpt>
			<trkpt lat="46.5163752293" lon="7.7944648208">
				<ele>1972.3</ele>
			</trkpt>
			<trkpt lat="46.5163936010" lon="7.7944408602">
				<ele>1971.9</ele>
			</trkpt>
			<trkpt lat="46.5163922818" lon="7.7944139437">
				<ele>1971.5</ele>
			</trkpt>
			<trkpt lat="46.5163914494" lon="7.7943725394">
				<ele>1971.2</ele>
			</trkpt>
			<trkpt lat="46.5163960859" lon="7.7943394711">
				<ele>1970.4</ele>
			</trkpt>
			<trkpt lat="46.5164011775" lon="7.7943167531">
				<ele>1970.1</ele>
			</trkpt>
			<trkpt lat="46.5163934603" lon="7.7942787299">
				<ele>1969.3</ele>
			</trkpt>
			<trkpt lat="46.5164035780" lon="7.7942595110">
				<ele>1968.9</ele>
			</trkpt>
			<trkpt lat="46.5164013408" lon="7.7942325885">
				<ele>1968.5</ele>
			</trkpt>
			<trkpt lat="46.5164096256" lon="7.7942099042">
				<ele>1968.0</ele>
			</trkpt>
			<trkpt lat="46.5164165424" lon="7.7941899596">
				<ele>1967.7</ele>
			</trkpt>
			<trkpt lat="46.5164270848" lon="7.7941873055">
				<ele>1967.4</ele>
			</trkpt>
			<trkpt lat="46.5164426984" lon="7.7941681354">
				<ele>1967.0</ele>
			</trkpt>
			<trkpt lat="46.5164496191" lon="7.7941412984">
				<ele>1966.6</ele>
			</trkpt>
			<trkpt lat="46.5164697796" lon="7.7941380425">
				<ele>1966.7</ele>
			</trkpt>
			<trkpt lat="46.5164922618" lon="7.7941230882">
				<ele>1966.5</ele>
			</trkpt>
			<trkpt lat="46.5165161721" lon="7.7940798514">
				<ele>1966.1</ele>
			</trkpt>
			<trkpt lat="46.5165331847" lon="7.7940448329">
				<ele>1965.9</ele>
			</trkpt>
			<trkpt lat="46.5165469720" lon="7.7940228876">
				<ele>1965.5</ele>
			</trkpt>
			<trkpt lat="46.5165649486" lon="7.7939671807">
				<ele>1964.7</ele>
			</trkpt>
			<trkpt lat="46.5165815324" lon="7.7939225039">
				<ele>1964.4</ele>
			</trkpt>
			<trkpt lat="46.5165957774" lon="7.7938977986">
				<ele>1964.2</ele>
			</trkpt>
			<trkpt lat="46.5166182808" lon="7.7938704258">
				<ele>1963.7</ele>
			</trkpt>
			<trkpt lat="46.5166522764" lon="7.7938210783">
				<ele>1962.9</ele>
			</trkpt>
			<trkpt lat="46.5166766456" lon="7.7937778459">
				<ele>1962.6</ele>
			</trkpt>
			<trkpt lat="46.5166867695" lon="7.7937538055">
				<ele>1962.3</ele>
			</trkpt>
			<trkpt lat="46.5166996346" lon="7.7937359851">
				<ele>1962.0</ele>
			</trkpt>
			<trkpt lat="46.5167065660" lon="7.7937056946">
				<ele>1961.6</ele>
			</trkpt>
			<trkpt lat="46.5167043221" lon="7.7936780799">
				<ele>1961.3</ele>
			</trkpt>
			<trkpt lat="46.5166984365" lon="7.7936442266">
				<ele>1961.3</ele>
			</trkpt>
			<trkpt lat="46.5167201037" lon="7.7935733764">
				<ele>1960.8</ele>
			</trkpt>
			<trkpt lat="46.5167381035" lon="7.7935045605">
				<ele>1960.3</ele>
			</trkpt>
			<trkpt lat="46.5167643403" lon="7.7934420276">
				<ele>1959.9</ele>
			</trkpt>
			<trkpt lat="46.5167593660" lon="7.7934074899">
				<ele>1959.7</ele>
			</trkpt>
			<trkpt lat="46.5167635447" lon="7.7933799316">
				<ele>1959.2</ele>
			</trkpt>
			<trkpt lat="46.5167884087" lon="7.7933167120">
				<ele>1958.6</ele>
			</trkpt>
			<trkpt lat="46.5168036151" lon="7.7932692484">
				<ele>1958.3</ele>
			</trkpt>
			<trkpt lat="46.5168059780" lon="7.7932327115">
				<ele>1958.3</ele>
			</trkpt>
			<trkpt lat="46.5168134202" lon="7.7931741482">
				<ele>1958.2</ele>
			</trkpt>
			<trkpt lat="46.5168125341" lon="7.7931582706">
				<ele>1958.2</ele>
			</trkpt>
			<trkpt lat="46.5168098110" lon="7.7931430585">
				<ele>1958.1</ele>
			</trkpt>
			<trkpt lat="46.5168157915" lon="7.7931320869">
				<ele>1958.3</ele>
			</trkpt>
			<trkpt lat="46.5168345698" lon="7.7931336430">
				<ele>1958.4</ele>
			</trkpt>
			<trkpt lat="46.5168519788" lon="7.7931358805">
				<ele>1958.4</ele>
			</trkpt>
			<trkpt lat="46.5168716847" lon="7.7931340036">
				<ele>1958.3</ele>
			</trkpt>
			<trkpt lat="46.5168978064" lon="7.7931287264">
				<ele>1957.6</ele>
			</trkpt>
			<trkpt lat="46.5169285328" lon="7.7931124702">
				<ele>1957.0</ele>
			</trkpt>
			<trkpt lat="46.5169573946" lon="7.7931141320">
				<ele>1956.5</ele>
			</trkpt>
			<trkpt lat="46.5169949387" lon="7.7931268995">
				<ele>1955.6</ele>
			</trkpt>
			<trkpt lat="46.5170292505" lon="7.7931493031">
				<ele>1955.5</ele>
			</trkpt>
			<trkpt lat="46.5170434647" lon="7.7931432321">
				<ele>1955.2</ele>
			</trkpt>
			<trkpt lat="46.5170444327" lon="7.7931184141">
				<ele>1955.1</ele>
			</trkpt>
			<trkpt lat="46.5170303501" lon="7.7930561911">
				<ele>1954.6</ele>
			</trkpt>
			<trkpt lat="46.5170125894" lon="7.7929994416">
				<ele>1954.3</ele>
			</trkpt>
			<trkpt lat="46.5170085076" lon="7.7929787088">
				<ele>1954.1</ele>
			</trkpt>
			<trkpt lat="46.5170008670" lon="7.7929596740">
				<ele>1954.1</ele>
			</trkpt>
			<trkpt lat="46.5169953901" lon="7.7929214568">
				<ele>1953.7</ele>
			</trkpt>
			<trkpt lat="46.5169908227" lon="7.7928947924">
				<ele>1953.5</ele>
			</trkpt>
			<trkpt lat="46.5169843394" lon="7.7928796718">
				<ele>1953.4</ele>
			</trkpt>
			<trkpt lat="46.5169806474" lon="7.7928663304">
				<ele>1953.7</ele>
			</trkpt>
			<trkpt lat="46.5169729249" lon="7.7928503046">
				<ele>1953.9</ele>
			</trkpt>
			<trkpt lat="46.5169633193" lon="7.7928409379">
				<ele>1953.9</ele>
			</trkpt>
			<trkpt lat="46.5169481018" lon="7.7928342052">
				<ele>1954.0</ele>
			</trkpt>
			<trkpt lat="46.5169381789" lon="7.7928230644">
				<ele>1954.0</ele>
			</trkpt>
			<trkpt lat="46.5169382375" lon="7.7928070752">
				<ele>1953.5</ele>
			</trkpt>
			<trkpt lat="46.5169295684" lon="7.7927946000">
				<ele>1953.4</ele>
			</trkpt>
			<trkpt lat="46.5169321194" lon="7.7927755141">
				<ele>1952.6</ele>
			</trkpt>
			<trkpt lat="46.5169249980" lon="7.7927657198">
				<ele>1952.5</ele>
			</trkpt>
			<trkpt lat="46.5169063732" lon="7.7927554081">
				<ele>1952.3</ele>
			</trkpt>
			<trkpt lat="46.5168967519" lon="7.7927482698">
				<ele>1952.3</ele>
			</trkpt>
			<trkpt lat="46.5168793787" lon="7.7927348645">
				<ele>1952.4</ele>
			</trkpt>
			<trkpt lat="46.5168716927" lon="7.7927099645">
				<ele>1951.6</ele>
			</trkpt>
			<trkpt lat="46.5168179568" lon="7.7926852838">
				<ele>1951.7</ele>
			</trkpt>
			<trkpt lat="46.5168193585" lon="7.7925471912">
				<ele>1951.7</ele>
			</trkpt>
			<trkpt lat="46.5168119304" lon="7.7925378260">
				<ele>1951.8</ele>
			</trkpt>
			<trkpt lat="46.5167997995" lon="7.7925364440">
				<ele>1951.8</ele>
			</trkpt>
			<trkpt lat="46.5167805599" lon="7.7925243691">
				<ele>1951.5</ele>
			</trkpt>
			<trkpt lat="46.5167675105" lon="7.7925203088">
				<ele>1951.4</ele>
			</trkpt>
			<trkpt lat="46.5167547664" lon="7.7925162520">
				<ele>1951.2</ele>
			</trkpt>
			<trkpt lat="46.5167436335" lon="7.7924980009">
				<ele>1951.0</ele>
			</trkpt>
			<trkpt lat="46.5167387451" lon="7.7924699921">
				<ele>1950.9</ele>
			</trkpt>
			<trkpt lat="46.5167320344" lon="7.7924326658">
				<ele>1951.4</ele>
			</trkpt>
			<trkpt lat="46.5167274597" lon="7.7924051155">
				<ele>1951.5</ele>
			</trkpt>
			<trkpt lat="46.5167296986" lon="7.7923882419">
				<ele>1951.5</ele>
			</trkpt>
			<trkpt lat="46.5167375501" lon="7.7923656323">
				<ele>1951.7</ele>
			</trkpt>
			<trkpt lat="46.5167295540" lon="7.7923394006">
				<ele>1951.8</ele>
			</trkpt>
			<trkpt lat="46.5167277870" lon="7.7923087541">
				<ele>1952.3</ele>
			</trkpt>
			<trkpt lat="46.5167309404" lon="7.7922954447">
				<ele>1952.6</ele>
			</trkpt>
			<trkpt lat="46.5167294692" lon="7.7922710150">
				<ele>1952.6</ele>
			</trkpt>
			<trkpt lat="46.5167192431" lon="7.7922616443">
				<ele>1952.6</ele>
			</trkpt>
			<trkpt lat="46.5167118407" lon="7.7922411764">
				<ele>1952.6</ele>
			</trkpt>
			<trkpt lat="46.5167019072" lon="7.7922362505">
				<ele>1952.7</ele>
			</trkpt>
			<trkpt lat="46.5166884533" lon="7.7922319537">
				<ele>1952.6</ele>
			</trkpt>
			<trkpt lat="46.5166821406" lon="7.7921993878">
				<ele>1952.3</ele>
			</trkpt>
			<trkpt lat="46.5166781725" lon="7.7921737949">
				<ele>1952.3</ele>
			</trkpt>
			<trkpt lat="46.5166791349" lon="7.7921044252">
				<ele>1952.3</ele>
			</trkpt>
			<trkpt lat="46.5166840442" lon="7.7920557999">
				<ele>1952.2</ele>
			</trkpt>
			<trkpt lat="46.5167475268" lon="7.7920328755">
				<ele>1952.3</ele>
			</trkpt>
			<trkpt lat="46.5168368354" lon="7.7919634296">
				<ele>1953.9</ele>
			</trkpt>
			<trkpt lat="46.5168603789" lon="7.7919573938">
				<ele>1953.9</ele>
			</trkpt>
			<trkpt lat="46.5168871955" lon="7.7919281457">
				<ele>1955.3</ele>
			</trkpt>
			<trkpt lat="46.5168979534" lon="7.7919080826">
				<ele>1955.9</ele>
			</trkpt>
			<trkpt lat="46.5169161630" lon="7.7918958098">
				<ele>1956.6</ele>
			</trkpt>
			<trkpt lat="46.5169759699" lon="7.7919178825">
				<ele>1956.9</ele>
			</trkpt>
			<trkpt lat="46.5170337076" lon="7.7919167081">
				<ele>1956.9</ele>
			</trkpt>
			<trkpt lat="46.5171042684" lon="7.7919171682">
				<ele>1956.6</ele>
			</trkpt>
			<trkpt lat="46.5171727130" lon="7.7919098741">
				<ele>1956.2</ele>
			</trkpt>
			<trkpt lat="46.5172651627" lon="7.7919123413">
				<ele>1956.6</ele>
			</trkpt>
			<trkpt lat="46.5173270023" lon="7.7918824083">
				<ele>1957.6</ele>
			</trkpt>
			<trkpt lat="46.5173938105" lon="7.7918571588">
				<ele>1957.8</ele>
			</trkpt>
			<trkpt lat="46.5174357798" lon="7.7918530675">
				<ele>1958.0</ele>
			</trkpt>
			<trkpt lat="46.5174904069" lon="7.7918425941">
				<ele>1959.1</ele>
			</trkpt>
			<trkpt lat="46.5175091372" lon="7.7918334520">
				<ele>1959.1</ele>
			</trkpt>
			<trkpt lat="46.5175291199" lon="7.7918324226">
				<ele>1959.2</ele>
			</trkpt>
			<trkpt lat="46.5175478308" lon="7.7918295079">
				<ele>1958.9</ele>
			</trkpt>
			<trkpt lat="46.5175660751" lon="7.7918408986">
				<ele>1958.6</ele>
			</trkpt>
			<trkpt lat="46.5175886495" lon="7.7918249526">
				<ele>1958.3</ele>
			</trkpt>
			<trkpt lat="46.5176043502" lon="7.7918325870">
				<ele>1958.1</ele>
			</trkpt>
			<trkpt lat="46.5176205302" lon="7.7918221763">
				<ele>1958.0</ele>
			</trkpt>
			<trkpt lat="46.5176451611" lon="7.7918305338">
				<ele>1958.0</ele>
			</trkpt>
			<trkpt lat="46.5176621578" lon="7.7918350620">
				<ele>1958.0</ele>
			</trkpt>
			<trkpt lat="46.5176770390" lon="7.7918314845">
				<ele>1957.9</ele>
			</trkpt>
			<trkpt lat="46.5176906789" lon="7.7918191802">
				<ele>1957.8</ele>
			</trkpt>
			<trkpt lat="46.5177056142" lon="7.7917981799">
				<ele>1957.6</ele>
			</trkpt>
			<trkpt lat="46.5177392390" lon="7.7917811200">
				<ele>1957.3</ele>
			</trkpt>
			<trkpt lat="46.5177613269" lon="7.7917857076">
				<ele>1957.3</ele>
			</trkpt>
			<trkpt lat="46.5177864257" lon="7.7917797470">
				<ele>1956.8</ele>
			</trkpt>
			<trkpt lat="46.5178093900" lon="7.7917743840">
				<ele>1956.8</ele>
			</trkpt>
			<trkpt lat="46.5178378658" lon="7.7917759249">
				<ele>1956.7</ele>
			</trkpt>
			<trkpt lat="46.5178561548" lon="7.7917699064">
				<ele>1956.7</ele>
			</trkpt>
			<trkpt lat="46.5178791092" lon="7.7917707599">
				<ele>1956.7</ele>
			</trkpt>
			<trkpt lat="46.5178956502" lon="7.7917858793">
				<ele>1956.5</ele>
			</trkpt>
			<trkpt lat="46.5179100768" lon="7.7917953689">
				<ele>1956.4</ele>
			</trkpt>
			<trkpt lat="46.5179198651" lon="7.7917892432">
				<ele>1956.4</ele>
			</trkpt>
			<trkpt lat="46.5179489213" lon="7.7917341671">
				<ele>1955.5</ele>
			</trkpt>
			<trkpt lat="46.5179647234" lon="7.7917063187">
				<ele>1955.6</ele>
			</trkpt>
			<trkpt lat="46.5179757893" lon="7.7917002141">
				<ele>1955.6</ele>
			</trkpt>
			<trkpt lat="46.5179880994" lon="7.7917046982">
				<ele>1955.2</ele>
			</trkpt>
			<trkpt lat="46.5179974216" lon="7.7917153794">
				<ele>1954.9</ele>
			</trkpt>
			<trkpt lat="46.5180084123" lon="7.7917391424">
				<ele>1954.0</ele>
			</trkpt>
			<trkpt lat="46.5180283483" lon="7.7917561603">
				<ele>1953.2</ele>
			</trkpt>
			<trkpt lat="46.5180568158" lon="7.7917601898">
				<ele>1952.4</ele>
			</trkpt>
			<trkpt lat="46.5180780996" lon="7.7917485882">
				<ele>1952.0</ele>
			</trkpt>
			<trkpt lat="46.5181283563" lon="7.7917117891">
				<ele>1951.5</ele>
			</trkpt>
			<trkpt lat="46.5181725926" lon="7.7917016660">
				<ele>1950.7</ele>
			</trkpt>
			<trkpt lat="46.5181887739" lon="7.7916906428">
				<ele>1950.5</ele>
			</trkpt>
			<trkpt lat="46.5182066908" lon="7.7916653095">
				<ele>1950.8</ele>
			</trkpt>
			<trkpt lat="46.5182267951" lon="7.7916194661">
				<ele>1951.6</ele>
			</trkpt>
			<trkpt lat="46.5182574387" lon="7.7916036113">
				<ele>1952.2</ele>
			</trkpt>
			<trkpt lat="46.5182698048" lon="7.7915900482">
				<ele>1952.5</ele>
			</trkpt>
			<trkpt lat="46.5182736965" lon="7.7915620951">
				<ele>1953.6</ele>
			</trkpt>
			<trkpt lat="46.5182886298" lon="7.7915417077">
				<ele>1954.9</ele>
			</trkpt>
			<trkpt lat="46.5183146006" lon="7.7915270473">
				<ele>1955.5</ele>
			</trkpt>
			<trkpt lat="46.5183503408" lon="7.7915124895">
				<ele>1955.6</ele>
			</trkpt>
			<trkpt lat="46.5183673906" lon="7.7914971060">
				<ele>1955.7</ele>
			</trkpt>
			<trkpt lat="46.5183933078" lon="7.7914998685">
				<ele>1955.6</ele>
			</trkpt>
			<trkpt lat="46.5184090374" lon="7.7914981727">
				<ele>1955.6</ele>
			</trkpt>
			<trkpt lat="46.5184358812" lon="7.7914747999">
				<ele>1955.6</ele>
			</trkpt>
			<trkpt lat="46.5184558620" lon="7.7914743955">
				<ele>1955.5</ele>
			</trkpt>
			<trkpt lat="46.5184715502" lon="7.7914888716">
				<ele>1954.9</ele>
			</trkpt>
			<trkpt lat="46.5184974472" lon="7.7915009763">
				<ele>1954.7</ele>
			</trkpt>
			<trkpt lat="46.5185301393" lon="7.7915150032">
				<ele>1953.5</ele>
			</trkpt>
			<trkpt lat="46.5185611720" lon="7.7915128463">
				<ele>1953.0</ele>
			</trkpt>
			<trkpt lat="46.5186019868" lon="7.7915095417">
				<ele>1952.5</ele>
			</trkpt>
			<trkpt lat="46.5186279340" lon="7.7915054626">
				<ele>1952.3</ele>
			</trkpt>
			<trkpt lat="46.5186462481" lon="7.7914913384">
				<ele>1952.0</ele>
			</trkpt>
			<trkpt lat="46.5186620192" lon="7.7914734578">
				<ele>1951.6</ele>
			</trkpt>
			<trkpt lat="46.5186884753" lon="7.7914357737">
				<ele>1950.8</ele>
			</trkpt>
			<trkpt lat="46.5187059227" lon="7.7914284856">
				<ele>1950.3</ele>
			</trkpt>
			<trkpt lat="46.5187216128" lon="7.7914423493">
				<ele>1949.9</ele>
			</trkpt>
			<trkpt lat="46.5187343281" lon="7.7914555414">
				<ele>1949.8</ele>
			</trkpt>
			<trkpt lat="46.5187479235" lon="7.7914575587">
				<ele>1949.2</ele>
			</trkpt>
			<trkpt lat="46.5187896528" lon="7.7914318592">
				<ele>1948.3</ele>
			</trkpt>
			<trkpt lat="46.5188104479" lon="7.7914445305">
				<ele>1947.7</ele>
			</trkpt>
			<trkpt lat="46.5188430832" lon="7.7914390227">
				<ele>1947.1</ele>
			</trkpt>
			<trkpt lat="46.5188568061" lon="7.7914434906">
				<ele>1946.8</ele>
			</trkpt>
			<trkpt lat="46.5188743412" lon="7.7914512666">
				<ele>1946.4</ele>
			</trkpt>
			<trkpt lat="46.5188877131" lon="7.7914469497">
				<ele>1946.3</ele>
			</trkpt>
			<trkpt lat="46.5189003397" lon="7.7914393303">
				<ele>1946.1</ele>
			</trkpt>
			<trkpt lat="46.5189102672" lon="7.7914377398">
				<ele>1946.0</ele>
			</trkpt>
			<trkpt lat="46.5189251579" lon="7.7914367288">
				<ele>1945.8</ele>
			</trkpt>
			<trkpt lat="46.5189370007" lon="7.7914324012">
				<ele>1945.8</ele>
			</trkpt>
			<trkpt lat="46.5189538490" lon="7.7914182156">
				<ele>1945.8</ele>
			</trkpt>
			<trkpt lat="46.5189714575" lon="7.7914023798">
				<ele>1945.9</ele>
			</trkpt>
			<trkpt lat="46.5189864018" lon="7.7913870874">
				<ele>1946.0</ele>
			</trkpt>
			<trkpt lat="46.5190181066" lon="7.7913801259">
				<ele>1946.0</ele>
			</trkpt>
			<trkpt lat="46.5190444726" lon="7.7913714753">
				<ele>1945.9</ele>
			</trkpt>
			<trkpt lat="46.5190559581" lon="7.7913605652">
				<ele>1945.8</ele>
			</trkpt>
			<trkpt lat="46.5190778123" lon="7.7913332240">
				<ele>1945.8</ele>
			</trkpt>
			<trkpt lat="46.5190931154" lon="7.7913212308">
				<ele>1945.8</ele>
			</trkpt>
			<trkpt lat="46.5191084086" lon="7.7913152703">
				<ele>1945.9</ele>
			</trkpt>
			<trkpt lat="46.5191313381" lon="7.7913066100">
				<ele>1946.1</ele>
			</trkpt>
			<trkpt lat="46.5191780111" lon="7.7912766553">
				<ele>1947.2</ele>
			</trkpt>
			<trkpt lat="46.5191952451" lon="7.7912597353">
				<ele>1947.6</ele>
			</trkpt>
			<trkpt lat="46.5192071500" lon="7.7912383757">
				<ele>1947.9</ele>
			</trkpt>
			<trkpt lat="46.5192159786" lon="7.7912225089">
				<ele>1948.2</ele>
			</trkpt>
			<trkpt lat="46.5192247944" lon="7.7912137702">
				<ele>1948.2</ele>
			</trkpt>
			<trkpt lat="46.5192446561" lon="7.7912083867">
				<ele>1948.4</ele>
			</trkpt>
			<trkpt lat="46.5192840350" lon="7.7911893829">
				<ele>1948.3</ele>
			</trkpt>
			<trkpt lat="46.5193287356" lon="7.7911775410">
				<ele>1948.0</ele>
			</trkpt>
			<trkpt lat="46.5193589160" lon="7.7911716647">
				<ele>1947.9</ele>
			</trkpt>
			<trkpt lat="46.5193860707" lon="7.7911553436">
				<ele>1948.2</ele>
			</trkpt>
			<trkpt lat="46.5194163045" lon="7.7911324353">
				<ele>1949.0</ele>
			</trkpt>
			<trkpt lat="46.5194400791" lon="7.7911007151">
				<ele>1950.2</ele>
			</trkpt>
			<trkpt lat="46.5194645944" lon="7.7910739517">
				<ele>1951.1</ele>
			</trkpt>
			<trkpt lat="46.5194936925" lon="7.7910488463">
				<ele>1951.7</ele>
			</trkpt>
			<trkpt lat="46.5195090197" lon="7.7910319009">
				<ele>1952.3</ele>
			</trkpt>
			<trkpt lat="46.5195274481" lon="7.7910012530">
				<ele>1952.9</ele>
			</trkpt>
			<trkpt lat="46.5195481030" lon="7.7909865447">
				<ele>1952.9</ele>
			</trkpt>
			<trkpt lat="46.5195683438" lon="7.7909833533">
				<ele>1952.8</ele>
			</trkpt>
			<trkpt lat="46.5195889820" lon="7.7909768802">
				<ele>1952.4</ele>
			</trkpt>
			<trkpt lat="46.5196004640" lon="7.7909670516">
				<ele>1952.4</ele>
			</trkpt>
			<trkpt lat="46.5196180919" lon="7.7909479315">
				<ele>1952.5</ele>
			</trkpt>
			<trkpt lat="46.5196445302" lon="7.7909189780">
				<ele>1952.9</ele>
			</trkpt>
			<trkpt lat="46.5196671449" lon="7.7908899862">
				<ele>1953.4</ele>
			</trkpt>
			<trkpt lat="46.5196847350" lon="7.7908802099">
				<ele>1953.6</ele>
			</trkpt>
			<trkpt lat="46.5197099568" lon="7.7908720987">
				<ele>1953.4</ele>
			</trkpt>
			<trkpt lat="46.5197367541" lon="7.7908491805">
				<ele>1953.7</ele>
			</trkpt>
			<trkpt lat="46.5197646752" lon="7.7908323169">
				<ele>1953.7</ele>
			</trkpt>
			<trkpt lat="46.5198129213" lon="7.7907881016">
				<ele>1954.9</ele>
			</trkpt>
			<trkpt lat="46.5198539151" lon="7.7907443864">
				<ele>1956.0</ele>
			</trkpt>
			<trkpt lat="46.5198749496" lon="7.7907318693">
				<ele>1956.1</ele>
			</trkpt>
			<trkpt lat="46.5199169130" lon="7.7907381495">
				<ele>1955.7</ele>
			</trkpt>
			<trkpt lat="46.5199283627" lon="7.7907387585">
				<ele>1955.5</ele>
			</trkpt>
			<trkpt lat="46.5199490553" lon="7.7907147060">
				<ele>1956.1</ele>
			</trkpt>
			<trkpt lat="46.5199658860" lon="7.7907060056">
				<ele>1956.1</ele>
			</trkpt>
			<trkpt lat="46.5199788954" lon="7.7906967467">
				<ele>1956.0</ele>
			</trkpt>
			<trkpt lat="46.5199763164" lon="7.7906698196">
				<ele>1955.5</ele>
			</trkpt>
			<trkpt lat="46.5199542634" lon="7.7906422449">
				<ele>1955.4</ele>
			</trkpt>
			<trkpt lat="46.5199234428" lon="7.7906135316">
				<ele>1954.9</ele>
			</trkpt>
			<trkpt lat="46.5199075254" lon="7.7905799367">
				<ele>1954.7</ele>
			</trkpt>
			<trkpt lat="46.5198793735" lon="7.7905523352">
				<ele>1954.7</ele>
			</trkpt>
			<trkpt lat="46.5198260802" lon="7.7905097667">
				<ele>1955.1</ele>
			</trkpt>
			<trkpt lat="46.5197753879" lon="7.7904869710">
				<ele>1956.1</ele>
			</trkpt>
			<trkpt lat="46.5197189775" lon="7.7904630564">
				<ele>1957.2</ele>
			</trkpt>
			<trkpt lat="46.5196995901" lon="7.7904404378">
				<ele>1957.9</ele>
			</trkpt>
			<trkpt lat="46.5196717582" lon="7.7904314999">
				<ele>1958.9</ele>
			</trkpt>
			<trkpt lat="46.5196400994" lon="7.7904236316">
				<ele>1960.3</ele>
			</trkpt>
			<trkpt lat="46.5196217450" lon="7.7904334165">
				<ele>1961.1</ele>
			</trkpt>
			<trkpt lat="46.5196095339" lon="7.7904317083">
				<ele>1961.7</ele>
			</trkpt>
			<trkpt lat="46.5195954643" lon="7.7904173478">
				<ele>1962.3</ele>
			</trkpt>
			<trkpt lat="46.5195760286" lon="7.7904073564">
				<ele>1963.2</ele>
			</trkpt>
			<trkpt lat="46.5196002614" lon="7.7903525854">
				<ele>1964.4</ele>
			</trkpt>
			<trkpt lat="46.5196225260" lon="7.7903148084">
				<ele>1965.3</ele>
			</trkpt>
			<trkpt lat="46.5196282965" lon="7.7903016711">
				<ele>1965.3</ele>
			</trkpt>
			<trkpt lat="46.5196341308" lon="7.7902709411">
				<ele>1965.6</ele>
			</trkpt>
			<trkpt lat="46.5196304736" lon="7.7902231570">
				<ele>1966.5</ele>
			</trkpt>
			<trkpt lat="46.5196420069" lon="7.7901996049">
				<ele>1966.8</ele>
			</trkpt>
			<trkpt lat="46.5196589929" lon="7.7901436795">
				<ele>1967.8</ele>
			</trkpt>
			<trkpt lat="46.5196735873" lon="7.7901163040">
				<ele>1968.1</ele>
			</trkpt>
			<trkpt lat="46.5196874159" lon="7.7900894699">
				<ele>1968.3</ele>
			</trkpt>
			<trkpt lat="46.5196863432" lon="7.7900696945">
				<ele>1968.0</ele>
			</trkpt>
			<trkpt lat="46.5196783622" lon="7.7900586704">
				<ele>1967.6</ele>
			</trkpt>
			<trkpt lat="46.5196612321" lon="7.7900448500">
				<ele>1967.2</ele>
			</trkpt>
			<trkpt lat="46.5196304442" lon="7.7900056988">
				<ele>1966.2</ele>
			</trkpt>
			<trkpt lat="46.5196102817" lon="7.7899863722">
				<ele>1965.9</ele>
			</trkpt>
			<trkpt lat="46.5196084345" lon="7.7899698886">
				<ele>1965.9</ele>
			</trkpt>
			<trkpt lat="46.5196103991" lon="7.7899512273">
				<ele>1965.9</ele>
			</trkpt>
			<trkpt lat="46.5196161685" lon="7.7899386237">
				<ele>1965.8</ele>
			</trkpt>
			<trkpt lat="46.5196307341" lon="7.7899205786">
				<ele>1965.9</ele>
			</trkpt>
			<trkpt lat="46.5196518016" lon="7.7899003852">
				<ele>1965.6</ele>
			</trkpt>
			<trkpt lat="46.5196701984" lon="7.7898768657">
				<ele>1965.7</ele>
			</trkpt>
			<trkpt lat="46.5196901140" lon="7.7898566520">
				<ele>1965.7</ele>
			</trkpt>
			<trkpt lat="46.5197035461" lon="7.7898358626">
				<ele>1966.2</ele>
			</trkpt>
			<trkpt lat="46.5197223367" lon="7.7898101559">
				<ele>1966.8</ele>
			</trkpt>
			<trkpt lat="46.5197342560" lon="7.7897838574">
				<ele>1967.4</ele>
			</trkpt>
			<trkpt lat="46.5197661054" lon="7.7897357163">
				<ele>1968.9</ele>
			</trkpt>
			<trkpt lat="46.5197856125" lon="7.7897226417">
				<ele>1969.5</ele>
			</trkpt>
			<trkpt lat="46.5197944553" lon="7.7897051193">
				<ele>1970.4</ele>
			</trkpt>
			<trkpt lat="46.5198242695" lon="7.7896926460">
				<ele>1970.7</ele>
			</trkpt>
			<trkpt lat="46.5198411262" lon="7.7896757101">
				<ele>1970.9</ele>
			</trkpt>
			<trkpt lat="46.5198813390" lon="7.7896342041">
				<ele>1972.4</ele>
			</trkpt>
			<trkpt lat="46.5198986093" lon="7.7896084873">
				<ele>1973.3</ele>
			</trkpt>
			<trkpt lat="46.5199032683" lon="7.7895854385">
				<ele>1973.9</ele>
			</trkpt>
			<trkpt lat="46.5198774520" lon="7.7895441171">
				<ele>1974.8</ele>
			</trkpt>
			<trkpt lat="46.5198798323" lon="7.7895161277">
				<ele>1974.8</ele>
			</trkpt>
			<trkpt lat="46.5198802680" lon="7.7895002061">
				<ele>1975.1</ele>
			</trkpt>
			<trkpt lat="46.5198734552" lon="7.7894836895">
				<ele>1975.2</ele>
			</trkpt>
			<trkpt lat="46.5198697639" lon="7.7894468773">
				<ele>1975.9</ele>
			</trkpt>
			<trkpt lat="46.5198636981" lon="7.7894331160">
				<ele>1976.0</ele>
			</trkpt>
			<trkpt lat="46.5198332131" lon="7.7894181276">
				<ele>1976.5</ele>
			</trkpt>
			<trkpt lat="46.5198271702" lon="7.7893999743">
				<ele>1976.5</ele>
			</trkpt>
			<trkpt lat="46.5198165034" lon="7.7893933250">
				<ele>1977.1</ele>
			</trkpt>
			<trkpt lat="46.5197986141" lon="7.7893778575">
				<ele>1977.7</ele>
			</trkpt>
			<trkpt lat="46.5197823186" lon="7.7893442741">
				<ele>1977.9</ele>
			</trkpt>
			<trkpt lat="46.5197632827" lon="7.7893298944">
				<ele>1978.2</ele>
			</trkpt>
			<trkpt lat="46.5197514852" lon="7.7892962615">
				<ele>1978.5</ele>
			</trkpt>
			<trkpt lat="46.5197467197" lon="7.7892810483">
				<ele>1978.6</ele>
			</trkpt>
			<trkpt lat="46.5197115468" lon="7.7892926019">
				<ele>1979.2</ele>
			</trkpt>
			<trkpt lat="46.5196874766" lon="7.7892917812">
				<ele>1980.0</ele>
			</trkpt>
			<trkpt lat="46.5196663011" lon="7.7892916569">
				<ele>1980.6</ele>
			</trkpt>
			<trkpt lat="46.5196518440" lon="7.7892950304">
				<ele>1981.1</ele>
			</trkpt>
			<trkpt lat="46.5196253467" lon="7.7893024953">
				<ele>1981.6</ele>
			</trkpt>
			<trkpt lat="46.5196065919" lon="7.7892961707">
				<ele>1982.1</ele>
			</trkpt>
			<trkpt lat="46.5196076212" lon="7.7892775288">
				<ele>1982.6</ele>
			</trkpt>
			<trkpt lat="46.5196115395" lon="7.7892582152">
				<ele>1983.3</ele>
			</trkpt>
			<trkpt lat="46.5196058246" lon="7.7892416025">
				<ele>1983.6</ele>
			</trkpt>
			<trkpt lat="46.5196025266" lon="7.7892201702">
				<ele>1983.6</ele>
			</trkpt>
			<trkpt lat="46.5196107847" lon="7.7891967280">
				<ele>1983.7</ele>
			</trkpt>
			<trkpt lat="46.5196147057" lon="7.7891767240">
				<ele>1983.8</ele>
			</trkpt>
			<trkpt lat="46.5196085903" lon="7.7891352434">
				<ele>1984.2</ele>
			</trkpt>
			<trkpt lat="46.5195932500" lon="7.7891185810">
				<ele>1984.7</ele>
			</trkpt>
			<trkpt lat="46.5195851306" lon="7.7890998807">
				<ele>1985.2</ele>
			</trkpt>
			<trkpt lat="46.5195819843" lon="7.7890349372">
				<ele>1986.6</ele>
			</trkpt>
			<trkpt lat="46.5195854470" lon="7.7890059512">
				<ele>1987.2</ele>
			</trkpt>
			<trkpt lat="46.5195652579" lon="7.7889982359">
				<ele>1988.1</ele>
			</trkpt>
			<trkpt lat="46.5195225361" lon="7.7889634654">
				<ele>1989.8</ele>
			</trkpt>
			<trkpt lat="46.5195004045" lon="7.7889612766">
				<ele>1990.7</ele>
			</trkpt>
			<trkpt lat="46.5194864718" lon="7.7889549833">
				<ele>1991.2</ele>
			</trkpt>
			<trkpt lat="46.5194802509" lon="7.7889418336">
				<ele>1991.7</ele>
			</trkpt>
			<trkpt lat="46.5194976841" lon="7.7889129117">
				<ele>1992.9</ele>
			</trkpt>
			<trkpt lat="46.5194905122" lon="7.7888990646">
				<ele>1993.6</ele>
			</trkpt>
			<trkpt lat="46.5195026016" lon="7.7888818504">
				<ele>1994.2</ele>
			</trkpt>
			<trkpt lat="46.5194891641" lon="7.7888693444">
				<ele>1995.0</ele>
			</trkpt>
			<trkpt lat="46.5194622456" lon="7.7888588495">
				<ele>1995.6</ele>
			</trkpt>
			<trkpt lat="46.5194304097" lon="7.7888793897">
				<ele>1995.8</ele>
			</trkpt>
			<trkpt lat="46.5194102179" lon="7.7888723783">
				<ele>1996.6</ele>
			</trkpt>
			<trkpt lat="46.5193967576" lon="7.7888674697">
				<ele>1997.7</ele>
			</trkpt>
			<trkpt lat="46.5193692375" lon="7.7888915047">
				<ele>1999.1</ele>
			</trkpt>
			<trkpt lat="46.5193394073" lon="7.7888858126">
				<ele>2000.1</ele>
			</trkpt>
			<trkpt lat="46.5193230208" lon="7.7888933169">
				<ele>2000.6</ele>
			</trkpt>
			<trkpt lat="46.5193047566" lon="7.7888856276">
				<ele>2001.3</ele>
			</trkpt>
			<trkpt lat="46.5193043305" lon="7.7888690483">
				<ele>2002.0</ele>
			</trkpt>
			<trkpt lat="46.5193077741" lon="7.7888462655">
				<ele>2002.4</ele>
			</trkpt>
			<trkpt lat="46.5193194339" lon="7.7888166294">
				<ele>2003.4</ele>
			</trkpt>
			<trkpt lat="46.5193315916" lon="7.7887800895">
				<ele>2003.8</ele>
			</trkpt>
			<trkpt lat="46.5193270686" lon="7.7887561735">
				<ele>2004.9</ele>
			</trkpt>
			<trkpt lat="46.5193626634" lon="7.7887127610">
				<ele>2005.1</ele>
			</trkpt>
			<trkpt lat="46.5193787605" lon="7.7886881700">
				<ele>2004.8</ele>
			</trkpt>
			<trkpt lat="46.5193880118" lon="7.7886577620">
				<ele>2005.4</ele>
			</trkpt>
			<trkpt lat="46.5193972377" lon="7.7886355899">
				<ele>2005.9</ele>
			</trkpt>
			<trkpt lat="46.5194133140" lon="7.7886175805">
				<ele>2006.3</ele>
			</trkpt>
			<trkpt lat="46.5194327838" lon="7.7886078285">
				<ele>2006.7</ele>
			</trkpt>
			<trkpt lat="46.5194643084" lon="7.7885833371">
				<ele>2007.9</ele>
			</trkpt>
			<trkpt lat="46.5195066422" lon="7.7885745663">
				<ele>2008.5</ele>
			</trkpt>
			<trkpt lat="46.5195147179" lon="7.7885548628">
				<ele>2008.9</ele>
			</trkpt>
			<trkpt lat="46.5195313588" lon="7.7885376778">
				<ele>2009.3</ele>
			</trkpt>
			<trkpt lat="46.5195268638" lon="7.7885162379">
				<ele>2009.9</ele>
			</trkpt>
			<trkpt lat="46.5195480769" lon="7.7884982608">
				<ele>2010.5</ele>
			</trkpt>
			<trkpt lat="46.5195561608" lon="7.7884760813">
				<ele>2011.0</ele>
			</trkpt>
			<trkpt lat="46.5195505130" lon="7.7884579308">
				<ele>2011.5</ele>
			</trkpt>
			<trkpt lat="46.5195797892" lon="7.7884243550">
				<ele>2012.9</ele>
			</trkpt>
			<trkpt lat="46.5195878333" lon="7.7884120666">
				<ele>2013.3</ele>
			</trkpt>
			<trkpt lat="46.5196044843" lon="7.7883915840">
				<ele>2014.0</ele>
			</trkpt>
			<trkpt lat="46.5196170348" lon="7.7883999004">
				<ele>2014.6</ele>
			</trkpt>
			<trkpt lat="46.5196330774" lon="7.7883901396">
				<ele>2015.1</ele>
			</trkpt>
			<trkpt lat="46.5196548217" lon="7.7883836990">
				<ele>2015.6</ele>
			</trkpt>
			<trkpt lat="46.5196743787" lon="7.7883484187">
				<ele>2016.5</ele>
			</trkpt>
			<trkpt lat="46.5196858492" lon="7.7883394357">
				<ele>2016.7</ele>
			</trkpt>
			<trkpt lat="46.5197344959" lon="7.7883224692">
				<ele>2018.3</ele>
			</trkpt>
			<trkpt lat="46.5197460283" lon="7.7882961941">
				<ele>2018.8</ele>
			</trkpt>
			<trkpt lat="46.5197683789" lon="7.7882798794">
				<ele>2020.1</ele>
			</trkpt>
			<trkpt lat="46.5197885017" lon="7.7882478995">
				<ele>2021.0</ele>
			</trkpt>
			<trkpt lat="46.5198062480" lon="7.7882397778">
				<ele>2021.1</ele>
			</trkpt>
			<trkpt lat="46.5198246971" lon="7.7881962540">
				<ele>2021.0</ele>
			</trkpt>
			<trkpt lat="46.5198522943" lon="7.7881528027">
				<ele>2021.1</ele>
			</trkpt>
			<trkpt lat="46.5198827552" lon="7.7881085347">
				<ele>2021.2</ele>
			</trkpt>
			<trkpt lat="46.5198995306" lon="7.7880534668">
				<ele>2021.7</ele>
			</trkpt>
			<trkpt lat="46.5198911070" lon="7.7880105912">
				<ele>2022.4</ele>
			</trkpt>
			<trkpt lat="46.5198781092" lon="7.7879693142">
				<ele>2023.3</ele>
			</trkpt>
			<trkpt lat="46.5198776222" lon="7.7879462584">
				<ele>2023.5</ele>
			</trkpt>
			<trkpt lat="46.5198903249" lon="7.7879109328">
				<ele>2024.2</ele>
			</trkpt>
			<trkpt lat="46.5199087335" lon="7.7878805833">
				<ele>2025.0</ele>
			</trkpt>
			<trkpt lat="46.5199191510" lon="7.7878452438">
				<ele>2025.3</ele>
			</trkpt>
			<trkpt lat="46.5199175620" lon="7.7878089925">
				<ele>2025.7</ele>
			</trkpt>
			<trkpt lat="46.5199315630" lon="7.7877316747">
				<ele>2026.1</ele>
			</trkpt>
			<trkpt lat="46.5199351511" lon="7.7876880422">
				<ele>2026.9</ele>
			</trkpt>
			<trkpt lat="46.5199438583" lon="7.7876502155">
				<ele>2027.1</ele>
			</trkpt>
			<trkpt lat="46.5199547969" lon="7.7876297085">
				<ele>2027.1</ele>
			</trkpt>
			<trkpt lat="46.5199542972" lon="7.7876107575">
				<ele>2027.2</ele>
			</trkpt>
			<trkpt lat="46.5199698831" lon="7.7875680357">
				<ele>2026.7</ele>
			</trkpt>
			<trkpt lat="46.5199660906" lon="7.7875111800">
				<ele>2027.0</ele>
			</trkpt>
			<trkpt lat="46.5199707870" lon="7.7874758035">
				<ele>2027.1</ele>
			</trkpt>
			<trkpt lat="46.5199863597" lon="7.7874372001">
				<ele>2027.4</ele>
			</trkpt>
			<trkpt lat="46.5200192240" lon="7.7873600036">
				<ele>2028.0</ele>
			</trkpt>
			<trkpt lat="46.5200319908" lon="7.7873065648">
				<ele>2028.9</ele>
			</trkpt>
			<trkpt lat="46.5200481916" lon="7.7872539689">
				<ele>2029.4</ele>
			</trkpt>
			<trkpt lat="46.5200642715" lon="7.7872318404">
				<ele>2029.5</ele>
			</trkpt>
			<trkpt lat="46.5200792283" lon="7.7872064070">
				<ele>2029.5</ele>
			</trkpt>
			<trkpt lat="46.5200908084" lon="7.7871644809">
				<ele>2029.8</ele>
			</trkpt>
			<trkpt lat="46.5201184575" lon="7.7871070192">
				<ele>2030.1</ele>
			</trkpt>
			<trkpt lat="46.5201403258" lon="7.7870659928">
				<ele>2030.0</ele>
			</trkpt>
			<trkpt lat="46.5201623030" lon="7.7869953204">
				<ele>2030.0</ele>
			</trkpt>
			<trkpt lat="46.5201784885" lon="7.7869476627">
				<ele>2029.8</ele>
			</trkpt>
			<trkpt lat="46.5201928276" lon="7.7869329384">
				<ele>2029.1</ele>
			</trkpt>
			<trkpt lat="46.5202203231" lon="7.7869166426">
				<ele>2028.2</ele>
			</trkpt>
			<trkpt lat="46.5202421439" lon="7.7868912666">
				<ele>2027.7</ele>
			</trkpt>
			<trkpt lat="46.5202795202" lon="7.7868297502">
				<ele>2026.4</ele>
			</trkpt>
			<trkpt lat="46.5203167982" lon="7.7867945955">
				<ele>2025.4</ele>
			</trkpt>
			<trkpt lat="46.5203678525" lon="7.7867463536">
				<ele>2024.0</ele>
			</trkpt>
			<trkpt lat="46.5203908658" lon="7.7867045007">
				<ele>2023.4</ele>
			</trkpt>
			<trkpt lat="46.5204208068" lon="7.7866445906">
				<ele>2022.6</ele>
			</trkpt>
			<trkpt lat="46.5204518802" lon="7.7865879719">
				<ele>2022.3</ele>
			</trkpt>
			<trkpt lat="46.5204840937" lon="7.7865321805">
				<ele>2021.8</ele>
			</trkpt>
			<trkpt lat="46.5205019020" lon="7.7865067793">
				<ele>2021.6</ele>
			</trkpt>
			<trkpt lat="46.5205305462" lon="7.7864913249">
				<ele>2020.6</ele>
			</trkpt>
			<trkpt lat="46.5205569096" lon="7.7864717381">
				<ele>2020.2</ele>
			</trkpt>
			<trkpt lat="46.5205666790" lon="7.7864569834">
				<ele>2020.1</ele>
			</trkpt>
			<trkpt lat="46.5205765799" lon="7.7864051671">
				<ele>2019.9</ele>
			</trkpt>
			<trkpt lat="46.5205887055" lon="7.7863731220">
				<ele>2019.4</ele>
			</trkpt>
			<trkpt lat="46.5206350895" lon="7.7863487377">
				<ele>2017.6</ele>
			</trkpt>
			<trkpt lat="46.5206761638" lon="7.7863163566">
				<ele>2015.7</ele>
			</trkpt>
			<trkpt lat="46.5207178722" lon="7.7862737490">
				<ele>2014.2</ele>
			</trkpt>
			<trkpt lat="46.5207588260" lon="7.7862073279">
				<ele>2012.8</ele>
			</trkpt>
			<trkpt lat="46.5207973386" lon="7.7861301657">
				<ele>2011.8</ele>
			</trkpt>
			<trkpt lat="46.5208276025" lon="7.7860350970">
				<ele>2011.3</ele>
			</trkpt>
			<trkpt lat="46.5208619883" lon="7.7859483952">
				<ele>2010.3</ele>
			</trkpt>
			<trkpt lat="46.5209106144" lon="7.7858319935">
				<ele>2009.9</ele>
			</trkpt>
			<trkpt lat="46.5209509289" lon="7.7857155511">
				<ele>2010.2</ele>
			</trkpt>
			<trkpt lat="46.5209828789" lon="7.7856133515">
				<ele>2010.2</ele>
			</trkpt>
			<trkpt lat="46.5210123673" lon="7.7855039806">
				<ele>2010.5</ele>
			</trkpt>
			<trkpt lat="46.5210409251" lon="7.7854196128">
				<ele>2009.7</ele>
			</trkpt>
			<trkpt lat="46.5210753068" lon="7.7853340961">
				<ele>2008.1</ele>
			</trkpt>
			<trkpt lat="46.5211005195" lon="7.7852580338">
				<ele>2007.4</ele>
			</trkpt>
			<trkpt lat="46.5211381641" lon="7.7851880196">
				<ele>2006.3</ele>
			</trkpt>
			<trkpt lat="46.5211699266" lon="7.7851382061">
				<ele>2005.2</ele>
			</trkpt>
			<trkpt lat="46.5211925372" lon="7.7850895330">
				<ele>2004.2</ele>
			</trkpt>
			<trkpt lat="46.5212038625" lon="7.7849478830">
				<ele>2003.2</ele>
			</trkpt>
			<trkpt lat="46.5212176543" lon="7.7848146020">
				<ele>2002.3</ele>
			</trkpt>
			<trkpt lat="46.5212313388" lon="7.7847075016">
				<ele>2001.9</ele>
			</trkpt>
			<trkpt lat="46.5212584435" lon="7.7845683499">
				<ele>2002.1</ele>
			</trkpt>
			<trkpt lat="46.5212719937" lon="7.7844993672">
				<ele>2002.3</ele>
			</trkpt>
			<trkpt lat="46.5212912577" lon="7.7844566149">
				<ele>2002.4</ele>
			</trkpt>
			<trkpt lat="46.5213371609" lon="7.7844009485">
				<ele>2001.6</ele>
			</trkpt>
			<trkpt lat="46.5213489207" lon="7.7843676748">
				<ele>2001.1</ele>
			</trkpt>
			<trkpt lat="46.5213523685" lon="7.7843343481">
				<ele>2000.8</ele>
			</trkpt>
			<trkpt lat="46.5213369516" lon="7.7842330304">
				<ele>2000.6</ele>
			</trkpt>
			<trkpt lat="46.5213530009" lon="7.7841616784">
				<ele>2000.3</ele>
			</trkpt>
			<trkpt lat="46.5213591662" lon="7.7840688258">
				<ele>2000.2</ele>
			</trkpt>
			<trkpt lat="46.5213822823" lon="7.7838832022">
				<ele>1999.0</ele>
			</trkpt>
			<trkpt lat="46.5213896306" lon="7.7836938942">
				<ele>1997.6</ele>
			</trkpt>
			<trkpt lat="46.5213902859" lon="7.7835164548">
				<ele>1996.3</ele>
			</trkpt>
			<trkpt lat="46.5213946548" lon="7.7834581250">
				<ele>1995.3</ele>
			</trkpt>
			<trkpt lat="46.5213799428" lon="7.7833913470">
				<ele>1994.5</ele>
			</trkpt>
			<trkpt lat="46.5213721108" lon="7.7832626711">
				<ele>1993.4</ele>
			</trkpt>
			<trkpt lat="46.5213656577" lon="7.7831597816">
				<ele>1991.3</ele>
			</trkpt>
			<trkpt lat="46.5213401336" lon="7.7831044291">
				<ele>1990.3</ele>
			</trkpt>
			<trkpt lat="46.5213271166" lon="7.7830689256">
				<ele>1989.6</ele>
			</trkpt>
			<trkpt lat="46.5213215422" lon="7.7830293508">
				<ele>1988.6</ele>
			</trkpt>
			<trkpt lat="46.5213091679" lon="7.7829716189">
				<ele>1987.9</ele>
			</trkpt>
			<trkpt lat="46.5212978008" lon="7.7829525980">
				<ele>1987.7</ele>
			</trkpt>
			<trkpt lat="46.5212939199" lon="7.7829212836">
				<ele>1987.4</ele>
			</trkpt>
			<trkpt lat="46.5212831736" lon="7.7828874363">
				<ele>1986.6</ele>
			</trkpt>
			<trkpt lat="46.5212855998" lon="7.7828495680">
				<ele>1985.7</ele>
			</trkpt>
			<trkpt lat="46.5212805009" lon="7.7828371814">
				<ele>1985.5</ele>
			</trkpt>
			<trkpt lat="46.5212702426" lon="7.7828264040">
				<ele>1985.3</ele>
			</trkpt>
			<trkpt lat="46.5212577772" lon="7.7827958428">
				<ele>1985.2</ele>
			</trkpt>
			<trkpt lat="46.5212471007" lon="7.7827447158">
				<ele>1984.1</ele>
			</trkpt>
			<trkpt lat="46.5212512417" lon="7.7826902686">
				<ele>1983.2</ele>
			</trkpt>
			<trkpt lat="46.5212607181" lon="7.7825998217">
				<ele>1981.5</ele>
			</trkpt>
			<trkpt lat="46.5212667651" lon="7.7825367465">
				<ele>1980.1</ele>
			</trkpt>
			<trkpt lat="46.5212512390" lon="7.7824651806">
				<ele>1979.6</ele>
			</trkpt>
			<trkpt lat="46.5212298225" lon="7.7824138423">
				<ele>1979.0</ele>
			</trkpt>
			<trkpt lat="46.5212366196" lon="7.7823733948">
				<ele>1978.3</ele>
			</trkpt>
			<trkpt lat="46.5212384928" lon="7.7823162487">
				<ele>1977.7</ele>
			</trkpt>
			<trkpt lat="46.5212228549" lon="7.7822756462">
				<ele>1977.0</ele>
			</trkpt>
			<trkpt lat="46.5212429059" lon="7.7822460085">
				<ele>1976.2</ele>
			</trkpt>
			<trkpt lat="46.5212559001" lon="7.7822028378">
				<ele>1975.4</ele>
			</trkpt>
			<trkpt lat="46.5212583023" lon="7.7821699080">
				<ele>1974.7</ele>
			</trkpt>
			<trkpt lat="46.5212767591" lon="7.7821230972">
				<ele>1973.4</ele>
			</trkpt>
			<trkpt lat="46.5212665785" lon="7.7820925507">
				<ele>1972.8</ele>
			</trkpt>
			<trkpt lat="46.5212604204" lon="7.7820554488">
				<ele>1971.9</ele>
			</trkpt>
			<trkpt lat="46.5212685237" lon="7.7820291495">
				<ele>1970.5</ele>
			</trkpt>
			<trkpt lat="46.5212629377" lon="7.7819903964">
				<ele>1969.7</ele>
			</trkpt>
			<trkpt lat="46.5212509864" lon="7.7819771451">
				<ele>1969.6</ele>
			</trkpt>
			<trkpt lat="46.5212545336" lon="7.7819434018">
				<ele>1968.4</ele>
			</trkpt>
			<trkpt lat="46.5212506357" lon="7.7819145503">
				<ele>1968.0</ele>
			</trkpt>
			<trkpt lat="46.5212701927" lon="7.7818817296">
				<ele>1966.4</ele>
			</trkpt>
			<trkpt lat="46.5212754976" lon="7.7818348221">
				<ele>1965.0</ele>
			</trkpt>
			<trkpt lat="46.5212705572" lon="7.7817787795">
				<ele>1964.1</ele>
			</trkpt>
			<trkpt lat="46.5212821154" lon="7.7817434448">
				<ele>1963.7</ele>
			</trkpt>
			<trkpt lat="46.5212993729" lon="7.7817122643">
				<ele>1963.4</ele>
			</trkpt>
			<trkpt lat="46.5213185254" lon="7.7816316787">
				<ele>1963.2</ele>
			</trkpt>
			<trkpt lat="46.5213507458" lon="7.7815726002">
				<ele>1962.8</ele>
			</trkpt>
			<trkpt lat="46.5213599996" lon="7.7815438320">
				<ele>1962.6</ele>
			</trkpt>
			<trkpt lat="46.5213669128" lon="7.7815274164">
				<ele>1962.6</ele>
			</trkpt>
			<trkpt lat="46.5213795758" lon="7.7815044298">
				<ele>1962.5</ele>
			</trkpt>
			<trkpt lat="46.5213944976" lon="7.7814872440">
				<ele>1962.4</ele>
			</trkpt>
			<trkpt lat="46.5214019967" lon="7.7814675217">
				<ele>1962.4</ele>
			</trkpt>
			<trkpt lat="46.5214100663" lon="7.7814494583">
				<ele>1962.4</ele>
			</trkpt>
			<trkpt lat="46.5214220973" lon="7.7814421324">
				<ele>1962.3</ele>
			</trkpt>
			<trkpt lat="46.5214438615" lon="7.7814290947">
				<ele>1962.1</ele>
			</trkpt>
			<trkpt lat="46.5215084803" lon="7.7814221145">
				<ele>1961.3</ele>
			</trkpt>
			<trkpt lat="46.5215205380" lon="7.7814090285">
				<ele>1961.2</ele>
			</trkpt>
			<trkpt lat="46.5215372815" lon="7.7813605379">
				<ele>1961.3</ele>
			</trkpt>
			<trkpt lat="46.5215585196" lon="7.7813367976">
				<ele>1961.2</ele>
			</trkpt>
			<trkpt lat="46.5215849872" lon="7.7812883817">
				<ele>1960.9</ele>
			</trkpt>
			<trkpt lat="46.5215850896" lon="7.7812603896">
				<ele>1961.0</ele>
			</trkpt>
			<trkpt lat="46.5216007092" lon="7.7812086078">
				<ele>1961.3</ele>
			</trkpt>
			<trkpt lat="46.5215962401" lon="7.7811780975">
				<ele>1961.7</ele>
			</trkpt>
			<trkpt lat="46.5215947004" lon="7.7811278493">
				<ele>1962.1</ele>
			</trkpt>
			<trkpt lat="46.5216171102" lon="7.7810975221">
				<ele>1961.9</ele>
			</trkpt>
			<trkpt lat="46.5216235851" lon="7.7810831625">
				<ele>1961.9</ele>
			</trkpt>
			<trkpt lat="46.5216227542" lon="7.7810544086">
				<ele>1962.1</ele>
			</trkpt>
			<trkpt lat="46.5216261438" lon="7.7810222017">
				<ele>1962.3</ele>
			</trkpt>
			<trkpt lat="46.5216316380" lon="7.7809899951">
				<ele>1962.5</ele>
			</trkpt>
			<trkpt lat="46.5216316699" lon="7.7809764942">
				<ele>1962.5</ele>
			</trkpt>
			<trkpt lat="46.5216278290" lon="7.7809525171">
				<ele>1962.7</ele>
			</trkpt>
			<trkpt lat="46.5216390959" lon="7.7808942177">
				<ele>1962.9</ele>
			</trkpt>
			<trkpt lat="46.5216552192" lon="7.7808154756">
				<ele>1963.2</ele>
			</trkpt>
			<trkpt lat="46.5216827960" lon="7.7807211152">
				<ele>1963.6</ele>
			</trkpt>
			<trkpt lat="46.5216933802" lon="7.7806924334">
				<ele>1963.7</ele>
			</trkpt>
			<trkpt lat="46.5217085146" lon="7.7806463432">
				<ele>1963.7</ele>
			</trkpt>
			<trkpt lat="46.5217089572" lon="7.7805918981">
				<ele>1963.7</ele>
			</trkpt>
			<trkpt lat="46.5217150571" lon="7.7805557857">
				<ele>1963.7</ele>
			</trkpt>
			<trkpt lat="46.5217395427" lon="7.7804962533">
				<ele>1963.7</ele>
			</trkpt>
			<trkpt lat="46.5217438093" lon="7.7804714541">
				<ele>1963.7</ele>
			</trkpt>
			<trkpt lat="46.5217514949" lon="7.7804044265">
				<ele>1964.2</ele>
			</trkpt>
			<trkpt lat="46.5217519440" lon="7.7803478049">
				<ele>1964.7</ele>
			</trkpt>
			<trkpt lat="46.5217586139" lon="7.7803225778">
				<ele>1964.8</ele>
			</trkpt>
			<trkpt lat="46.5217827599" lon="7.7802769876">
				<ele>1965.2</ele>
			</trkpt>
			<trkpt lat="46.5217870173" lon="7.7802552246">
				<ele>1965.3</ele>
			</trkpt>
			<trkpt lat="46.5217846758" lon="7.7802321301">
				<ele>1965.4</ele>
			</trkpt>
			<trkpt lat="46.5217865709" lon="7.7801972943">
				<ele>1965.6</ele>
			</trkpt>
			<trkpt lat="46.5217944668" lon="7.7801620532">
				<ele>1965.9</ele>
			</trkpt>
			<trkpt lat="46.5217957442" lon="7.7801350587">
				<ele>1966.0</ele>
			</trkpt>
			<trkpt lat="46.5218127512" lon="7.7800615477">
				<ele>1966.2</ele>
			</trkpt>
			<trkpt lat="46.5218152699" lon="7.7800166941">
				<ele>1966.3</ele>
			</trkpt>
			<trkpt lat="46.5218231802" lon="7.7799797197">
				<ele>1966.5</ele>
			</trkpt>
			<trkpt lat="46.5218421970" lon="7.7799406260">
				<ele>1966.5</ele>
			</trkpt>
			<trkpt lat="46.5218633442" lon="7.7798932832">
				<ele>1966.6</ele>
			</trkpt>
			<trkpt lat="46.5218799598" lon="7.7798572239">
				<ele>1966.6</ele>
			</trkpt>
			<trkpt lat="46.5218893694" lon="7.7798180825">
				<ele>1966.9</ele>
			</trkpt>
			<trkpt lat="46.5218933849" lon="7.7797749846">
				<ele>1967.3</ele>
			</trkpt>
			<trkpt lat="46.5219079336" lon="7.7797232344">
				<ele>1967.6</ele>
			</trkpt>
			<trkpt lat="46.5219180091" lon="7.7796601312">
				<ele>1968.1</ele>
			</trkpt>
			<trkpt lat="46.5219355445" lon="7.7796140687">
				<ele>1967.9</ele>
			</trkpt>
			<trkpt lat="46.5219410389" lon="7.7795818619">
				<ele>1967.9</ele>
			</trkpt>
			<trkpt lat="46.5219564142" lon="7.7795601820">
				<ele>1967.8</ele>
			</trkpt>
			<trkpt lat="46.5219627978" lon="7.7795284107">
				<ele>1967.8</ele>
			</trkpt>
			<trkpt lat="46.5219634905" lon="7.7794953135">
				<ele>1967.6</ele>
			</trkpt>
			<trkpt lat="46.5219711448" lon="7.7794387370">
				<ele>1967.5</ele>
			</trkpt>
			<trkpt lat="46.5219775117" lon="7.7794152541">
				<ele>1967.5</ele>
			</trkpt>
			<trkpt lat="46.5220247791" lon="7.7793689225">
				<ele>1966.6</ele>
			</trkpt>
			<trkpt lat="46.5220641987" lon="7.7793417116">
				<ele>1966.3</ele>
			</trkpt>
			<trkpt lat="46.5220894996" lon="7.7793131218">
				<ele>1965.9</ele>
			</trkpt>
			<trkpt lat="46.5221135645" lon="7.7792975824">
				<ele>1965.8</ele>
			</trkpt>
			<trkpt lat="46.5221382244" lon="7.7792846532">
				<ele>1965.6</ele>
			</trkpt>
			<trkpt lat="46.5221503038" lon="7.7792612061">
				<ele>1966.2</ele>
			</trkpt>
			<trkpt lat="46.5221623353" lon="7.7792538665">
				<ele>1966.2</ele>
			</trkpt>
			<trkpt lat="46.5221782638" lon="7.7792487407">
				<ele>1966.2</ele>
			</trkpt>
			<trkpt lat="46.5222035227" lon="7.7792371314">
				<ele>1966.3</ele>
			</trkpt>
			<trkpt lat="46.5222275889" lon="7.7792211489">
				<ele>1966.7</ele>
			</trkpt>
			<trkpt lat="46.5222480376" lon="7.7792116858">
				<ele>1967.0</ele>
			</trkpt>
			<trkpt lat="46.5222672676" lon="7.7792065801">
				<ele>1967.5</ele>
			</trkpt>
			<trkpt lat="46.5222877239" lon="7.7791944982">
				<ele>1967.9</ele>
			</trkpt>
			<trkpt lat="46.5223048882" lon="7.7791763089">
				<ele>1968.5</ele>
			</trkpt>
			<trkpt lat="46.5223283452" lon="7.7791655614">
				<ele>1969.2</ele>
			</trkpt>
			<trkpt lat="46.5223376922" lon="7.7791503725">
				<ele>1969.5</ele>
			</trkpt>
			<trkpt lat="46.5223665530" lon="7.7791405190">
				<ele>1970.1</ele>
			</trkpt>
			<trkpt lat="46.5223792249" lon="7.7791175056">
				<ele>1970.9</ele>
			</trkpt>
			<trkpt lat="46.5224024466" lon="7.7790801839">
				<ele>1972.0</ele>
			</trkpt>
			<trkpt lat="46.5224129716" lon="7.7790741509">
				<ele>1972.3</ele>
			</trkpt>
			<trkpt lat="46.5224196263" lon="7.7790567687">
				<ele>1972.7</ele>
			</trkpt>
			<trkpt lat="46.5224403992" lon="7.7790381588">
				<ele>1973.2</ele>
			</trkpt>
			<trkpt lat="46.5224494612" lon="7.7790159958">
				<ele>1974.0</ele>
			</trkpt>
			<trkpt lat="46.5224336096" lon="7.7789923860">
				<ele>1975.3</ele>
			</trkpt>
			<trkpt lat="46.5224243293" lon="7.7789792564">
				<ele>1975.7</ele>
			</trkpt>
			<trkpt lat="46.5224120549" lon="7.7789656779">
				<ele>1976.4</ele>
			</trkpt>
			<trkpt lat="46.5224171878" lon="7.7789548282">
				<ele>1976.6</ele>
			</trkpt>
			<trkpt lat="46.5224295199" lon="7.7789461871">
				<ele>1977.2</ele>
			</trkpt>
			<trkpt lat="46.5224391466" lon="7.7789427550">
				<ele>1977.6</ele>
			</trkpt>
			<trkpt lat="46.5224589650" lon="7.7789424364">
				<ele>1978.3</ele>
			</trkpt>
			<trkpt lat="46.5224917729" lon="7.7789151965">
				<ele>1979.8</ele>
			</trkpt>
			<trkpt lat="46.5225053062" lon="7.7789078662">
				<ele>1980.3</ele>
			</trkpt>
			<trkpt lat="46.5225236173" lon="7.7789092844">
				<ele>1981.2</ele>
			</trkpt>
			<trkpt lat="46.5225497467" lon="7.7789103087">
				<ele>1981.9</ele>
			</trkpt>
			<trkpt lat="46.5225593695" lon="7.7789051301">
				<ele>1982.4</ele>
			</trkpt>
			<trkpt lat="46.5225749844" lon="7.7789056583">
				<ele>1982.6</ele>
			</trkpt>
			<trkpt lat="46.5225891062" lon="7.7789031275">
				<ele>1983.0</ele>
			</trkpt>
			<trkpt lat="46.5225999318" lon="7.7788988427">
				<ele>1983.4</ele>
			</trkpt>
			<trkpt lat="46.5226188718" lon="7.7788915463">
				<ele>1983.8</ele>
			</trkpt>
			<trkpt lat="46.5226377893" lon="7.7788916651">
				<ele>1984.2</ele>
			</trkpt>
			<trkpt lat="46.5226570284" lon="7.7788865470">
				<ele>1984.7</ele>
			</trkpt>
			<trkpt lat="46.5226705812" lon="7.7788726876">
				<ele>1985.3</ele>
			</trkpt>
			<trkpt lat="46.5226679063" lon="7.7788587262">
				<ele>1985.9</ele>
			</trkpt>
			<trkpt lat="46.5226742475" lon="7.7788470109">
				<ele>1986.3</ele>
			</trkpt>
			<trkpt lat="46.5226883771" lon="7.7788418606">
				<ele>1986.7</ele>
			</trkpt>
			<trkpt lat="46.5227046431" lon="7.7788232354">
				<ele>1987.4</ele>
			</trkpt>
			<trkpt lat="46.5227238926" lon="7.7788115881">
				<ele>1987.9</ele>
			</trkpt>
			<trkpt lat="46.5227380079" lon="7.7788112336">
				<ele>1988.0</ele>
			</trkpt>
			<trkpt lat="46.5227479264" lon="7.7788095496">
				<ele>1988.0</ele>
			</trkpt>
			<trkpt lat="46.5227593651" lon="7.7787987264">
				<ele>1988.7</ele>
			</trkpt>
			<trkpt lat="46.5227738074" lon="7.7787883521">
				<ele>1989.3</ele>
			</trkpt>
			<trkpt lat="46.5227873341" lon="7.7787832111">
				<ele>1989.6</ele>
			</trkpt>
			<trkpt lat="46.5228096026" lon="7.7787667868">
				<ele>1990.5</ele>
			</trkpt>
			<trkpt lat="46.5228393839" lon="7.7787469301">
				<ele>1991.4</ele>
			</trkpt>
			<trkpt lat="46.5228511469" lon="7.7787300098">
				<ele>1992.1</ele>
			</trkpt>
			<trkpt lat="46.5228595760" lon="7.7787209140">
				<ele>1992.7</ele>
			</trkpt>
			<trkpt lat="46.5228695007" lon="7.7787170535">
				<ele>1993.3</ele>
			</trkpt>
			<trkpt lat="46.5228866272" lon="7.7787114920">
				<ele>1993.8</ele>
			</trkpt>
			<trkpt lat="46.5228986609" lon="7.7787063285">
				<ele>1994.1</ele>
			</trkpt>
			<trkpt lat="46.5229142928" lon="7.7786981511">
				<ele>1994.5</ele>
			</trkpt>
			<trkpt lat="46.5229491626" lon="7.7786883351">
				<ele>1994.8</ele>
			</trkpt>
			<trkpt lat="46.5229602876" lon="7.7786831659">
				<ele>1995.1</ele>
			</trkpt>
			<trkpt lat="46.5229705250" lon="7.7786710319">
				<ele>1995.6</ele>
			</trkpt>
			<trkpt lat="46.5229834713" lon="7.7786584848">
				<ele>1996.3</ele>
			</trkpt>
			<trkpt lat="46.5230015221" lon="7.7786477030">
				<ele>1996.8</ele>
			</trkpt>
			<trkpt lat="46.5230400119" lon="7.7786304942">
				<ele>1998.0</ele>
			</trkpt>
			<trkpt lat="46.5230514574" lon="7.7786174946">
				<ele>1998.9</ele>
			</trkpt>
			<trkpt lat="46.5230757918" lon="7.7786141546">
				<ele>1999.4</ele>
			</trkpt>
			<trkpt lat="46.5230857166" lon="7.7786072446">
				<ele>1999.5</ele>
			</trkpt>
			<trkpt lat="46.5230956585" lon="7.7785946786">
				<ele>2000.1</ele>
			</trkpt>
			<trkpt lat="46.5231191181" lon="7.7785830445">
				<ele>2000.8</ele>
			</trkpt>
			<trkpt lat="46.5231371699" lon="7.7785718326">
				<ele>2001.4</ele>
			</trkpt>
			<trkpt lat="46.5231753424" lon="7.7785585575">
				<ele>2002.4</ele>
			</trkpt>
			<trkpt lat="46.5232059865" lon="7.7785539409">
				<ele>2003.1</ele>
			</trkpt>
			<trkpt lat="46.5232255093" lon="7.7785531902">
				<ele>2003.7</ele>
			</trkpt>
			<trkpt lat="46.5232363453" lon="7.7785454127">
				<ele>2003.9</ele>
			</trkpt>
			<trkpt lat="46.5232592101" lon="7.7785281187">
				<ele>2004.5</ele>
			</trkpt>
			<trkpt lat="46.5232895939" lon="7.7785113155">
				<ele>2005.6</ele>
			</trkpt>
			<trkpt lat="46.5233159941" lon="7.7785210470">
				<ele>2006.2</ele>
			</trkpt>
			<trkpt lat="46.5233334055" lon="7.7785224590">
				<ele>2006.9</ele>
			</trkpt>
			<trkpt lat="46.5233424674" lon="7.7785033444">
				<ele>2007.4</ele>
			</trkpt>
			<trkpt lat="46.5233349849" lon="7.7784937188">
				<ele>2007.7</ele>
			</trkpt>
			<trkpt lat="46.5233335215" lon="7.7784806390">
				<ele>2008.1</ele>
			</trkpt>
			<trkpt lat="46.5233446337" lon="7.7784798353">
				<ele>2008.3</ele>
			</trkpt>
			<trkpt lat="46.5233566335" lon="7.7784860100">
				<ele>2008.4</ele>
			</trkpt>
			<trkpt lat="46.5233675125" lon="7.7784577591">
				<ele>2009.4</ele>
			</trkpt>
			<trkpt lat="46.5233891341" lon="7.7784591976">
				<ele>2010.1</ele>
			</trkpt>
			<trkpt lat="46.5233984640" lon="7.7784527129">
				<ele>2010.4</ele>
			</trkpt>
			<trkpt lat="46.5234080621" lon="7.7784558228">
				<ele>2010.6</ele>
			</trkpt>
			<trkpt lat="46.5234233971" lon="7.7784506802">
				<ele>2011.3</ele>
			</trkpt>
			<trkpt lat="46.5234441058" lon="7.7784564657">
				<ele>2012.1</ele>
			</trkpt>
			<trkpt lat="46.5234858032" lon="7.7784736956">
				<ele>2012.9</ele>
			</trkpt>
			<trkpt lat="46.5235224644" lon="7.7784665105">
				<ele>2014.7</ele>
			</trkpt>
			<trkpt lat="46.5235615231" lon="7.7784606434">
				<ele>2016.7</ele>
			</trkpt>
			<trkpt lat="46.5236003073" lon="7.7784443224">
				<ele>2018.6</ele>
			</trkpt>
			<trkpt lat="46.5236393636" lon="7.7784393159">
				<ele>2020.5</ele>
			</trkpt>
			<trkpt lat="46.5236723899" lon="7.7784412555">
				<ele>2022.0</ele>
			</trkpt>
			<trkpt lat="46.5236973516" lon="7.7784296443">
				<ele>2023.2</ele>
			</trkpt>
			<trkpt lat="46.5237187335" lon="7.7784058117">
				<ele>2025.0</ele>
			</trkpt>
			<trkpt lat="46.5237301594" lon="7.7783993400">
				<ele>2025.6</ele>
			</trkpt>
			<trkpt lat="46.5237695045" lon="7.7784000179">
				<ele>2028.0</ele>
			</trkpt>
			<trkpt lat="46.5238244699" lon="7.7783994622">
				<ele>2029.7</ele>
			</trkpt>
			<trkpt lat="46.5238770545" lon="7.7783858352">
				<ele>2032.0</ele>
			</trkpt>
			<trkpt lat="46.5239056313" lon="7.7783685766">
				<ele>2032.4</ele>
			</trkpt>
			<trkpt lat="46.5239315395" lon="7.7783382433">
				<ele>2032.4</ele>
			</trkpt>
			<trkpt lat="46.5239364592" lon="7.7782964527">
				<ele>2032.0</ele>
			</trkpt>
			<trkpt lat="46.5239507308" lon="7.7782346755">
				<ele>2031.2</ele>
			</trkpt>
			<trkpt lat="46.5239559238" lon="7.7782007329">
				<ele>2030.8</ele>
			</trkpt>
			<trkpt lat="46.5239536392" lon="7.7781554163">
				<ele>2030.6</ele>
			</trkpt>
			<trkpt lat="46.5239636618" lon="7.7781127843">
				<ele>2030.2</ele>
			</trkpt>
			<trkpt lat="46.5239809798" lon="7.7780340465">
				<ele>2029.7</ele>
			</trkpt>
			<trkpt lat="46.5239783554" lon="7.7780061528">
				<ele>2029.7</ele>
			</trkpt>
			<trkpt lat="46.5239904423" lon="7.7779770483">
				<ele>2029.0</ele>
			</trkpt>
			<trkpt lat="46.5239953789" lon="7.7779265381">
				<ele>2028.8</ele>
			</trkpt>
			<trkpt lat="46.5239960279" lon="7.7778868588">
				<ele>2028.9</ele>
			</trkpt>
			<trkpt lat="46.5239951985" lon="7.7778633418">
				<ele>2028.9</ele>
			</trkpt>
			<trkpt lat="46.5239993291" lon="7.7778326634">
				<ele>2028.8</ele>
			</trkpt>
			<trkpt lat="46.5240075016" lon="7.7778039782">
				<ele>2028.8</ele>
			</trkpt>
			<trkpt lat="46.5240121134" lon="7.7777628490">
				<ele>2028.8</ele>
			</trkpt>
			<trkpt lat="46.5240154171" lon="7.7777047320">
				<ele>2028.8</ele>
			</trkpt>
			<trkpt lat="46.5240105541" lon="7.7776733577">
				<ele>2028.9</ele>
			</trkpt>
			<trkpt lat="46.5240043759" lon="7.7776334655">
				<ele>2029.4</ele>
			</trkpt>
			<trkpt lat="46.5239905660" lon="7.7775857064">
				<ele>2030.1</ele>
			</trkpt>
			<trkpt lat="46.5239811799" lon="7.7775627881">
				<ele>2030.7</ele>
			</trkpt>
			<trkpt lat="46.5239686700" lon="7.7775346114">
				<ele>2031.3</ele>
			</trkpt>
			<trkpt lat="46.5239615928" lon="7.7774914682">
				<ele>2031.6</ele>
			</trkpt>
			<trkpt lat="46.5239612061" lon="7.7774672906">
				<ele>2031.8</ele>
			</trkpt>
			<trkpt lat="46.5239658505" lon="7.7774150715">
				<ele>2032.4</ele>
			</trkpt>
			<trkpt lat="46.5239753842" lon="7.7773824716">
				<ele>2033.0</ele>
			</trkpt>
			<trkpt lat="46.5239772697" lon="7.7773504746">
				<ele>2033.4</ele>
			</trkpt>
			<trkpt lat="46.5239710884" lon="7.7773086272">
				<ele>2033.5</ele>
			</trkpt>
			<trkpt lat="46.5239680379" lon="7.7772726905">
				<ele>2033.5</ele>
			</trkpt>
			<trkpt lat="46.5239649769" lon="7.7772432701">
				<ele>2033.5</ele>
			</trkpt>
			<trkpt lat="46.5239596155" lon="7.7772282106">
				<ele>2033.7</ele>
			</trkpt>
			<trkpt lat="46.5239506502" lon="7.7772209732">
				<ele>2034.1</ele>
			</trkpt>
			<trkpt lat="46.5239439589" lon="7.7771993748">
				<ele>2034.5</ele>
			</trkpt>
			<trkpt lat="46.5239431138" lon="7.7771810854">
				<ele>2034.8</ele>
			</trkpt>
			<trkpt lat="46.5239449837" lon="7.7771543144">
				<ele>2035.1</ele>
			</trkpt>
			<trkpt lat="46.5239432454" lon="7.7771307933">
				<ele>2035.2</ele>
			</trkpt>
			<trkpt lat="46.5239357576" lon="7.7770745625">
				<ele>2036.0</ele>
			</trkpt>
			<trkpt lat="46.5239277575" lon="7.7770392472">
				<ele>2037.1</ele>
			</trkpt>
			<trkpt lat="46.5239269473" lon="7.7770092013">
				<ele>2037.4</ele>
			</trkpt>
			<trkpt lat="46.5239184802" lon="7.7769797471">
				<ele>2037.9</ele>
			</trkpt>
			<trkpt lat="46.5239163486" lon="7.7769372745">
				<ele>2038.7</ele>
			</trkpt>
			<trkpt lat="46.5238976218" lon="7.7768790311">
				<ele>2040.1</ele>
			</trkpt>
			<trkpt lat="46.5238811325" lon="7.7768247137">
				<ele>2041.3</ele>
			</trkpt>
			<trkpt lat="46.5238633091" lon="7.7767651604">
				<ele>2042.4</ele>
			</trkpt>
			<trkpt lat="46.5238548749" lon="7.7767246148">
				<ele>2042.9</ele>
			</trkpt>
			<trkpt lat="46.5238405966" lon="7.7766859895">
				<ele>2043.9</ele>
			</trkpt>
			<trkpt lat="46.5238370923" lon="7.7766513387">
				<ele>2044.5</ele>
			</trkpt>
			<trkpt lat="46.5238295315" lon="7.7766225553">
				<ele>2045.2</ele>
			</trkpt>
			<trkpt lat="46.5238201160" lon="7.7766094385">
				<ele>2045.8</ele>
			</trkpt>
			<trkpt lat="46.5238224329" lon="7.7765865935">
				<ele>2046.2</ele>
			</trkpt>
			<trkpt lat="46.5238184572" lon="7.7765591354">
				<ele>2046.8</ele>
			</trkpt>
			<trkpt lat="46.5238032000" lon="7.7765472851">
				<ele>2047.5</ele>
			</trkpt>
			<trkpt lat="46.5237929503" lon="7.7765152125">
				<ele>2048.2</ele>
			</trkpt>
			<trkpt lat="46.5237751423" lon="7.7764504334">
				<ele>2049.3</ele>
			</trkpt>
			<trkpt lat="46.5237609489" lon="7.7763771942">
				<ele>2050.2</ele>
			</trkpt>
			<trkpt lat="46.5237691890" lon="7.7763256356">
				<ele>2050.8</ele>
			</trkpt>
			<trkpt lat="46.5237680058" lon="7.7762635804">
				<ele>2051.1</ele>
			</trkpt>
			<trkpt lat="46.5237677042" lon="7.7762106672">
				<ele>2051.1</ele>
			</trkpt>
			<trkpt lat="46.5237592427" lon="7.7761792580">
				<ele>2051.1</ele>
			</trkpt>
			<trkpt lat="46.5237503150" lon="7.7761563429">
				<ele>2051.1</ele>
			</trkpt>
			<trkpt lat="46.5237481462" lon="7.7761262887">
				<ele>2051.0</ele>
			</trkpt>
			<trkpt lat="46.5237436892" lon="7.7761125379">
				<ele>2051.0</ele>
			</trkpt>
			<trkpt lat="46.5237343080" lon="7.7760909245">
				<ele>2051.1</ele>
			</trkpt>
			<trkpt lat="46.5237289442" lon="7.7760765286">
				<ele>2051.1</ele>
			</trkpt>
			<trkpt lat="46.5237245239" lon="7.7760503707">
				<ele>2050.8</ele>
			</trkpt>
			<trkpt lat="46.5237173961" lon="7.7760241960">
				<ele>2050.6</ele>
			</trkpt>
			<trkpt lat="46.5236977751" lon="7.7759639813">
				<ele>2050.3</ele>
			</trkpt>
			<trkpt lat="46.5236812460" lon="7.7759259930">
				<ele>2050.2</ele>
			</trkpt>
			<trkpt lat="46.5236611558" lon="7.7758723171">
				<ele>2049.9</ele>
			</trkpt>
			<trkpt lat="46.5236482775" lon="7.7758134474">
				<ele>2049.7</ele>
			</trkpt>
			<trkpt lat="46.5236277792" lon="7.7757427736">
				<ele>2049.3</ele>
			</trkpt>
			<trkpt lat="46.5236099824" lon="7.7756740862">
				<ele>2049.3</ele>
			</trkpt>
			<trkpt lat="46.5235943428" lon="7.7756393617">
				<ele>2049.3</ele>
			</trkpt>
			<trkpt lat="46.5235894715" lon="7.7756105937">
				<ele>2049.4</ele>
			</trkpt>
			<trkpt lat="46.5235899973" lon="7.7755818609">
				<ele>2049.4</ele>
			</trkpt>
			<trkpt lat="46.5235837780" lon="7.7755556919">
				<ele>2049.3</ele>
			</trkpt>
			<trkpt lat="46.5235727045" lon="7.7754948784">
				<ele>2049.1</ele>
			</trkpt>
			<trkpt lat="46.5235651691" lon="7.7754543404">
				<ele>2048.9</ele>
			</trkpt>
			<trkpt lat="46.5235522058" lon="7.7754242064">
				<ele>2048.8</ele>
			</trkpt>
			<trkpt lat="46.5235329737" lon="7.7753875173">
				<ele>2048.8</ele>
			</trkpt>
			<trkpt lat="46.5235267432" lon="7.7753620006">
				<ele>2048.6</ele>
			</trkpt>
			<trkpt lat="46.5235228094" lon="7.7753234386">
				<ele>2048.6</ele>
			</trkpt>
			<trkpt lat="46.5235314590" lon="7.7752823363">
				<ele>2048.5</ele>
			</trkpt>
			<trkpt lat="46.5235405692" lon="7.7752405972">
				<ele>2049.0</ele>
			</trkpt>
			<trkpt lat="46.5235519167" lon="7.7752027825">
				<ele>2049.4</ele>
			</trkpt>
			<trkpt lat="46.5235654882" lon="7.7751734649">
				<ele>2049.9</ele>
			</trkpt>
			<trkpt lat="46.5235767777" lon="7.7751552510">
				<ele>2050.1</ele>
			</trkpt>
			<trkpt lat="46.5235853357" lon="7.7751481229">
				<ele>2050.1</ele>
			</trkpt>
			<trkpt lat="46.5235907754" lon="7.7751337823">
				<ele>2050.1</ele>
			</trkpt>
			<trkpt lat="46.5235985498" lon="7.7750874476">
				<ele>2050.1</ele>
			</trkpt>
			<trkpt lat="46.5236031534" lon="7.7750456805">
				<ele>2050.2</ele>
			</trkpt>
			<trkpt lat="46.5235974229" lon="7.7750031850">
				<ele>2050.6</ele>
			</trkpt>
			<trkpt lat="46.5235949181" lon="7.7749345793">
				<ele>2050.9</ele>
			</trkpt>
			<trkpt lat="46.5235914461" lon="7.7748888398">
				<ele>2050.9</ele>
			</trkpt>
			<trkpt lat="46.5235869992" lon="7.7748685602">
				<ele>2050.9</ele>
			</trkpt>
			<trkpt lat="46.5235722571" lon="7.7748345058">
				<ele>2051.2</ele>
			</trkpt>
			<trkpt lat="46.5235629360" lon="7.7747893814">
				<ele>2051.4</ele>
			</trkpt>
			<trkpt lat="46.5235522147" lon="7.7747645011">
				<ele>2051.6</ele>
			</trkpt>
			<trkpt lat="46.5235510442" lon="7.7746978582">
				<ele>2052.1</ele>
			</trkpt>
			<trkpt lat="46.5235538536" lon="7.7746573837">
				<ele>2052.5</ele>
			</trkpt>
			<trkpt lat="46.5235498894" lon="7.7746260028">
				<ele>2053.0</ele>
			</trkpt>
			<trkpt lat="46.5235482201" lon="7.7745789715">
				<ele>2053.3</ele>
			</trkpt>
			<trkpt lat="46.5235545968" lon="7.7745489577">
				<ele>2053.0</ele>
			</trkpt>
			<trkpt lat="46.5235574042" lon="7.7745091355">
				<ele>2052.7</ele>
			</trkpt>
			<trkpt lat="46.5235570323" lon="7.7744797313">
				<ele>2052.7</ele>
			</trkpt>
			<trkpt lat="46.5235535149" lon="7.7744522763">
				<ele>2052.7</ele>
			</trkpt>
			<trkpt lat="46.5235441204" lon="7.7744319789">
				<ele>2053.1</ele>
			</trkpt>
			<trkpt lat="46.5235518676" lon="7.7743947931">
				<ele>2052.9</ele>
			</trkpt>
			<trkpt lat="46.5235514565" lon="7.7743817183">
				<ele>2052.7</ele>
			</trkpt>
			<trkpt lat="46.5235456660" lon="7.7743594753">
				<ele>2052.8</ele>
			</trkpt>
			<trkpt lat="46.5235353732" lon="7.7743417789">
				<ele>2053.0</ele>
			</trkpt>
			<trkpt lat="46.5235237657" lon="7.7743123187">
				<ele>2053.4</ele>
			</trkpt>
			<trkpt lat="46.5235171102" lon="7.7742783145">
				<ele>2053.4</ele>
			</trkpt>
			<trkpt lat="46.5235257164" lon="7.7742548442">
				<ele>2053.5</ele>
			</trkpt>
			<trkpt lat="46.5235262672" lon="7.7742176266">
				<ele>2053.4</ele>
			</trkpt>
			<trkpt lat="46.5235286323" lon="7.7741751814">
				<ele>2053.2</ele>
			</trkpt>
			<trkpt lat="46.5235332887" lon="7.7741183752">
				<ele>2053.2</ele>
			</trkpt>
			<trkpt lat="46.5235437602" lon="7.7740694513">
				<ele>2053.2</ele>
			</trkpt>
			<trkpt lat="46.5235434074" lon="7.7740335318">
				<ele>2053.3</ele>
			</trkpt>
			<trkpt lat="46.5235453401" lon="7.7739852056">
				<ele>2053.2</ele>
			</trkpt>
			<trkpt lat="46.5235368680" lon="7.7739570685">
				<ele>2053.3</ele>
			</trkpt>
			<trkpt lat="46.5235388084" lon="7.7739061365">
				<ele>2053.1</ele>
			</trkpt>
			<trkpt lat="46.5235273331" lon="7.7738257196">
				<ele>2053.1</ele>
			</trkpt>
			<trkpt lat="46.5235229841" lon="7.7737721293">
				<ele>2052.9</ele>
			</trkpt>
			<trkpt lat="46.5235095428" lon="7.7737544137">
				<ele>2052.9</ele>
			</trkpt>
			<trkpt lat="46.5234998529" lon="7.7737427411">
				<ele>2053.0</ele>
			</trkpt>
			<trkpt lat="46.5234933221" lon="7.7737335523">
				<ele>2053.0</ele>
			</trkpt>
			<trkpt lat="46.5234870986" lon="7.7737239351">
				<ele>2052.7</ele>
			</trkpt>
			<trkpt lat="46.5234856617" lon="7.7737017056">
				<ele>2052.5</ele>
			</trkpt>
			<trkpt lat="46.5234890674" lon="7.7736785158">
				<ele>2052.5</ele>
			</trkpt>
			<trkpt lat="46.5234981177" lon="7.7736570161">
				<ele>2052.5</ele>
			</trkpt>
			<trkpt lat="46.5235184332" lon="7.7736284049">
				<ele>2052.4</ele>
			</trkpt>
			<trkpt lat="46.5235283962" lon="7.7736023362">
				<ele>2052.3</ele>
			</trkpt>
			<trkpt lat="46.5235324949" lon="7.7735821097">
				<ele>2052.2</ele>
			</trkpt>
			<trkpt lat="46.5235415372" lon="7.7735632293">
				<ele>2052.0</ele>
			</trkpt>
			<trkpt lat="46.5235622268" lon="7.7735633572">
				<ele>2051.7</ele>
			</trkpt>
			<trkpt lat="46.5235829326" lon="7.7735549875">
				<ele>2051.2</ele>
			</trkpt>
			<trkpt lat="46.5236072770" lon="7.7735329309">
				<ele>2050.9</ele>
			</trkpt>
			<trkpt lat="46.5236347954" lon="7.7734991380">
				<ele>2050.3</ele>
			</trkpt>
			<trkpt lat="46.5236442911" lon="7.7734789440">
				<ele>2050.2</ele>
			</trkpt>
			<trkpt lat="46.5236434896" lon="7.7734456283">
				<ele>2049.9</ele>
			</trkpt>
			<trkpt lat="46.5236481932" lon="7.7733666151">
				<ele>2049.4</ele>
			</trkpt>
			<trkpt lat="46.5236609453" lon="7.7733098722">
				<ele>2049.1</ele>
			</trkpt>
			<trkpt lat="46.5236687330" lon="7.7732557045">
				<ele>2048.6</ele>
			</trkpt>
			<trkpt lat="46.5236751055" lon="7.7732270077">
				<ele>2048.5</ele>
			</trkpt>
			<trkpt lat="46.5236995041" lon="7.7731833947">
				<ele>2048.4</ele>
			</trkpt>
			<trkpt lat="46.5237252669" lon="7.7731378230">
				<ele>2048.3</ele>
			</trkpt>
			<trkpt lat="46.5237328355" lon="7.7731121825">
				<ele>2048.4</ele>
			</trkpt>
			<trkpt lat="46.5237394549" lon="7.7730852196">
				<ele>2048.3</ele>
			</trkpt>
			<trkpt lat="46.5237496414" lon="7.7730626323">
				<ele>2048.4</ele>
			</trkpt>
			<trkpt lat="46.5237583354" lon="7.7730459259">
				<ele>2048.5</ele>
			</trkpt>
			<trkpt lat="46.5237786470" lon="7.7730186180">
				<ele>2048.6</ele>
			</trkpt>
			<trkpt lat="46.5238142611" lon="7.7729848748">
				<ele>2048.4</ele>
			</trkpt>
			<trkpt lat="46.5238206215" lon="7.7729633583">
				<ele>2048.5</ele>
			</trkpt>
			<trkpt lat="46.5238391673" lon="7.7729216641">
				<ele>2048.3</ele>
			</trkpt>
			<trkpt lat="46.5238745094" lon="7.7728212965">
				<ele>2047.8</ele>
			</trkpt>
			<trkpt lat="46.5238971389" lon="7.7727704791">
				<ele>2047.6</ele>
			</trkpt>
			<trkpt lat="46.5239395444" lon="7.7727184798">
				<ele>2047.5</ele>
			</trkpt>
			<trkpt lat="46.5239485961" lon="7.7726963283">
				<ele>2047.4</ele>
			</trkpt>
			<trkpt lat="46.5239578348" lon="7.7725891002">
				<ele>2047.4</ele>
			</trkpt>
			<trkpt lat="46.5239915141" lon="7.7724729530">
				<ele>2047.9</ele>
			</trkpt>
			<trkpt lat="46.5239917190" lon="7.7724031259">
				<ele>2048.4</ele>
			</trkpt>
			<trkpt lat="46.5240157576" lon="7.7723287922">
				<ele>2048.6</ele>
			</trkpt>
			<trkpt lat="46.5240416616" lon="7.7721613915">
				<ele>2048.9</ele>
			</trkpt>
			<trkpt lat="46.5240561039" lon="7.7720897070">
				<ele>2049.1</ele>
			</trkpt>
			<trkpt lat="46.5240819367" lon="7.7719614846">
				<ele>2049.4</ele>
			</trkpt>
			<trkpt lat="46.5240932682" lon="7.7718059964">
				<ele>2050.5</ele>
			</trkpt>
			<trkpt lat="46.5240351179" lon="7.7718251487">
				<ele>2052.7</ele>
			</trkpt>
			<trkpt lat="46.5239961514" lon="7.7718855500">
				<ele>2055.0</ele>
			</trkpt>
			<trkpt lat="46.5239325803" lon="7.7720048107">
				<ele>2058.9</ele>
			</trkpt>
			<trkpt lat="46.5238869470" lon="7.7720747232">
				<ele>2060.3</ele>
			</trkpt>
			<trkpt lat="46.5238502439" lon="7.7721271494">
				<ele>2061.4</ele>
			</trkpt>
			<trkpt lat="46.5238507493" lon="7.7720345556">
				<ele>2063.1</ele>
			</trkpt>
			<trkpt lat="46.5238284306" lon="7.7720807099">
				<ele>2064.2</ele>
			</trkpt>
			<trkpt lat="46.5237945426" lon="7.7720197962">
				<ele>2066.7</ele>
			</trkpt>
			<trkpt lat="46.5237770773" lon="7.7719845523">
				<ele>2067.5</ele>
			</trkpt>
			<trkpt lat="46.5237351448" lon="7.7719826652">
				<ele>2070.6</ele>
			</trkpt>
			<trkpt lat="46.5236875421" lon="7.7720094675">
				<ele>2073.5</ele>
			</trkpt>
			<trkpt lat="46.5236324649" lon="7.7719899186">
				<ele>2077.0</ele>
			</trkpt>
			<trkpt lat="46.5235884163" lon="7.7719704504">
				<ele>2079.0</ele>
			</trkpt>
			<trkpt lat="46.5235532649" lon="7.7719414717">
				<ele>2079.9</ele>
			</trkpt>
			<trkpt lat="46.5235224944" lon="7.7719156994">
				<ele>2081.9</ele>
			</trkpt>
			<trkpt lat="46.5235067551" lon="7.7719698699">
				<ele>2082.5</ele>
			</trkpt>
			<trkpt lat="46.5234881742" lon="7.7719346202">
				<ele>2083.4</ele>
			</trkpt>
			<trkpt lat="46.5234615125" lon="7.7719679489">
				<ele>2084.2</ele>
			</trkpt>
			<trkpt lat="46.5234372795" lon="7.7719582084">
				<ele>2085.5</ele>
			</trkpt>
			<trkpt lat="46.5233985197" lon="7.7719818848">
				<ele>2086.8</ele>
			</trkpt>
			<trkpt lat="46.5233900763" lon="7.7719131642">
				<ele>2087.3</ele>
			</trkpt>
			<trkpt lat="46.5233517437" lon="7.7718586095">
				<ele>2089.1</ele>
			</trkpt>
			<trkpt lat="46.5232896414" lon="7.7719124684">
				<ele>2091.4</ele>
			</trkpt>
			<trkpt lat="46.5232543760" lon="7.7719010437">
				<ele>2093.3</ele>
			</trkpt>
			<trkpt lat="46.5232491924" lon="7.7718403455">
				<ele>2093.6</ele>
			</trkpt>
			<trkpt lat="46.5232251202" lon="7.7718034459">
				<ele>2094.8</ele>
			</trkpt>
			<trkpt lat="46.5231708464" lon="7.7718381828">
				<ele>2096.5</ele>
			</trkpt>
			<trkpt lat="46.5231427658" lon="7.7717262436">
				<ele>2098.5</ele>
			</trkpt>
			<trkpt lat="46.5230841352" lon="7.7717497715">
				<ele>2100.4</ele>
			</trkpt>
			<trkpt lat="46.5230404486" lon="7.7716680505">
				<ele>2104.2</ele>
			</trkpt>
			<trkpt lat="46.5230254993" lon="7.7715753511">
				<ele>2104.9</ele>
			</trkpt>
			<trkpt lat="46.5229758168" lon="7.7715781861">
				<ele>2107.4</ele>
			</trkpt>
			<trkpt lat="46.5229428329" lon="7.7715556198">
				<ele>2108.1</ele>
			</trkpt>
			<trkpt lat="46.5228710204" lon="7.7715678720">
				<ele>2110.0</ele>
			</trkpt>
			<trkpt lat="46.5228361675" lon="7.7714830264">
				<ele>2110.6</ele>
			</trkpt>
			<trkpt lat="46.5228171090" lon="7.7715371624">
				<ele>2112.1</ele>
			</trkpt>
			<trkpt lat="46.5227862095" lon="7.7715369463">
				<ele>2113.7</ele>
			</trkpt>
			<trkpt lat="46.5227682946" lon="7.7715815115">
				<ele>2114.5</ele>
			</trkpt>
			<trkpt lat="46.5227282398" lon="7.7716418913">
				<ele>2117.1</ele>
			</trkpt>
			<trkpt lat="46.5227076753" lon="7.7715683150">
				<ele>2119.4</ele>
			</trkpt>
			<trkpt lat="46.5226756603" lon="7.7715680920">
				<ele>2120.9</ele>
			</trkpt>
			<trkpt lat="46.5226448342" lon="7.7715550922">
				<ele>2122.8</ele>
			</trkpt>
			<trkpt lat="46.5225880813" lon="7.7716376937">
				<ele>2125.2</ele>
			</trkpt>
			<trkpt lat="46.5225421222" lon="7.7715671408">
				<ele>2127.4</ele>
			</trkpt>
			<trkpt lat="46.5225144963" lon="7.7715733313">
				<ele>2129.0</ele>
			</trkpt>
			<trkpt lat="46.5224805253" lon="7.7715283957">
				<ele>2129.8</ele>
			</trkpt>
			<trkpt lat="46.5224318574" lon="7.7715472020">
				<ele>2131.6</ele>
			</trkpt>
			<trkpt lat="46.5223579877" lon="7.7715339107">
				<ele>2134.2</ele>
			</trkpt>
			<trkpt lat="46.5223158031" lon="7.7715783001">
				<ele>2137.4</ele>
			</trkpt>
			<trkpt lat="46.5222461163" lon="7.7716049528">
				<ele>2141.8</ele>
			</trkpt>
			<trkpt lat="46.5222259652" lon="7.7716574786">
				<ele>2142.7</ele>
			</trkpt>
			<trkpt lat="46.5221699099" lon="7.7716155749">
				<ele>2145.2</ele>
			</trkpt>
			<trkpt lat="46.5221407276" lon="7.7717047698">
				<ele>2147.6</ele>
			</trkpt>
			<trkpt lat="46.5221053423" lon="7.7717156952">
				<ele>2149.0</ele>
			</trkpt>
			<trkpt lat="46.5220719823" lon="7.7717601513">
				<ele>2150.8</ele>
			</trkpt>
			<trkpt lat="46.5220333602" lon="7.7717582848">
				<ele>2152.4</ele>
			</trkpt>
			<trkpt lat="46.5220111382" lon="7.7717868572">
				<ele>2153.7</ele>
			</trkpt>
			<trkpt lat="46.5219445461" lon="7.7718534329">
				<ele>2157.0</ele>
			</trkpt>
			<trkpt lat="46.5218873425" lon="7.7718194978">
				<ele>2159.0</ele>
			</trkpt>
			<trkpt lat="46.5218437619" lon="7.7719165664">
				<ele>2160.6</ele>
			</trkpt>
			<trkpt lat="46.5218065724" lon="7.7718556466">
				<ele>2162.2</ele>
			</trkpt>
			<trkpt lat="46.5217525697" lon="7.7718408880">
				<ele>2164.7</ele>
			</trkpt>
			<trkpt lat="46.5217059999" lon="7.7718804669">
				<ele>2167.3</ele>
			</trkpt>
			<trkpt lat="46.5216517907" lon="7.7719024313">
				<ele>2170.9</ele>
			</trkpt>
			<trkpt lat="46.5216152713" lon="7.7719197351">
				<ele>2172.1</ele>
			</trkpt>
			<trkpt lat="46.5215960430" lon="7.7720041946">
				<ele>2173.6</ele>
			</trkpt>
			<trkpt lat="46.5215482791" lon="7.7720613325">
				<ele>2175.2</ele>
			</trkpt>
			<trkpt lat="46.5215341474" lon="7.7720213151">
				<ele>2176.1</ele>
			</trkpt>
			<trkpt lat="46.5214908194" lon="7.7720720820">
				<ele>2178.5</ele>
			</trkpt>
			<trkpt lat="46.5214641251" lon="7.7721102191">
				<ele>2179.4</ele>
			</trkpt>
			<trkpt lat="46.5214409389" lon="7.7721116402">
				<ele>2180.7</ele>
			</trkpt>
			<trkpt lat="46.5214300810" lon="7.7720780420">
				<ele>2181.1</ele>
			</trkpt>
			<trkpt lat="46.5213889059" lon="7.7721400031">
				<ele>2183.8</ele>
			</trkpt>
			<trkpt lat="46.5213556276" lon="7.7721717005">
				<ele>2185.5</ele>
			</trkpt>
			<trkpt lat="46.5213277768" lon="7.7722177924">
				<ele>2186.8</ele>
			</trkpt>
			<trkpt lat="46.5213003436" lon="7.7721888623">
				<ele>2187.9</ele>
			</trkpt>
			<trkpt lat="46.5212868128" lon="7.7722414540">
				<ele>2188.8</ele>
			</trkpt>
			<trkpt lat="46.5212546736" lon="7.7722651700">
				<ele>2190.4</ele>
			</trkpt>
			<trkpt lat="46.5212206201" lon="7.7722361857">
				<ele>2193.0</ele>
			</trkpt>
			<trkpt lat="46.5211620078" lon="7.7722565188">
				<ele>2195.1</ele>
			</trkpt>
			<trkpt lat="46.5211319665" lon="7.7723009943">
				<ele>2196.1</ele>
			</trkpt>
			<trkpt lat="46.5210735192" lon="7.7722926071">
				<ele>2197.5</ele>
			</trkpt>
			<trkpt lat="46.5210017569" lon="7.7722968826">
				<ele>2201.5</ele>
			</trkpt>
			<trkpt lat="46.5209068733" lon="7.7722898213">
				<ele>2203.9</ele>
			</trkpt>
			<trkpt lat="46.5208496153" lon="7.7722654769">
				<ele>2206.4</ele>
			</trkpt>
			<trkpt lat="46.5207922595" lon="7.7722559758">
				<ele>2207.9</ele>
			</trkpt>
			<trkpt lat="46.5207492036" lon="7.7722599716">
				<ele>2209.4</ele>
			</trkpt>
			<trkpt lat="46.5207256129" lon="7.7723348373">
				<ele>2211.7</ele>
			</trkpt>
			<trkpt lat="46.5206975461" lon="7.7724208180">
				<ele>2213.1</ele>
			</trkpt>
			<trkpt lat="46.5206692636" lon="7.7723471967">
				<ele>2214.9</ele>
			</trkpt>
			<trkpt lat="46.5206424089" lon="7.7724124504">
				<ele>2216.4</ele>
			</trkpt>
			<trkpt lat="46.5205964184" lon="7.7723466827">
				<ele>2218.9</ele>
			</trkpt>
			<trkpt lat="46.5205316492" lon="7.7722823760">
				<ele>2222.5</ele>
			</trkpt>
			<trkpt lat="46.5204647988" lon="7.7723968258">
				<ele>2224.9</ele>
			</trkpt>
			<trkpt lat="46.5204553090" lon="7.7723169478">
				<ele>2227.1</ele>
			</trkpt>
			<trkpt lat="46.5203744603" lon="7.7723674561">
				<ele>2230.6</ele>
			</trkpt>
			<trkpt lat="46.5203593921" lon="7.7722971228">
				<ele>2232.2</ele>
			</trkpt>
			<trkpt lat="46.5203207520" lon="7.7722984223">
				<ele>2234.1</ele>
			</trkpt>
			<trkpt lat="46.5202681036" lon="7.7722389988">
				<ele>2238.1</ele>
			</trkpt>
			<trkpt lat="46.5202235907" lon="7.7723041314">
				<ele>2239.6</ele>
			</trkpt>
			<trkpt lat="46.5201885591" lon="7.7722528053">
				<ele>2243.1</ele>
			</trkpt>
			<trkpt lat="46.5201412276" lon="7.7722301125">
				<ele>2246.9</ele>
			</trkpt>
			<trkpt lat="46.5200685105" lon="7.7722072498">
				<ele>2250.1</ele>
			</trkpt>
			<trkpt lat="46.5199870383" lon="7.7721699599">
				<ele>2254.4</ele>
			</trkpt>
			<trkpt lat="46.5199387835" lon="7.7721153473">
				<ele>2258.5</ele>
			</trkpt>
			<trkpt lat="46.5199381639" lon="7.7720259594">
				<ele>2260.7</ele>
			</trkpt>
			<trkpt lat="46.5198628803" lon="7.7720685130">
				<ele>2264.1</ele>
			</trkpt>
			<trkpt lat="46.5197965039" lon="7.7720951842">
				<ele>2266.8</ele>
			</trkpt>
			<trkpt lat="46.5197581802" lon="7.7720406331">
				<ele>2269.2</ele>
			</trkpt>
			<trkpt lat="46.5197154628" lon="7.7719812715">
				<ele>2272.9</ele>
			</trkpt>
			<trkpt lat="46.5197006879" lon="7.7718598567">
				<ele>2275.7</ele>
			</trkpt>
			<trkpt lat="46.5196641001" lon="7.7718883402">
				<ele>2277.5</ele>
			</trkpt>
			<trkpt lat="46.5196164837" lon="7.7719167296">
				<ele>2279.4</ele>
			</trkpt>
			<trkpt lat="46.5196035776" lon="7.7718543725">
				<ele>2280.7</ele>
			</trkpt>
			<trkpt lat="46.5195627107" lon="7.7718604810">
				<ele>2282.5</ele>
			</trkpt>
			<trkpt lat="46.5195334226" lon="7.7717676858">
				<ele>2283.7</ele>
			</trkpt>
			<trkpt lat="46.5195028125" lon="7.7717147845">
				<ele>2286.6</ele>
			</trkpt>
			<trkpt lat="46.5194518720" lon="7.7717447570">
				<ele>2289.3</ele>
			</trkpt>
			<trkpt lat="46.5193785532" lon="7.7718320207">
				<ele>2292.3</ele>
			</trkpt>
			<trkpt lat="46.5192906710" lon="7.7719559179">
				<ele>2295.6</ele>
			</trkpt>
			<trkpt lat="46.5192934258" lon="7.7718569611">
				<ele>2297.1</ele>
			</trkpt>
			<trkpt lat="46.5192545786" lon="7.7718982012">
				<ele>2298.7</ele>
			</trkpt>
			<trkpt lat="46.5192085831" lon="7.7718308321">
				<ele>2302.1</ele>
			</trkpt>
			<trkpt lat="46.5191955669" lon="7.7717908242">
				<ele>2303.0</ele>
			</trkpt>
			<trkpt lat="46.5191926789" lon="7.7717141814">
				<ele>2305.0</ele>
			</trkpt>
			<trkpt lat="46.5191475604" lon="7.7716883358">
				<ele>2308.4</ele>
			</trkpt>
			<trkpt lat="46.5191047002" lon="7.7716560935">
				<ele>2312.2</ele>
			</trkpt>
			<trkpt lat="46.5190537135" lon="7.7716956434">
				<ele>2312.9</ele>
			</trkpt>
			<trkpt lat="46.5190487875" lon="7.7715870739">
				<ele>2315.8</ele>
			</trkpt>
			<trkpt lat="46.5190459317" lon="7.7715638736">
				<ele>2317.1</ele>
			</trkpt>
			<trkpt lat="46.5190409698" lon="7.7715472413">
				<ele>2317.6</ele>
			</trkpt>
			<trkpt lat="46.5190238953" lon="7.7715352383">
				<ele>2318.6</ele>
			</trkpt>
			<trkpt lat="46.5190118620" lon="7.7715126203">
				<ele>2319.6</ele>
			</trkpt>
			<trkpt lat="46.5189989872" lon="7.7714886545">
				<ele>2320.2</ele>
			</trkpt>
			<trkpt lat="46.5189701471" lon="7.7715132111">
				<ele>2321.9</ele>
			</trkpt>
			<trkpt lat="46.5189204386" lon="7.7715404017">
				<ele>2323.4</ele>
			</trkpt>
			<trkpt lat="46.5188702840" lon="7.7715815467">
				<ele>2325.1</ele>
			</trkpt>
			<trkpt lat="46.5188255739" lon="7.7716127297">
				<ele>2326.1</ele>
			</trkpt>
			<trkpt lat="46.5187972013" lon="7.7716160080">
				<ele>2327.6</ele>
			</trkpt>
			<trkpt lat="46.5187692830" lon="7.7716053200">
				<ele>2329.2</ele>
			</trkpt>
			<trkpt lat="46.5187630820" lon="7.7715846929">
				<ele>2329.9</ele>
			</trkpt>
			<trkpt lat="46.5187505896" lon="7.7715746995">
				<ele>2331.3</ele>
			</trkpt>
			<trkpt lat="46.5187477418" lon="7.7715487624">
				<ele>2332.3</ele>
			</trkpt>
			<trkpt lat="46.5187419431" lon="7.7715321250">
				<ele>2333.0</ele>
			</trkpt>
			<trkpt lat="46.5187273550" lon="7.7715281126">
				<ele>2333.8</ele>
			</trkpt>
			<trkpt lat="46.5187131449" lon="7.7715393888">
				<ele>2334.3</ele>
			</trkpt>
			<trkpt lat="46.5187044308" lon="7.7715201008">
				<ele>2335.0</ele>
			</trkpt>
			<trkpt lat="46.5187090824" lon="7.7714981589">
				<ele>2335.7</ele>
			</trkpt>
			<trkpt lat="46.5187057968" lon="7.7714775362">
				<ele>2336.1</ele>
			</trkpt>
			<trkpt lat="46.5186711804" lon="7.7714748213">
				<ele>2338.2</ele>
			</trkpt>
			<trkpt lat="46.5186524233" lon="7.7714721259">
				<ele>2338.7</ele>
			</trkpt>
			<trkpt lat="46.5186382817" lon="7.7714568181">
				<ele>2339.4</ele>
			</trkpt>
			<trkpt lat="46.5186161586" lon="7.7714607608">
				<ele>2339.9</ele>
			</trkpt>
			<trkpt lat="46.5186074086" lon="7.7714567589">
				<ele>2340.5</ele>
			</trkpt>
			<trkpt lat="46.5186007766" lon="7.7714421231">
				<ele>2341.0</ele>
			</trkpt>
			<trkpt lat="46.5185991776" lon="7.7714168452">
				<ele>2342.0</ele>
			</trkpt>
			<trkpt lat="46.5185908585" lon="7.7714068648">
				<ele>2342.5</ele>
			</trkpt>
			<trkpt lat="46.5185624956" lon="7.7714068210">
				<ele>2343.6</ele>
			</trkpt>
			<trkpt lat="46.5185311988" lon="7.7714100950">
				<ele>2345.1</ele>
			</trkpt>
			<trkpt lat="46.5185153323" lon="7.7714187155">
				<ele>2345.6</ele>
			</trkpt>
			<trkpt lat="46.5185011595" lon="7.7714140281">
				<ele>2346.2</ele>
			</trkpt>
			<trkpt lat="46.5185053733" lon="7.7713974133">
				<ele>2346.6</ele>
			</trkpt>
			<trkpt lat="46.5185075371" lon="7.7713681579">
				<ele>2347.4</ele>
			</trkpt>
			<trkpt lat="46.5184925378" lon="7.7713601558">
				<ele>2348.3</ele>
			</trkpt>
			<trkpt lat="46.5184959518" lon="7.7713308954">
				<ele>2348.8</ele>
			</trkpt>
			<trkpt lat="46.5184923091" lon="7.7712876615">
				<ele>2350.1</ele>
			</trkpt>
			<trkpt lat="46.5184932221" lon="7.7712584120">
				<ele>2350.9</ele>
			</trkpt>
			<trkpt lat="46.5184836586" lon="7.7712464164">
				<ele>2351.7</ele>
			</trkpt>
			<trkpt lat="46.5184669417" lon="7.7712596974">
				<ele>2352.3</ele>
			</trkpt>
			<trkpt lat="46.5184490068" lon="7.7712590003">
				<ele>2353.2</ele>
			</trkpt>
			<trkpt lat="46.5184315144" lon="7.7712483376">
				<ele>2353.8</ele>
			</trkpt>
			<trkpt lat="46.5184177527" lon="7.7712476407">
				<ele>2354.2</ele>
			</trkpt>
			<trkpt lat="46.5184060591" lon="7.7712536152">
				<ele>2354.7</ele>
			</trkpt>
			<trkpt lat="46.5183860269" lon="7.7712562418">
				<ele>2355.7</ele>
			</trkpt>
			<trkpt lat="46.5183752065" lon="7.7712495691">
				<ele>2356.4</ele>
			</trkpt>
			<trkpt lat="46.5183702309" lon="7.7712375890">
				<ele>2356.7</ele>
			</trkpt>
			<trkpt lat="46.5183644287" lon="7.7712222935">
				<ele>2357.4</ele>
			</trkpt>
			<trkpt lat="46.5183494270" lon="7.7712149556">
				<ele>2358.1</ele>
			</trkpt>
			<trkpt lat="46.5183310878" lon="7.7712109339">
				<ele>2359.3</ele>
			</trkpt>
			<trkpt lat="46.5183294654" lon="7.7711936446">
				<ele>2359.6</ele>
			</trkpt>
			<trkpt lat="46.5183345250" lon="7.7711736985">
				<ele>2360.0</ele>
			</trkpt>
			<trkpt lat="46.5183287719" lon="7.7711384397">
				<ele>2360.7</ele>
			</trkpt>
			<trkpt lat="46.5183300814" lon="7.7711151746">
				<ele>2361.6</ele>
			</trkpt>
			<trkpt lat="46.5183247137" lon="7.7710958811">
				<ele>2362.0</ele>
			</trkpt>
			<trkpt lat="46.5182872300" lon="7.7710738756">
				<ele>2363.9</ele>
			</trkpt>
			<trkpt lat="46.5182672609" lon="7.7710518870">
				<ele>2365.2</ele>
			</trkpt>
			<trkpt lat="46.5182418193" lon="7.7710525127">
				<ele>2366.2</ele>
			</trkpt>
			<trkpt lat="46.5182222380" lon="7.7710425149">
				<ele>2367.0</ele>
			</trkpt>
			<trkpt lat="46.5182047116" lon="7.7710464733">
				<ele>2368.0</ele>
			</trkpt>
			<trkpt lat="46.5181846688" lon="7.7710557459">
				<ele>2369.0</ele>
			</trkpt>
			<trkpt lat="46.5181758794" lon="7.7710683709">
				<ele>2369.6</ele>
			</trkpt>
			<trkpt lat="46.5181637430" lon="7.7710809888">
				<ele>2370.3</ele>
			</trkpt>
			<trkpt lat="46.5181537282" lon="7.7710849542">
				<ele>2370.7</ele>
			</trkpt>
			<trkpt lat="46.5181420531" lon="7.7710816121">
				<ele>2371.5</ele>
			</trkpt>
			<trkpt lat="46.5181325168" lon="7.7710603254">
				<ele>2371.7</ele>
			</trkpt>
			<trkpt lat="46.5181217031" lon="7.7710483358">
				<ele>2372.4</ele>
			</trkpt>
			<trkpt lat="46.5181020606" lon="7.7710622629">
				<ele>2373.5</ele>
			</trkpt>
			<trkpt lat="46.5180916425" lon="7.7710595926">
				<ele>2373.8</ele>
			</trkpt>
			<trkpt lat="46.5180824590" lon="7.7710622333">
				<ele>2374.3</ele>
			</trkpt>
			<trkpt lat="46.5180669928" lon="7.7710755084">
				<ele>2375.2</ele>
			</trkpt>
			<trkpt lat="46.5180465525" lon="7.7710761394">
				<ele>2376.2</ele>
			</trkpt>
			<trkpt lat="46.5180290854" lon="7.7710568242">
				<ele>2377.0</ele>
			</trkpt>
			<trkpt lat="46.5180031976" lon="7.7710654350">
				<ele>2378.5</ele>
			</trkpt>
			<trkpt lat="46.5179732808" lon="7.7710214932">
				<ele>2379.4</ele>
			</trkpt>
			<trkpt lat="46.5179495776" lon="7.7709935261">
				<ele>2380.2</ele>
			</trkpt>
			<trkpt lat="46.5179408314" lon="7.7709881945">
				<ele>2380.6</ele>
			</trkpt>
			<trkpt lat="46.5179320595" lon="7.7709948257">
				<ele>2381.2</ele>
			</trkpt>
			<trkpt lat="46.5179382562" lon="7.7710167822">
				<ele>2381.8</ele>
			</trkpt>
			<trkpt lat="46.5179419578" lon="7.7710367429">
				<ele>2382.4</ele>
			</trkpt>
			<trkpt lat="46.5179390007" lon="7.7710513586">
				<ele>2382.8</ele>
			</trkpt>
			<trkpt lat="46.5179230992" lon="7.7710719546">
				<ele>2383.9</ele>
			</trkpt>
			<trkpt lat="46.5178984398" lon="7.7710911934">
				<ele>2384.8</ele>
			</trkpt>
			<trkpt lat="46.5178908962" lon="7.7711051557">
				<ele>2385.1</ele>
			</trkpt>
			<trkpt lat="46.5178900066" lon="7.7711264300">
				<ele>2385.1</ele>
			</trkpt>
			<trkpt lat="46.5178761541" lon="7.7711629752">
				<ele>2385.8</ele>
			</trkpt>
			<trkpt lat="46.5178539286" lon="7.7712081614">
				<ele>2386.7</ele>
			</trkpt>
			<trkpt lat="46.5178442830" lon="7.7712274405">
				<ele>2387.1</ele>
			</trkpt>
			<trkpt lat="46.5178342449" lon="7.7712393936">
				<ele>2387.5</ele>
			</trkpt>
			<trkpt lat="46.5178354499" lon="7.7712580091">
				<ele>2387.5</ele>
			</trkpt>
			<trkpt lat="46.5178374678" lon="7.7712846183">
				<ele>2387.7</ele>
			</trkpt>
			<trkpt lat="46.5178374289" lon="7.7712979100">
				<ele>2388.2</ele>
			</trkpt>
			<trkpt lat="46.5178202140" lon="7.7713430999">
				<ele>2389.2</ele>
			</trkpt>
			<trkpt lat="46.5178151518" lon="7.7713637107">
				<ele>2389.2</ele>
			</trkpt>
			<trkpt lat="46.5178155220" lon="7.7713816697">
				<ele>2389.2</ele>
			</trkpt>
			<trkpt lat="46.5178138011" lon="7.7714042680">
				<ele>2389.1</ele>
			</trkpt>
			<trkpt lat="46.5177986968" lon="7.7714381600">
				<ele>2389.5</ele>
			</trkpt>
			<trkpt lat="46.5177915599" lon="7.7714547701">
				<ele>2389.8</ele>
			</trkpt>
			<trkpt lat="46.5177898383" lon="7.7714773819">
				<ele>2390.0</ele>
			</trkpt>
			<trkpt lat="46.5177939261" lon="7.7715099712">
				<ele>2390.0</ele>
			</trkpt>
			<trkpt lat="46.5177997107" lon="7.7715312611">
				<ele>2390.1</ele>
			</trkpt>
			<trkpt lat="46.5178004803" lon="7.7715571976">
				<ele>2390.8</ele>
			</trkpt>
			<trkpt lat="46.5177903346" lon="7.7716090514">
				<ele>2392.1</ele>
			</trkpt>
			<trkpt lat="46.5177952765" lon="7.7716323292">
				<ele>2392.3</ele>
			</trkpt>
			<trkpt lat="46.5177997860" lon="7.7716622631">
				<ele>2393.0</ele>
			</trkpt>
			<trkpt lat="46.5178050977" lon="7.7717068365">
				<ele>2393.6</ele>
			</trkpt>
			<trkpt lat="46.5178145901" lon="7.7717460789">
				<ele>2394.4</ele>
			</trkpt>
			<trkpt lat="46.5178165831" lon="7.7717813279">
				<ele>2395.2</ele>
			</trkpt>
			<trkpt lat="46.5178098294" lon="7.7718112442">
				<ele>2395.8</ele>
			</trkpt>
			<trkpt lat="46.5177880643" lon="7.7718404702">
				<ele>2396.8</ele>
			</trkpt>
			<trkpt lat="46.5177571110" lon="7.7718769879">
				<ele>2397.9</ele>
			</trkpt>
			<trkpt lat="46.5177386421" lon="7.7719201901">
				<ele>2397.9</ele>
			</trkpt>
			<trkpt lat="46.5177232027" lon="7.7719241475">
				<ele>2398.4</ele>
			</trkpt>
			<trkpt lat="46.5177174026" lon="7.7719081745">
				<ele>2398.9</ele>
			</trkpt>
			<trkpt lat="46.5177195757" lon="7.7718755974">
				<ele>2399.8</ele>
			</trkpt>
			<trkpt lat="46.5177158908" lon="7.7718469976">
				<ele>2400.5</ele>
			</trkpt>
			<trkpt lat="46.5177084261" lon="7.7718310279">
				<ele>2401.0</ele>
			</trkpt>
			<trkpt lat="46.5176780585" lon="7.7717997228">
				<ele>2402.5</ele>
			</trkpt>
			<trkpt lat="46.5176339400" lon="7.7717610749">
				<ele>2404.4</ele>
			</trkpt>
			<trkpt lat="46.5176102409" lon="7.7717317787">
				<ele>2405.7</ele>
			</trkpt>
			<trkpt lat="46.5175915825" lon="7.7716891953">
				<ele>2407.2</ele>
			</trkpt>
			<trkpt lat="46.5175745860" lon="7.7716505973">
				<ele>2408.6</ele>
			</trkpt>
			<trkpt lat="46.5175641669" lon="7.7716452561">
				<ele>2408.9</ele>
			</trkpt>
			<trkpt lat="46.5175483056" lon="7.7716518825">
				<ele>2409.9</ele>
			</trkpt>
			<trkpt lat="46.5175471090" lon="7.7716306082">
				<ele>2410.4</ele>
			</trkpt>
			<trkpt lat="46.5175304635" lon="7.7716132921">
				<ele>2411.5</ele>
			</trkpt>
			<trkpt lat="46.5175018238" lon="7.7715600406">
				<ele>2413.5</ele>
			</trkpt>
			<trkpt lat="46.5174768759" lon="7.7715274139">
				<ele>2415.7</ele>
			</trkpt>
			<trkpt lat="46.5174673670" lon="7.7714968108">
				<ele>2416.4</ele>
			</trkpt>
			<trkpt lat="46.5174495181" lon="7.7714635366">
				<ele>2417.4</ele>
			</trkpt>
			<trkpt lat="46.5174441528" lon="7.7714402436">
				<ele>2418.2</ele>
			</trkpt>
			<trkpt lat="46.5174417408" lon="7.7714036768">
				<ele>2419.0</ele>
			</trkpt>
			<trkpt lat="46.5174289132" lon="7.7713637494">
				<ele>2420.1</ele>
			</trkpt>
			<trkpt lat="46.5174052470" lon="7.7713231421">
				<ele>2422.0</ele>
			</trkpt>
			<trkpt lat="46.5173935077" lon="7.7713477379">
				<ele>2422.4</ele>
			</trkpt>
			<trkpt lat="46.5173716947" lon="7.7713935775">
				<ele>2423.9</ele>
			</trkpt>
			<trkpt lat="46.5173503208" lon="7.7714334515">
				<ele>2425.5</ele>
			</trkpt>
			<trkpt lat="46.5173197693" lon="7.7714739595">
				<ele>2427.4</ele>
			</trkpt>
			<trkpt lat="46.5172963422" lon="7.7715025229">
				<ele>2428.7</ele>
			</trkpt>
			<trkpt lat="46.5172808867" lon="7.7715091391">
				<ele>2429.5</ele>
			</trkpt>
			<trkpt lat="46.5172604750" lon="7.7714998004">
				<ele>2430.8</ele>
			</trkpt>
			<trkpt lat="46.5172541904" lon="7.7715110987">
				<ele>2431.0</ele>
			</trkpt>
			<trkpt lat="46.5172441468" lon="7.7715217225">
				<ele>2431.5</ele>
			</trkpt>
			<trkpt lat="46.5172282968" lon="7.7715216903">
				<ele>2432.2</ele>
			</trkpt>
			<trkpt lat="46.5172124780" lon="7.7715110253">
				<ele>2433.1</ele>
			</trkpt>
			<trkpt lat="46.5172062672" lon="7.7714937210">
				<ele>2433.7</ele>
			</trkpt>
			<trkpt lat="46.5172108989" lon="7.7714757793">
				<ele>2434.1</ele>
			</trkpt>
			<trkpt lat="46.5172034237" lon="7.7714631327">
				<ele>2434.8</ele>
			</trkpt>
			<trkpt lat="46.5171829460" lon="7.7714797259">
				<ele>2435.6</ele>
			</trkpt>
			<trkpt lat="46.5171692106" lon="7.7714670663">
				<ele>2436.4</ele>
			</trkpt>
			<trkpt lat="46.5171713788" lon="7.7714364834">
				<ele>2436.9</ele>
			</trkpt>
			<trkpt lat="46.5171659941" lon="7.7714198482">
				<ele>2437.6</ele>
			</trkpt>
			<trkpt lat="46.5171559418" lon="7.7714364530">
				<ele>2437.7</ele>
			</trkpt>
			<trkpt lat="46.5171505494" lon="7.7714258131">
				<ele>2438.2</ele>
			</trkpt>
			<trkpt lat="46.5171468866" lon="7.7713892254">
				<ele>2439.0</ele>
			</trkpt>
			<trkpt lat="46.5171385836" lon="7.7713739156">
				<ele>2439.6</ele>
			</trkpt>
			<trkpt lat="46.5171293953" lon="7.7713812217">
				<ele>2440.0</ele>
			</trkpt>
			<trkpt lat="46.5171030663" lon="7.7713991335">
				<ele>2441.0</ele>
			</trkpt>
			<trkpt lat="46.5170980907" lon="7.7713871536">
				<ele>2441.6</ele>
			</trkpt>
			<trkpt lat="46.5171018993" lon="7.7713678779">
				<ele>2441.9</ele>
			</trkpt>
			<trkpt lat="46.5170948362" lon="7.7713558988">
				<ele>2442.6</ele>
			</trkpt>
			<trkpt lat="46.5170643557" lon="7.7713691466">
				<ele>2444.0</ele>
			</trkpt>
			<trkpt lat="46.5170539624" lon="7.7713551650">
				<ele>2444.7</ele>
			</trkpt>
			<trkpt lat="46.5170503007" lon="7.7713212497">
				<ele>2445.5</ele>
			</trkpt>
			<trkpt lat="46.5170411531" lon="7.7713085921">
				<ele>2446.5</ele>
			</trkpt>
			<trkpt lat="46.5170332068" lon="7.7713158930">
				<ele>2447.0</ele>
			</trkpt>
			<trkpt lat="46.5170240252" lon="7.7713178823">
				<ele>2447.4</ele>
			</trkpt>
			<trkpt lat="46.5169848715" lon="7.7712978609">
				<ele>2449.5</ele>
			</trkpt>
			<trkpt lat="46.5169515408" lon="7.7712831794">
				<ele>2450.7</ele>
			</trkpt>
			<trkpt lat="46.5169110993" lon="7.7712758032">
				<ele>2451.5</ele>
			</trkpt>
			<trkpt lat="46.5168973329" lon="7.7712771129">
				<ele>2451.8</ele>
			</trkpt>
			<trkpt lat="46.5168860483" lon="7.7712844061">
				<ele>2452.2</ele>
			</trkpt>
			<trkpt lat="46.5168747561" lon="7.7712976802">
				<ele>2452.2</ele>
			</trkpt>
			<trkpt lat="46.5168671760" lon="7.7713242689">
				<ele>2452.2</ele>
			</trkpt>
			<trkpt lat="46.5168550110" lon="7.7713528488">
				<ele>2452.8</ele>
			</trkpt>
			<trkpt lat="46.5168361387" lon="7.7713927116">
				<ele>2453.8</ele>
			</trkpt>
			<trkpt lat="46.5168185549" lon="7.7714192913">
				<ele>2454.4</ele>
			</trkpt>
			<trkpt lat="46.5167989013" lon="7.7714372050">
				<ele>2455.3</ele>
			</trkpt>
			<trkpt lat="46.5167587727" lon="7.7714703962">
				<ele>2457.1</ele>
			</trkpt>
			<trkpt lat="46.5167366420" lon="7.7714803324">
				<ele>2458.0</ele>
			</trkpt>
			<trkpt lat="46.5166903251" lon="7.7714888961">
				<ele>2460.1</ele>
			</trkpt>
			<trkpt lat="46.5166339666" lon="7.7715074320">
				<ele>2462.0</ele>
			</trkpt>
			<trkpt lat="46.5165988972" lon="7.7715180061">
				<ele>2463.0</ele>
			</trkpt>
			<trkpt lat="46.5165542247" lon="7.7715365604">
				<ele>2464.7</ele>
			</trkpt>
			<trkpt lat="46.5165170680" lon="7.7715504581">
				<ele>2466.1</ele>
			</trkpt>
			<trkpt lat="46.5164982792" lon="7.7715584082">
				<ele>2467.1</ele>
			</trkpt>
			<trkpt lat="46.5164794408" lon="7.7715836509">
				<ele>2468.0</ele>
			</trkpt>
			<trkpt lat="46.5164468095" lon="7.7716215001">
				<ele>2469.3</ele>
			</trkpt>
			<trkpt lat="46.5164250510" lon="7.7716487307">
				<ele>2469.9</ele>
			</trkpt>
			<trkpt lat="46.5163823567" lon="7.7717071720">
				<ele>2470.8</ele>
			</trkpt>
			<trkpt lat="46.5163681023" lon="7.7717337583">
				<ele>2471.2</ele>
			</trkpt>
			<trkpt lat="46.5163572083" lon="7.7717550095">
				<ele>2471.5</ele>
			</trkpt>
			<trkpt lat="46.5163533384" lon="7.7717989002">
				<ele>2471.8</ele>
			</trkpt>
			<trkpt lat="46.5163549124" lon="7.7718354738">
				<ele>2473.5</ele>
			</trkpt>
			<trkpt lat="46.5163627791" lon="7.7718587563">
				<ele>2474.1</ele>
			</trkpt>
			<trkpt lat="46.5163731520" lon="7.7718800603">
				<ele>2474.6</ele>
			</trkpt>
			<trkpt lat="46.5163693550" lon="7.7718953480">
				<ele>2475.0</ele>
			</trkpt>
			<trkpt lat="46.5163572532" lon="7.7718993130">
				<ele>2475.6</ele>
			</trkpt>
			<trkpt lat="46.5163410175" lon="7.7718866517">
				<ele>2476.2</ele>
			</trkpt>
			<trkpt lat="46.5163155826" lon="7.7718819602">
				<ele>2477.2</ele>
			</trkpt>
			<trkpt lat="46.5162818049" lon="7.7718785727">
				<ele>2478.8</ele>
			</trkpt>
			<trkpt lat="46.5162630579" lon="7.7718692323">
				<ele>2479.4</ele>
			</trkpt>
			<trkpt lat="46.5162472606" lon="7.7718512568">
				<ele>2480.0</ele>
			</trkpt>
			<trkpt lat="46.5162217857" lon="7.7718631924">
				<ele>2481.2</ele>
			</trkpt>
			<trkpt lat="46.5162013848" lon="7.7718471953">
				<ele>2481.5</ele>
			</trkpt>
			<trkpt lat="46.5161905045" lon="7.7718611366">
				<ele>2482.2</ele>
			</trkpt>
			<trkpt lat="46.5162025644" lon="7.7718744634">
				<ele>2482.4</ele>
			</trkpt>
			<trkpt lat="46.5162142017" lon="7.7718910970">
				<ele>2482.5</ele>
			</trkpt>
			<trkpt lat="46.5162212256" lon="7.7719190389">
				<ele>2483.2</ele>
			</trkpt>
			<trkpt lat="46.5162224169" lon="7.7719423192">
				<ele>2483.4</ele>
			</trkpt>
			<trkpt lat="46.5162114879" lon="7.7719728866">
				<ele>2484.3</ele>
			</trkpt>
			<trkpt lat="46.5161943433" lon="7.7719908161">
				<ele>2485.2</ele>
			</trkpt>
			<trkpt lat="46.5161789346" lon="7.7719814827">
				<ele>2485.9</ele>
			</trkpt>
			<trkpt lat="46.5161614618" lon="7.7719641611">
				<ele>2486.6</ele>
			</trkpt>
			<trkpt lat="46.5161339443" lon="7.7719607993">
				<ele>2487.8</ele>
			</trkpt>
			<trkpt lat="46.5161338459" lon="7.7719973633">
				<ele>2488.6</ele>
			</trkpt>
			<trkpt lat="46.5161329332" lon="7.7720266243">
				<ele>2489.2</ele>
			</trkpt>
			<trkpt lat="46.5161266494" lon="7.7720372582">
				<ele>2489.9</ele>
			</trkpt>
			<trkpt lat="46.5161104108" lon="7.7720285838">
				<ele>2490.2</ele>
			</trkpt>
			<trkpt lat="46.5160825262" lon="7.7720032630">
				<ele>2491.3</ele>
			</trkpt>
			<trkpt lat="46.5160816466" lon="7.7720212273">
				<ele>2491.7</ele>
			</trkpt>
			<trkpt lat="46.5160861477" lon="7.7720538183">
				<ele>2492.3</ele>
			</trkpt>
			<trkpt lat="46.5160781467" lon="7.7720857207">
				<ele>2493.3</ele>
			</trkpt>
			<trkpt lat="46.5160652228" lon="7.7720817058">
				<ele>2494.0</ele>
			</trkpt>
			<trkpt lat="46.5160140326" lon="7.7720370734">
				<ele>2496.0</ele>
			</trkpt>
			<trkpt lat="46.5159620223" lon="7.7719871065">
				<ele>2498.9</ele>
			</trkpt>
			<trkpt lat="46.5159382707" lon="7.7719790898">
				<ele>2500.1</ele>
			</trkpt>
			<trkpt lat="46.5159137524" lon="7.7719438085">
				<ele>2501.8</ele>
			</trkpt>
			<trkpt lat="46.5158958500" lon="7.7719318137">
				<ele>2502.9</ele>
			</trkpt>
			<trkpt lat="46.5158849795" lon="7.7719424321">
				<ele>2503.8</ele>
			</trkpt>
			<trkpt lat="46.5158769834" lon="7.7719696825">
				<ele>2504.6</ele>
			</trkpt>
			<trkpt lat="46.5158711166" lon="7.7719796541">
				<ele>2504.9</ele>
			</trkpt>
			<trkpt lat="46.5158598456" lon="7.7719822944">
				<ele>2505.3</ele>
			</trkpt>
			<trkpt lat="46.5158668774" lon="7.7720049075">
				<ele>2505.5</ele>
			</trkpt>
			<trkpt lat="46.5158676606" lon="7.7720261913">
				<ele>2505.5</ele>
			</trkpt>
			<trkpt lat="46.5158572068" lon="7.7720354824">
				<ele>2506.0</ele>
			</trkpt>
			<trkpt lat="46.5158409486" lon="7.7720334672">
				<ele>2506.5</ele>
			</trkpt>
			<trkpt lat="46.5158267876" lon="7.7720247929">
				<ele>2507.1</ele>
			</trkpt>
			<trkpt lat="46.5158050990" lon="7.7720247637">
				<ele>2507.4</ele>
			</trkpt>
			<trkpt lat="46.5157875833" lon="7.7720220758">
				<ele>2507.5</ele>
			</trkpt>
			<trkpt lat="46.5157630008" lon="7.7720120601">
				<ele>2507.3</ele>
			</trkpt>
			<trkpt lat="46.5157279977" lon="7.7720000262">
				<ele>2507.4</ele>
			</trkpt>
			<trkpt lat="46.5157025863" lon="7.7719873602">
				<ele>2508.2</ele>
			</trkpt>
			<trkpt lat="46.5156831782" lon="7.7719611795">
				<ele>2509.5</ele>
			</trkpt>
			<trkpt lat="46.5156618052" lon="7.7719550147">
				<ele>2510.1</ele>
			</trkpt>
			<trkpt lat="46.5156349615" lon="7.7719488170">
				<ele>2510.7</ele>
			</trkpt>
			<trkpt lat="46.5155821846" lon="7.7719577181">
				<ele>2511.6</ele>
			</trkpt>
			<trkpt lat="46.5155002829" lon="7.7719657361">
				<ele>2513.0</ele>
			</trkpt>
			<trkpt lat="46.5154511488" lon="7.7719655245">
				<ele>2514.3</ele>
			</trkpt>
			<trkpt lat="46.5154156480" lon="7.7719790532">
				<ele>2515.3</ele>
			</trkpt>
			<trkpt lat="46.5153801562" lon="7.7719864970">
				<ele>2516.1</ele>
			</trkpt>
			<trkpt lat="46.5153100947" lon="7.7719846852">
				<ele>2518.0</ele>
			</trkpt>
			<trkpt lat="46.5152828108" lon="7.7719724245">
				<ele>2519.2</ele>
			</trkpt>
			<trkpt lat="46.5152564387" lon="7.7719525606">
				<ele>2520.7</ele>
			</trkpt>
			<trkpt lat="46.5152232294" lon="7.7719455930">
				<ele>2522.5</ele>
			</trkpt>
			<trkpt lat="46.5151936503" lon="7.7719583763">
				<ele>2524.4</ele>
			</trkpt>
			<trkpt lat="46.5151722633" lon="7.7719598083">
				<ele>2525.4</ele>
			</trkpt>
			<trkpt lat="46.5151622600" lon="7.7719506515">
				<ele>2525.9</ele>
			</trkpt>
			<trkpt lat="46.5151413665" lon="7.7719095426">
				<ele>2527.9</ele>
			</trkpt>
			<trkpt lat="46.5151263442" lon="7.7719185972">
				<ele>2528.9</ele>
			</trkpt>
			<trkpt lat="46.5151136128" lon="7.7719041077">
				<ele>2529.4</ele>
			</trkpt>
			<trkpt lat="46.5151109001" lon="7.7718873854">
				<ele>2530.1</ele>
			</trkpt>
			<trkpt lat="46.5151081830" lon="7.7718721885">
				<ele>2530.8</ele>
			</trkpt>
			<trkpt lat="46.5150986362" lon="7.7718637901">
				<ele>2531.2</ele>
			</trkpt>
			<trkpt lat="46.5150676982" lon="7.7718644205">
				<ele>2531.9</ele>
			</trkpt>
			<trkpt lat="46.5150203901" lon="7.7718520766">
				<ele>2533.3</ele>
			</trkpt>
			<trkpt lat="46.5149903780" lon="7.7718314341">
				<ele>2534.8</ele>
			</trkpt>
			<trkpt lat="46.5149558144" lon="7.7718198986">
				<ele>2536.1</ele>
			</trkpt>
			<trkpt lat="46.5149280759" lon="7.7718000385">
				<ele>2536.8</ele>
			</trkpt>
			<trkpt lat="46.5148980551" lon="7.7717885175">
				<ele>2538.0</ele>
			</trkpt>
			<trkpt lat="46.5148439325" lon="7.7717654992">
				<ele>2539.8</ele>
			</trkpt>
			<trkpt lat="46.5147916208" lon="7.7717599650">
				<ele>2540.9</ele>
			</trkpt>
			<trkpt lat="46.5147656887" lon="7.7717560660">
				<ele>2541.8</ele>
			</trkpt>
			<trkpt lat="46.5147233975" lon="7.7717323380">
				<ele>2543.8</ele>
			</trkpt>
			<trkpt lat="46.5146879207" lon="7.7717162359">
				<ele>2545.5</ele>
			</trkpt>
			<trkpt lat="46.5146588064" lon="7.7717115619">
				<ele>2546.3</ele>
			</trkpt>
			<trkpt lat="46.5146269642" lon="7.7717106750">
				<ele>2546.7</ele>
			</trkpt>
			<trkpt lat="46.5145914657" lon="7.7717203989">
				<ele>2546.7</ele>
			</trkpt>
			<trkpt lat="46.5145673598" lon="7.7717195341">
				<ele>2546.8</ele>
			</trkpt>
			<trkpt lat="46.5145205037" lon="7.7717064241">
				<ele>2547.4</ele>
			</trkpt>
			<trkpt lat="46.5144659204" lon="7.7716932929">
				<ele>2548.4</ele>
			</trkpt>
			<trkpt lat="46.5144072485" lon="7.7716786119">
				<ele>2550.1</ele>
			</trkpt>
			<trkpt lat="46.5143681114" lon="7.7716898381">
				<ele>2551.4</ele>
			</trkpt>
			<trkpt lat="46.5143562822" lon="7.7716897916">
				<ele>2551.9</ele>
			</trkpt>
			<trkpt lat="46.5143421943" lon="7.7716623934">
				<ele>2552.5</ele>
			</trkpt>
			<trkpt lat="46.5143226421" lon="7.7716547155">
				<ele>2553.3</ele>
			</trkpt>
			<trkpt lat="46.5142803420" lon="7.7716340241">
				<ele>2554.9</ele>
			</trkpt>
			<trkpt lat="46.5142558078" lon="7.7716012587">
				<ele>2556.3</ele>
			</trkpt>
			<trkpt lat="46.5142280693" lon="7.7715813997">
				<ele>2557.9</ele>
			</trkpt>
			<trkpt lat="46.5141980637" lon="7.7715554546">
				<ele>2559.3</ele>
			</trkpt>
			<trkpt lat="46.5141616759" lon="7.7715340306">
				<ele>2561.1</ele>
			</trkpt>
			<trkpt lat="46.5141216651" lon="7.7715118416">
				<ele>2563.0</ele>
			</trkpt>
			<trkpt lat="46.5141043926" lon="7.7714813756">
				<ele>2564.1</ele>
			</trkpt>
			<trkpt lat="46.5140871293" lon="7.7714600429">
				<ele>2565.2</ele>
			</trkpt>
			<trkpt lat="46.5140280177" lon="7.7714081451">
				<ele>2567.9</ele>
			</trkpt>
			<trkpt lat="46.5139775404" lon="7.7713813452">
				<ele>2569.5</ele>
			</trkpt>
			<trkpt lat="46.5139311582" lon="7.7713538142">
				<ele>2570.9</ele>
			</trkpt>
			<trkpt lat="46.5139229740" lon="7.7713408642">
				<ele>2571.3</ele>
			</trkpt>
			<trkpt lat="46.5139225393" lon="7.7713233880">
				<ele>2572.2</ele>
			</trkpt>
			<trkpt lat="46.5139334750" lon="7.7713029325">
				<ele>2572.9</ele>
			</trkpt>
			<trkpt lat="46.5139621522" lon="7.7712817778">
				<ele>2574.1</ele>
			</trkpt>
			<trkpt lat="46.5140176744" lon="7.7712599807">
				<ele>2576.1</ele>
			</trkpt>
			<trkpt lat="46.5140508817" lon="7.7712646796">
				<ele>2577.2</ele>
			</trkpt>
			<trkpt lat="46.5140681647" lon="7.7712700633">
				<ele>2578.3</ele>
			</trkpt>
			<trkpt lat="46.5140859147" lon="7.7712572335">
				<ele>2579.3</ele>
			</trkpt>
			<trkpt lat="46.5140777526" lon="7.7712306012">
				<ele>2579.8</ele>
			</trkpt>
			<trkpt lat="46.5140673013" lon="7.7712115779">
				<ele>2580.5</ele>
			</trkpt>
			<trkpt lat="46.5140477447" lon="7.7712023763">
				<ele>2581.0</ele>
			</trkpt>
			<trkpt lat="46.5140363827" lon="7.7711901750">
				<ele>2581.8</ele>
			</trkpt>
			<trkpt lat="46.5140477705" lon="7.7711719896">
				<ele>2583.1</ele>
			</trkpt>
			<trkpt lat="46.5140573262" lon="7.7711743156">
				<ele>2583.7</ele>
			</trkpt>
			<trkpt lat="46.5140714223" lon="7.7711774124">
				<ele>2584.1</ele>
			</trkpt>
			<trkpt lat="46.5140918939" lon="7.7711752189">
				<ele>2584.4</ele>
			</trkpt>
			<trkpt lat="46.5141119114" lon="7.7711775829">
				<ele>2584.9</ele>
			</trkpt>
			<trkpt lat="46.5141332895" lon="7.7711822219">
				<ele>2585.4</ele>
			</trkpt>
			<trkpt lat="46.5141405888" lon="7.7711655494">
				<ele>2586.2</ele>
			</trkpt>
			<trkpt lat="46.5141201169" lon="7.7711586216">
				<ele>2586.6</ele>
			</trkpt>
			<trkpt lat="46.5141092072" lon="7.7711487040">
				<ele>2586.9</ele>
			</trkpt>
			<trkpt lat="46.5140796624" lon="7.7711189574">
				<ele>2588.1</ele>
			</trkpt>
			<trkpt lat="46.5140423488" lon="7.7711218420">
				<ele>2589.3</ele>
			</trkpt>
			<trkpt lat="46.5140255179" lon="7.7711156928">
				<ele>2590.0</ele>
			</trkpt>
			<trkpt lat="46.5139891199" lon="7.7711223759">
				<ele>2591.1</ele>
			</trkpt>
			<trkpt lat="46.5139604488" lon="7.7711260563">
				<ele>2592.5</ele>
			</trkpt>
			<trkpt lat="46.5139463547" lon="7.7711191684">
				<ele>2592.9</ele>
			</trkpt>
			<trkpt lat="46.5139295409" lon="7.7710917539">
				<ele>2593.6</ele>
			</trkpt>
			<trkpt lat="46.5139081714" lon="7.7710749445">
				<ele>2594.1</ele>
			</trkpt>
			<trkpt lat="46.5138617890" lon="7.7710443774">
				<ele>2595.1</ele>
			</trkpt>
			<trkpt lat="46.5138399739" lon="7.7710230178">
				<ele>2595.9</ele>
			</trkpt>
			<trkpt lat="46.5137908611" lon="7.7709848373">
				<ele>2597.5</ele>
			</trkpt>
			<trkpt lat="46.5137804145" lon="7.7709673132">
				<ele>2598.8</ele>
			</trkpt>
			<trkpt lat="46.5137654134" lon="7.7709444702">
				<ele>2599.9</ele>
			</trkpt>
			<trkpt lat="46.5137445003" lon="7.7709253963">
				<ele>2601.3</ele>
			</trkpt>
			<trkpt lat="46.5137103887" lon="7.7709161311">
				<ele>2602.2</ele>
			</trkpt>
			<trkpt lat="46.5136780856" lon="7.7709159982">
				<ele>2602.6</ele>
			</trkpt>
			<trkpt lat="46.5136403138" lon="7.7709340743">
				<ele>2603.1</ele>
			</trkpt>
			<trkpt lat="46.5136102908" lon="7.7709263587">
				<ele>2603.8</ele>
			</trkpt>
			<trkpt lat="46.5135798113" lon="7.7709178713">
				<ele>2604.2</ele>
			</trkpt>
			<trkpt lat="46.5135479906" lon="7.7708941959">
				<ele>2605.7</ele>
			</trkpt>
			<trkpt lat="46.5135056928" lon="7.7708757855">
				<ele>2607.1</ele>
			</trkpt>
			<trkpt lat="46.5134429146" lon="7.7708686899">
				<ele>2608.7</ele>
			</trkpt>
			<trkpt lat="46.5134024169" lon="7.7708776415">
				<ele>2610.3</ele>
			</trkpt>
			<trkpt lat="46.5133710221" lon="7.7708714286">
				<ele>2611.2</ele>
			</trkpt>
			<trkpt lat="46.5133041509" lon="7.7708643214">
				<ele>2613.4</ele>
			</trkpt>
			<trkpt lat="46.5132850402" lon="7.7708748755">
				<ele>2614.1</ele>
			</trkpt>
			<trkpt lat="46.5132445551" lon="7.7708610373">
				<ele>2615.5</ele>
			</trkpt>
			<trkpt lat="46.5131899588" lon="7.7708646114">
				<ele>2617.2</ele>
			</trkpt>
			<trkpt lat="46.5131563013" lon="7.7708477525">
				<ele>2618.3</ele>
			</trkpt>
			<trkpt lat="46.5131235591" lon="7.7708347046">
				<ele>2619.3</ele>
			</trkpt>
			<trkpt lat="46.5130762336" lon="7.7708405907">
				<ele>2621.0</ele>
			</trkpt>
			<trkpt lat="46.5130120990" lon="7.7708236102">
				<ele>2623.5</ele>
			</trkpt>
			<trkpt lat="46.5129766203" lon="7.7708204215">
				<ele>2626.0</ele>
			</trkpt>
			<trkpt lat="46.5129384048" lon="7.7708179850">
				<ele>2627.5</ele>
			</trkpt>
			<trkpt lat="46.5129188565" lon="7.7707966398">
				<ele>2628.8</ele>
			</trkpt>
			<trkpt lat="46.5128915615" lon="7.7707912085">
				<ele>2630.1</ele>
			</trkpt>
			<trkpt lat="46.5128842858" lon="7.7707813127">
				<ele>2630.6</ele>
			</trkpt>
			<trkpt lat="46.5128861248" lon="7.7707646071">
				<ele>2631.1</ele>
			</trkpt>
			<trkpt lat="46.5128961452" lon="7.7707464136">
				<ele>2632.0</ele>
			</trkpt>
			<trkpt lat="46.5129106859" lon="7.7707359350">
				<ele>2632.1</ele>
			</trkpt>
			<trkpt lat="46.5129243746" lon="7.7707214644">
				<ele>2632.2</ele>
			</trkpt>
			<trkpt lat="46.5129498524" lon="7.7707238489">
				<ele>2632.5</ele>
			</trkpt>
			<trkpt lat="46.5129716910" lon="7.7707155917">
				<ele>2632.9</ele>
			</trkpt>
			<trkpt lat="46.5129917258" lon="7.7706966777">
				<ele>2633.9</ele>
			</trkpt>
			<trkpt lat="46.5129840049" lon="7.7706852546">
				<ele>2634.6</ele>
			</trkpt>
			<trkpt lat="46.5129207913" lon="7.7706454911">
				<ele>2637.7</ele>
			</trkpt>
			<trkpt lat="46.5128753111" lon="7.7706232833">
				<ele>2640.4</ele>
			</trkpt>
			<trkpt lat="46.5128307437" lon="7.7705995430">
				<ele>2642.6</ele>
			</trkpt>
			<trkpt lat="46.5128193879" lon="7.7705759545">
				<ele>2643.8</ele>
			</trkpt>
			<trkpt lat="46.5128330515" lon="7.7705577833">
				<ele>2644.8</ele>
			</trkpt>
			<trkpt lat="46.5128694754" lon="7.7705207147">
				<ele>2646.2</ele>
			</trkpt>
			<trkpt lat="46.5128754137" lon="7.7704987178">
				<ele>2647.0</ele>
			</trkpt>
			<trkpt lat="46.5128322027" lon="7.7704787778">
				<ele>2648.8</ele>
			</trkpt>
			<trkpt lat="46.5127658031" lon="7.7704519200">
				<ele>2652.1</ele>
			</trkpt>
			<trkpt lat="46.5127084911" lon="7.7704304217">
				<ele>2655.4</ele>
			</trkpt>
			<trkpt lat="46.5126771054" lon="7.7704211736">
				<ele>2657.6</ele>
			</trkpt>
			<trkpt lat="46.5126447981" lon="7.7704316731">
				<ele>2658.8</ele>
			</trkpt>
			<trkpt lat="46.5126083741" lon="7.7704626704">
				<ele>2659.9</ele>
			</trkpt>
			<trkpt lat="46.5125624012" lon="7.7704951329">
				<ele>2661.0</ele>
			</trkpt>
			<trkpt lat="46.5125628661" lon="7.7704807110">
				<ele>2661.1</ele>
			</trkpt>
			<trkpt lat="46.5125769358" lon="7.7704374600">
				<ele>2663.2</ele>
			</trkpt>
			<trkpt lat="46.5125813162" lon="7.7704159880">
				<ele>2663.6</ele>
			</trkpt>
			<trkpt lat="46.5125739433" lon="7.7703871076">
				<ele>2665.2</ele>
			</trkpt>
			<trkpt lat="46.5125472349" lon="7.7703964166">
				<ele>2666.3</ele>
			</trkpt>
			<trkpt lat="46.5125067450" lon="7.7704211468">
				<ele>2668.3</ele>
			</trkpt>
			<trkpt lat="46.5124678452" lon="7.7704404923">
				<ele>2669.6</ele>
			</trkpt>
			<trkpt lat="46.5124627899" lon="7.7704250346">
				<ele>2670.0</ele>
			</trkpt>
			<trkpt lat="46.5124821388" lon="7.7703821285">
				<ele>2670.8</ele>
			</trkpt>
			<trkpt lat="46.5124916363" lon="7.7703519438">
				<ele>2671.3</ele>
			</trkpt>
			<trkpt lat="46.5124822434" lon="7.7703431955">
				<ele>2672.5</ele>
			</trkpt>
			<trkpt lat="46.5124653394" lon="7.7703559008">
				<ele>2673.7</ele>
			</trkpt>
			<trkpt lat="46.5124390139" lon="7.7703665538">
				<ele>2675.9</ele>
			</trkpt>
			<trkpt lat="46.5123954210" lon="7.7703818711">
				<ele>2678.9</ele>
			</trkpt>
			<trkpt lat="46.5123561704" lon="7.7703857869">
				<ele>2680.9</ele>
			</trkpt>
			<trkpt lat="46.5123310743" lon="7.7703790015">
				<ele>2682.6</ele>
			</trkpt>
			<trkpt lat="46.5123028701" lon="7.7703614600">
				<ele>2684.7</ele>
			</trkpt>
			<trkpt lat="46.5122817049" lon="7.7703546851">
				<ele>2685.4</ele>
			</trkpt>
			<trkpt lat="46.5122667962" lon="7.7703526263">
				<ele>2686.7</ele>
			</trkpt>
			<trkpt lat="46.5122420448" lon="7.7703632897">
				<ele>2688.0</ele>
			</trkpt>
			<trkpt lat="46.5122137419" lon="7.7703826738">
				<ele>2689.3</ele>
			</trkpt>
			<trkpt lat="46.5122043137" lon="7.7703860039">
				<ele>2689.7</ele>
			</trkpt>
			<trkpt lat="46.5121403744" lon="7.7703790976">
				<ele>2692.7</ele>
			</trkpt>
			<trkpt lat="46.5121042848" lon="7.7703756319">
				<ele>2694.6</ele>
			</trkpt>
			<trkpt lat="46.5120705197" lon="7.7703802334">
				<ele>2696.8</ele>
			</trkpt>
			<trkpt lat="46.5120567983" lon="7.7703781819">
				<ele>2697.9</ele>
			</trkpt>
			<trkpt lat="46.5120141103" lon="7.7703485122">
				<ele>2701.9</ele>
			</trkpt>
			<trkpt lat="46.5119909634" lon="7.7703457652">
				<ele>2703.8</ele>
			</trkpt>
			<trkpt lat="46.5119564852" lon="7.7703295405">
				<ele>2706.8</ele>
			</trkpt>
			<trkpt lat="46.5119165293" lon="7.7703039141">
				<ele>2711.6</ele>
			</trkpt>
			<trkpt lat="46.5118691541" lon="7.7702681829">
				<ele>2715.7</ele>
			</trkpt>
			<trkpt lat="46.5118103967" lon="7.7702304154">
				<ele>2721.6</ele>
			</trkpt>
			<trkpt lat="46.5117959345" lon="7.7702108993">
				<ele>2723.5</ele>
			</trkpt>
			<trkpt lat="46.5117866003" lon="7.7701820074">
				<ele>2725.4</ele>
			</trkpt>
			<trkpt lat="46.5117768624" lon="7.7701557978">
				<ele>2726.4</ele>
			</trkpt>
			<trkpt lat="46.5117729912" lon="7.7701383275">
				<ele>2727.0</ele>
			</trkpt>
			<trkpt lat="46.5117530287" lon="7.7701201457">
				<ele>2729.7</ele>
			</trkpt>
			<trkpt lat="46.5116993847" lon="7.7700810419">
				<ele>2734.9</ele>
			</trkpt>
			<trkpt lat="46.5116535709" lon="7.7700466630">
				<ele>2740.2</ele>
			</trkpt>
			<trkpt lat="46.5116034508" lon="7.7700082576">
				<ele>2745.1</ele>
			</trkpt>
			<trkpt lat="46.5115623371" lon="7.7699785854">
				<ele>2749.1</ele>
			</trkpt>
			<trkpt lat="46.5115294379" lon="7.7699576803">
				<ele>2752.3</ele>
			</trkpt>
			<trkpt lat="46.5114859417" lon="7.7699367359">
				<ele>2756.3</ele>
			</trkpt>
			<trkpt lat="46.5114639518" lon="7.7699413706">
				<ele>2757.6</ele>
			</trkpt>
			<trkpt lat="46.5114235109" lon="7.7699493058">
				<ele>2760.1</ele>
			</trkpt>
			<trkpt lat="46.5114085760" lon="7.7699593382">
				<ele>2761.3</ele>
			</trkpt>
			<trkpt lat="46.5113759395" lon="7.7699840772">
				<ele>2763.8</ele>
			</trkpt>
			<trkpt lat="46.5113601953" lon="7.7700001510">
				<ele>2764.7</ele>
			</trkpt>
			<trkpt lat="46.5113444312" lon="7.7700229216">
				<ele>2765.3</ele>
			</trkpt>
			<trkpt lat="46.5113290671" lon="7.7700443649">
				<ele>2766.5</ele>
			</trkpt>
			<trkpt lat="46.5113091094" lon="7.7700677873">
				<ele>2767.8</ele>
			</trkpt>
			<trkpt lat="46.5112987679" lon="7.7700789293">
				<ele>2768.4</ele>
			</trkpt>
			<trkpt lat="46.5112866936" lon="7.7700919502">
				<ele>2769.2</ele>
			</trkpt>
			<trkpt lat="46.5112575334" lon="7.7701184043">
				<ele>2771.4</ele>
			</trkpt>
			<trkpt lat="46.5112191433" lon="7.7701511735">
				<ele>2773.9</ele>
			</trkpt>
			<trkpt lat="46.5111839117" lon="7.7701711925">
				<ele>2775.9</ele>
			</trkpt>
			<trkpt lat="46.5111535365" lon="7.7702040369">
				<ele>2777.0</ele>
			</trkpt>
			<trkpt lat="46.5111268844" lon="7.7701847988">
				<ele>2777.8</ele>
			</trkpt>
			<trkpt lat="46.5111131019" lon="7.7701851574">
				<ele>2777.8</ele>
			</trkpt>
			<trkpt lat="46.5110938008" lon="7.7701901337">
				<ele>2777.8</ele>
			</trkpt>
			<trkpt lat="46.5110698765" lon="7.7702070949">
				<ele>2777.7</ele>
			</trkpt>
			<trkpt lat="46.5110431832" lon="7.7702297721">
				<ele>2777.7</ele>
			</trkpt>
			<trkpt lat="46.5110140479" lon="7.7702477050">
				<ele>2777.8</ele>
			</trkpt>
			<trkpt lat="46.5109921975" lon="7.7702569132">
				<ele>2778.2</ele>
			</trkpt>
			<trkpt lat="46.5109850337" lon="7.7702703807">
				<ele>2778.6</ele>
			</trkpt>
			<trkpt lat="46.5109854307" lon="7.7702884291">
				<ele>2779.0</ele>
			</trkpt>
			<trkpt lat="46.5109991859" lon="7.7703035627">
				<ele>2779.5</ele>
			</trkpt>
			<trkpt lat="46.5110036104" lon="7.7703163712">
				<ele>2779.8</ele>
			</trkpt>
			<trkpt lat="46.5110182170" lon="7.7703480577">
				<ele>2780.6</ele>
			</trkpt>
			<trkpt lat="46.5110146022" lon="7.7703660681">
				<ele>2780.9</ele>
			</trkpt>
			<trkpt lat="46.5110182170" lon="7.7703480577">
				<ele>2780.6</ele>
			</trkpt>
			<trkpt lat="46.5110036104" lon="7.7703163712">
				<ele>2779.8</ele>
			</trkpt>
			<trkpt lat="46.5109991859" lon="7.7703035627">
				<ele>2779.5</ele>
			</trkpt>
			<trkpt lat="46.5109854307" lon="7.7702884291">
				<ele>2779.0</ele>
			</trkpt>
			<trkpt lat="46.5109850337" lon="7.7702703807">
				<ele>2778.6</ele>
			</trkpt>
			<trkpt lat="46.5109921975" lon="7.7702569132">
				<ele>2778.2</ele>
			</trkpt>
			<trkpt lat="46.5109882271" lon="7.7702425957">
				<ele>2777.9</ele>
			</trkpt>
			<trkpt lat="46.5109851781" lon="7.7702177690">
				<ele>2777.1</ele>
			</trkpt>
			<trkpt lat="46.5109774799" lon="7.7701893178">
				<ele>2776.2</ele>
			</trkpt>
			<trkpt lat="46.5109827433" lon="7.7701704308">
				<ele>2775.5</ele>
			</trkpt>
			<trkpt lat="46.5110008641" lon="7.7701353619">
				<ele>2774.5</ele>
			</trkpt>
			<trkpt lat="46.5110037741" lon="7.7701029889">
				<ele>2773.0</ele>
			</trkpt>
			<trkpt lat="46.5109833848" lon="7.7701016395">
				<ele>2772.4</ele>
			</trkpt>
			<trkpt lat="46.5109517822" lon="7.7701050026">
				<ele>2771.6</ele>
			</trkpt>
			<trkpt lat="46.5109297649" lon="7.7701097150">
				<ele>2771.1</ele>
			</trkpt>
			<trkpt lat="46.5109121773" lon="7.7701070021">
				<ele>2770.6</ele>
			</trkpt>
			<trkpt lat="46.5108926023" lon="7.7701009275">
				<ele>2769.7</ele>
			</trkpt>
			<trkpt lat="46.5108706513" lon="7.7700860826">
				<ele>2769.0</ele>
			</trkpt>
			<trkpt lat="46.5108638851" lon="7.7700773117">
				<ele>2768.6</ele>
			</trkpt>
			<trkpt lat="46.5108607289" lon="7.7700644975">
				<ele>2768.4</ele>
			</trkpt>
			<trkpt lat="46.5108863948" lon="7.7700456185">
				<ele>2767.6</ele>
			</trkpt>
			<trkpt lat="46.5109092134" lon="7.7700375367">
				<ele>2767.3</ele>
			</trkpt>
			<trkpt lat="46.5109292728" lon="7.7700193399">
				<ele>2766.5</ele>
			</trkpt>
			<trkpt lat="46.5109517648" lon="7.7699937183">
				<ele>2765.7</ele>
			</trkpt>
			<trkpt lat="46.5109770975" lon="7.7699532603">
				<ele>2764.3</ele>
			</trkpt>
			<trkpt lat="46.5110009022" lon="7.7698939127">
				<ele>2762.3</ele>
			</trkpt>
			<trkpt lat="46.5110202575" lon="7.7698487412">
				<ele>2760.6</ele>
			</trkpt>
			<trkpt lat="46.5110452664" lon="7.7697867041">
				<ele>2758.6</ele>
			</trkpt>
			<trkpt lat="46.5110685538" lon="7.7697597322">
				<ele>2757.8</ele>
			</trkpt>
			<trkpt lat="46.5110785943" lon="7.7697469199">
				<ele>2757.0</ele>
			</trkpt>
			<trkpt lat="46.5110826536" lon="7.7697307365">
				<ele>2756.8</ele>
			</trkpt>
			<trkpt lat="46.5110486725" lon="7.7697259943">
				<ele>2755.8</ele>
			</trkpt>
			<trkpt lat="46.5110070726" lon="7.7697273299">
				<ele>2754.3</ele>
			</trkpt>
			<trkpt lat="46.5109698904" lon="7.7697252911">
				<ele>2752.7</ele>
			</trkpt>
			<trkpt lat="46.5109359036" lon="7.7697225823">
				<ele>2751.8</ele>
			</trkpt>
			<trkpt lat="46.5109175074" lon="7.7697225741">
				<ele>2750.9</ele>
			</trkpt>
			<trkpt lat="46.5109075289" lon="7.7697171841">
				<ele>2750.6</ele>
			</trkpt>
			<trkpt lat="46.5109216661" lon="7.7696753677">
				<ele>2749.0</ele>
			</trkpt>
			<trkpt lat="46.5109686880" lon="7.7696099732">
				<ele>2747.3</ele>
			</trkpt>
			<trkpt lat="46.5110245155" lon="7.7695418704">
				<ele>2745.1</ele>
			</trkpt>
			<trkpt lat="46.5110574437" lon="7.7695034387">
				<ele>2743.4</ele>
			</trkpt>
			<trkpt lat="46.5111060362" lon="7.7694454549">
				<ele>2740.9</ele>
			</trkpt>
			<trkpt lat="46.5111470077" lon="7.7693942121">
				<ele>2738.6</ele>
			</trkpt>
			<trkpt lat="46.5111803415" lon="7.7693524084">
				<ele>2737.4</ele>
			</trkpt>
			<trkpt lat="46.5111975529" lon="7.7693483701">
				<ele>2737.0</ele>
			</trkpt>
			<trkpt lat="46.5112315495" lon="7.7693477044">
				<ele>2736.5</ele>
			</trkpt>
			<trkpt lat="46.5112859561" lon="7.7693443497">
				<ele>2735.9</ele>
			</trkpt>
			<trkpt lat="46.5113291593" lon="7.7693423461">
				<ele>2735.5</ele>
			</trkpt>
			<trkpt lat="46.5113515783" lon="7.7693356158">
				<ele>2735.4</ele>
			</trkpt>
			<trkpt lat="46.5113668281" lon="7.7693194355">
				<ele>2734.8</ele>
			</trkpt>
			<trkpt lat="46.5113788981" lon="7.7692985317">
				<ele>2733.9</ele>
			</trkpt>
			<trkpt lat="46.5114002308" lon="7.7692600940">
				<ele>2732.4</ele>
			</trkpt>
			<trkpt lat="46.5114094932" lon="7.7692425609">
				<ele>2731.8</ele>
			</trkpt>
			<trkpt lat="46.5114316036" lon="7.7692088447">
				<ele>2731.1</ele>
			</trkpt>
			<trkpt lat="46.5114412759" lon="7.7691865974">
				<ele>2730.4</ele>
			</trkpt>
			<trkpt lat="46.5114538125" lon="7.7691474801">
				<ele>2729.1</ele>
			</trkpt>
			<trkpt lat="46.5114626397" lon="7.7691373713">
				<ele>2728.9</ele>
			</trkpt>
			<trkpt lat="46.5114874929" lon="7.7691225385">
				<ele>2728.6</ele>
			</trkpt>
			<trkpt lat="46.5115115592" lon="7.7691029850">
				<ele>2727.9</ele>
			</trkpt>
			<trkpt lat="46.5115316499" lon="7.7690739858">
				<ele>2726.4</ele>
			</trkpt>
			<trkpt lat="46.5115558067" lon="7.7690233181">
				<ele>2724.3</ele>
			</trkpt>
			<trkpt lat="46.5115866684" lon="7.7689746968">
				<ele>2721.8</ele>
			</trkpt>
			<trkpt lat="46.5115907239" lon="7.7689566889">
				<ele>2720.7</ele>
			</trkpt>
			<trkpt lat="46.5115930023" lon="7.7689371584">
				<ele>2719.6</ele>
			</trkpt>
			<trkpt lat="46.5116269655" lon="7.7688923216">
				<ele>2717.8</ele>
			</trkpt>
			<trkpt lat="46.5116319028" lon="7.7688803384">
				<ele>2717.0</ele>
			</trkpt>
			<trkpt lat="46.5116266182" lon="7.7688569961">
				<ele>2716.2</ele>
			</trkpt>
			<trkpt lat="46.5116235627" lon="7.7688374331">
				<ele>2715.2</ele>
			</trkpt>
			<trkpt lat="46.5116351984" lon="7.7688142202">
				<ele>2714.5</ele>
			</trkpt>
			<trkpt lat="46.5116575998" lon="7.7687670336">
				<ele>2712.9</ele>
			</trkpt>
			<trkpt lat="46.5116638988" lon="7.7687415336">
				<ele>2712.0</ele>
			</trkpt>
			<trkpt lat="46.5116768774" lon="7.7687205826">
				<ele>2711.3</ele>
			</trkpt>
			<trkpt lat="46.5116902770" lon="7.7687033998">
				<ele>2710.7</ele>
			</trkpt>
			<trkpt lat="46.5116952732" lon="7.7686681069">
				<ele>2709.8</ele>
			</trkpt>
			<trkpt lat="46.5117002409" lon="7.7686425995">
				<ele>2709.3</ele>
			</trkpt>
			<trkpt lat="46.5117069724" lon="7.7686261053">
				<ele>2708.7</ele>
			</trkpt>
			<trkpt lat="46.5117194836" lon="7.7686081616">
				<ele>2707.8</ele>
			</trkpt>
			<trkpt lat="46.5117310913" lon="7.7685977308">
				<ele>2706.8</ele>
			</trkpt>
			<trkpt lat="46.5117538553" lon="7.7685806177">
				<ele>2706.1</ele>
			</trkpt>
			<trkpt lat="46.5117667921" lon="7.7685709504">
				<ele>2705.4</ele>
			</trkpt>
			<trkpt lat="46.5117811281" lon="7.7685409917">
				<ele>2704.5</ele>
			</trkpt>
			<trkpt lat="46.5117995745" lon="7.7685113045">
				<ele>2703.1</ele>
			</trkpt>
			<trkpt lat="46.5118141279" lon="7.7684591313">
				<ele>2701.1</ele>
			</trkpt>
			<trkpt lat="46.5118423696" lon="7.7684018295">
				<ele>2699.5</ele>
			</trkpt>
			<trkpt lat="46.5118649118" lon="7.7683432679">
				<ele>2697.6</ele>
			</trkpt>
			<trkpt lat="46.5118821001" lon="7.7683038142">
				<ele>2696.7</ele>
			</trkpt>
			<trkpt lat="46.5119022975" lon="7.7682751547">
				<ele>2696.5</ele>
			</trkpt>
			<trkpt lat="46.5119179212" lon="7.7682509490">
				<ele>2695.7</ele>
			</trkpt>
			<trkpt lat="46.5119450388" lon="7.7681872948">
				<ele>2693.8</ele>
			</trkpt>
			<trkpt lat="46.5119687066" lon="7.7681376393">
				<ele>2692.1</ele>
			</trkpt>
			<trkpt lat="46.5119835856" lon="7.7681096245">
				<ele>2690.9</ele>
			</trkpt>
			<trkpt lat="46.5119958038" lon="7.7680809811">
				<ele>2689.5</ele>
			</trkpt>
			<trkpt lat="46.5120175570" lon="7.7680338806">
				<ele>2688.0</ele>
			</trkpt>
			<trkpt lat="46.5120507130" lon="7.7679880220">
				<ele>2686.5</ele>
			</trkpt>
			<trkpt lat="46.5120816412" lon="7.7679192699">
				<ele>2684.4</ele>
			</trkpt>
			<trkpt lat="46.5120974063" lon="7.7678710775">
				<ele>2684.2</ele>
			</trkpt>
			<trkpt lat="46.5121612648" lon="7.7678096521">
				<ele>2684.2</ele>
			</trkpt>
			<trkpt lat="46.5121624550" lon="7.7677931900">
				<ele>2683.0</ele>
			</trkpt>
			<trkpt lat="46.5121643919" lon="7.7677766406">
				<ele>2682.3</ele>
			</trkpt>
			<trkpt lat="46.5121735747" lon="7.7677492821">
				<ele>2681.4</ele>
			</trkpt>
			<trkpt lat="46.5121907408" lon="7.7677174502">
				<ele>2680.6</ele>
			</trkpt>
			<trkpt lat="46.5122078881" lon="7.7676919771">
				<ele>2680.1</ele>
			</trkpt>
			<trkpt lat="46.5122181896" lon="7.7676728728">
				<ele>2679.7</ele>
			</trkpt>
			<trkpt lat="46.5121871874" lon="7.7676769973">
				<ele>2678.8</ele>
			</trkpt>
			<trkpt lat="46.5121671890" lon="7.7676836253">
				<ele>2678.3</ele>
			</trkpt>
			<trkpt lat="46.5121471794" lon="7.7676940316">
				<ele>2677.6</ele>
			</trkpt>
			<trkpt lat="46.5121358038" lon="7.7676864707">
				<ele>2676.9</ele>
			</trkpt>
			<trkpt lat="46.5121599946" lon="7.7676268631">
				<ele>2675.1</ele>
			</trkpt>
			<trkpt lat="46.5121761419" lon="7.7675833503">
				<ele>2673.4</ele>
			</trkpt>
			<trkpt lat="46.5122009675" lon="7.7675095573">
				<ele>2671.0</ele>
			</trkpt>
			<trkpt lat="46.5122177797" lon="7.7674414482">
				<ele>2668.5</ele>
			</trkpt>
			<trkpt lat="46.5122253746" lon="7.7673969848">
				<ele>2667.1</ele>
			</trkpt>
			<trkpt lat="46.5122301037" lon="7.7673544190">
				<ele>2665.5</ele>
			</trkpt>
			<trkpt lat="46.5122330477" lon="7.7673317131">
				<ele>2664.8</ele>
			</trkpt>
			<trkpt lat="46.5122470808" lon="7.7672446810">
				<ele>2661.9</ele>
			</trkpt>
			<trkpt lat="46.5122541982" lon="7.7671756271">
				<ele>2660.0</ele>
			</trkpt>
			<trkpt lat="46.5122582730" lon="7.7671538661">
				<ele>2659.5</ele>
			</trkpt>
			<trkpt lat="46.5122674627" lon="7.7671396673">
				<ele>2659.3</ele>
			</trkpt>
			<trkpt lat="46.5122749449" lon="7.7671216925">
				<ele>2659.2</ele>
			</trkpt>
			<trkpt lat="46.5122773726" lon="7.7670848069">
				<ele>2657.8</ele>
			</trkpt>
			<trkpt lat="46.5122759767" lon="7.7670044044">
				<ele>2654.8</ele>
			</trkpt>
			<trkpt lat="46.5122775583" lon="7.7668927749">
				<ele>2651.7</ele>
			</trkpt>
			<trkpt lat="46.5122824185" lon="7.7668171013">
				<ele>2649.6</ele>
			</trkpt>
			<trkpt lat="46.5122888735" lon="7.7667716924">
				<ele>2648.6</ele>
			</trkpt>
			<trkpt lat="46.5122935152" lon="7.7667499347">
				<ele>2648.1</ele>
			</trkpt>
			<trkpt lat="46.5122832930" lon="7.7667385759">
				<ele>2647.2</ele>
			</trkpt>
			<trkpt lat="46.5122609540" lon="7.7667612949">
				<ele>2646.4</ele>
			</trkpt>
			<trkpt lat="46.5122391592" lon="7.7667887212">
				<ele>2645.9</ele>
			</trkpt>
			<trkpt lat="46.5122248620" lon="7.7667991366">
				<ele>2645.5</ele>
			</trkpt>
			<trkpt lat="46.5122145608" lon="7.7668057585">
				<ele>2645.1</ele>
			</trkpt>
			<trkpt lat="46.5122067769" lon="7.7667537354">
				<ele>2643.6</ele>
			</trkpt>
			<trkpt lat="46.5122071126" lon="7.7666686009">
				<ele>2641.2</ele>
			</trkpt>
			<trkpt lat="46.5122010630" lon="7.7666108946">
				<ele>2639.2</ele>
			</trkpt>
			<trkpt lat="46.5122006160" lon="7.7665787346">
				<ele>2638.5</ele>
			</trkpt>
			<trkpt lat="46.5122018783" lon="7.7665465714">
				<ele>2637.4</ele>
			</trkpt>
			<trkpt lat="46.5122043055" lon="7.7665096731">
				<ele>2636.2</ele>
			</trkpt>
			<trkpt lat="46.5122004683" lon="7.7664708993">
				<ele>2635.0</ele>
			</trkpt>
			<trkpt lat="46.5121920665" lon="7.7664302215">
				<ele>2633.0</ele>
			</trkpt>
			<trkpt lat="46.5121905805" lon="7.7663715655">
				<ele>2630.9</ele>
			</trkpt>
			<trkpt lat="46.5121907373" lon="7.7663327900">
				<ele>2630.4</ele>
			</trkpt>
			<trkpt lat="46.5121925470" lon="7.7663072496">
				<ele>2629.7</ele>
			</trkpt>
			<trkpt lat="46.5121973680" lon="7.7662419733">
				<ele>2627.4</ele>
			</trkpt>
			<trkpt lat="46.5122079057" lon="7.7661719630">
				<ele>2625.7</ele>
			</trkpt>
			<trkpt lat="46.5122082074" lon="7.7660953497">
				<ele>2622.6</ele>
			</trkpt>
			<trkpt lat="46.5122073304" lon="7.7660281891">
				<ele>2620.6</ele>
			</trkpt>
			<trkpt lat="46.5122117402" lon="7.7659212935">
				<ele>2617.2</ele>
			</trkpt>
			<trkpt lat="46.5122141953" lon="7.7658777758">
				<ele>2616.4</ele>
			</trkpt>
			<trkpt lat="46.5122106667" lon="7.7657566947">
				<ele>2612.9</ele>
			</trkpt>
			<trkpt lat="46.5122111716" lon="7.7656280419">
				<ele>2608.9</ele>
			</trkpt>
			<trkpt lat="46.5122153189" lon="7.7655278810">
				<ele>2605.7</ele>
			</trkpt>
			<trkpt lat="46.5122128796" lon="7.7654782881">
				<ele>2604.7</ele>
			</trkpt>
			<trkpt lat="46.5122117763" lon="7.7654490687">
				<ele>2604.1</ele>
			</trkpt>
			<trkpt lat="46.5122153526" lon="7.7654066393">
				<ele>2603.1</ele>
			</trkpt>
			<trkpt lat="46.5122195370" lon="7.7653529167">
				<ele>2601.4</ele>
			</trkpt>
			<trkpt lat="46.5122231530" lon="7.7652935228">
				<ele>2599.8</ele>
			</trkpt>
			<trkpt lat="46.5122297505" lon="7.7651983149">
				<ele>2597.9</ele>
			</trkpt>
			<trkpt lat="46.5122380415" lon="7.7651304536">
				<ele>2596.8</ele>
			</trkpt>
			<trkpt lat="46.5122551170" lon="7.7650296147">
				<ele>2594.3</ele>
			</trkpt>
			<trkpt lat="46.5122587256" lon="7.7649758755">
				<ele>2592.8</ele>
			</trkpt>
			<trkpt lat="46.5122705430" lon="7.7648891684">
				<ele>2590.7</ele>
			</trkpt>
			<trkpt lat="46.5122882156" lon="7.7647807887">
				<ele>2587.5</ele>
			</trkpt>
			<trkpt lat="46.5123018455" lon="7.7646610749">
				<ele>2584.4</ele>
			</trkpt>
			<trkpt lat="46.5123183740" lon="7.7645470334">
				<ele>2581.0</ele>
			</trkpt>
			<trkpt lat="46.5123231580" lon="7.7644848187">
				<ele>2579.5</ele>
			</trkpt>
			<trkpt lat="46.5123325785" lon="7.7644339288">
				<ele>2577.8</ele>
			</trkpt>
			<trkpt lat="46.5123402653" lon="7.7643726700">
				<ele>2576.0</ele>
			</trkpt>
			<trkpt lat="46.5123467478" lon="7.7643330853">
				<ele>2574.6</ele>
			</trkpt>
			<trkpt lat="46.5123514380" lon="7.7643161226">
				<ele>2574.0</ele>
			</trkpt>
			<trkpt lat="46.5123485630" lon="7.7642991405">
				<ele>2573.7</ele>
			</trkpt>
			<trkpt lat="46.5123357615" lon="7.7642962883">
				<ele>2573.4</ele>
			</trkpt>
			<trkpt lat="46.5122903703" lon="7.7642990122">
				<ele>2572.1</ele>
			</trkpt>
			<trkpt lat="46.5122478993" lon="7.7642904308">
				<ele>2570.7</ele>
			</trkpt>
			<trkpt lat="46.5121932257" lon="7.7642770985">
				<ele>2568.9</ele>
			</trkpt>
			<trkpt lat="46.5121891787" lon="7.7642610737">
				<ele>2568.6</ele>
			</trkpt>
			<trkpt lat="46.5121944700" lon="7.7642384467">
				<ele>2568.1</ele>
			</trkpt>
			<trkpt lat="46.5122155081" lon="7.7641923045">
				<ele>2566.9</ele>
			</trkpt>
			<trkpt lat="46.5122226013" lon="7.7641404625">
				<ele>2565.5</ele>
			</trkpt>
			<trkpt lat="46.5122384046" lon="7.7640971292">
				<ele>2564.1</ele>
			</trkpt>
			<trkpt lat="46.5122746309" lon="7.7640246146">
				<ele>2561.8</ele>
			</trkpt>
			<trkpt lat="46.5122938988" lon="7.7639935499">
				<ele>2560.7</ele>
			</trkpt>
			<trkpt lat="46.5123109402" lon="7.7639608694">
				<ele>2559.8</ele>
			</trkpt>
			<trkpt lat="46.5123348108" lon="7.7639087891">
				<ele>2558.3</ele>
			</trkpt>
			<trkpt lat="46.5123494421" lon="7.7638663999">
				<ele>2557.1</ele>
			</trkpt>
			<trkpt lat="46.5123634868" lon="7.7638277727">
				<ele>2556.1</ele>
			</trkpt>
			<trkpt lat="46.5123705231" lon="7.7638051561">
				<ele>2555.3</ele>
			</trkpt>
			<trkpt lat="46.5123711331" lon="7.7637900712">
				<ele>2555.0</ele>
			</trkpt>
			<trkpt lat="46.5123502055" lon="7.7637787140">
				<ele>2553.8</ele>
			</trkpt>
			<trkpt lat="46.5123275141" lon="7.7637739523">
				<ele>2552.6</ele>
			</trkpt>
			<trkpt lat="46.5123007720" lon="7.7637606837">
				<ele>2551.9</ele>
			</trkpt>
			<trkpt lat="46.5122699501" lon="7.7637521336">
				<ele>2550.9</ele>
			</trkpt>
			<trkpt lat="46.5122478543" lon="7.7637435970">
				<ele>2549.9</ele>
			</trkpt>
			<trkpt lat="46.5122310142" lon="7.7637247070">
				<ele>2549.0</ele>
			</trkpt>
			<trkpt lat="46.5122170756" lon="7.7637105251">
				<ele>2548.3</ele>
			</trkpt>
			<trkpt lat="46.5122077911" lon="7.7636982475">
				<ele>2547.9</ele>
			</trkpt>
			<trkpt lat="46.5122043180" lon="7.7636859917">
				<ele>2547.7</ele>
			</trkpt>
			<trkpt lat="46.5122061134" lon="7.7636652460">
				<ele>2547.0</ele>
			</trkpt>
			<trkpt lat="46.5122165995" lon="7.7636567874">
				<ele>2546.8</ele>
			</trkpt>
			<trkpt lat="46.5122399116" lon="7.7636426988">
				<ele>2546.4</ele>
			</trkpt>
			<trkpt lat="46.5122568233" lon="7.7636238810">
				<ele>2545.7</ele>
			</trkpt>
			<trkpt lat="46.5122702446" lon="7.7636050553">
				<ele>2545.1</ele>
			</trkpt>
			<trkpt lat="46.5122860096" lon="7.7635815138">
				<ele>2544.4</ele>
			</trkpt>
			<trkpt lat="46.5123058349" lon="7.7635598859">
				<ele>2543.8</ele>
			</trkpt>
			<trkpt lat="46.5123425397" lon="7.7635401705">
				<ele>2542.4</ele>
			</trkpt>
			<trkpt lat="46.5123833220" lon="7.7635195151">
				<ele>2541.6</ele>
			</trkpt>
			<trkpt lat="46.5123990347" lon="7.7635204955">
				<ele>2541.6</ele>
			</trkpt>
			<trkpt lat="46.5124124257" lon="7.7635186343">
				<ele>2541.2</ele>
			</trkpt>
			<trkpt lat="46.5124229091" lon="7.7635111138">
				<ele>2541.1</ele>
			</trkpt>
			<trkpt lat="46.5124305371" lon="7.7634828457">
				<ele>2540.4</ele>
			</trkpt>
			<trkpt lat="46.5124288745" lon="7.7634413618">
				<ele>2538.9</ele>
			</trkpt>
			<trkpt lat="46.5124306736" lon="7.7634130849">
				<ele>2537.7</ele>
			</trkpt>
			<trkpt lat="46.5124348187" lon="7.7633791540">
				<ele>2536.7</ele>
			</trkpt>
			<trkpt lat="46.5124465595" lon="7.7633282646">
				<ele>2535.5</ele>
			</trkpt>
			<trkpt lat="46.5124553425" lon="7.7633018928">
				<ele>2535.3</ele>
			</trkpt>
			<trkpt lat="46.5124571423" lon="7.7632764303">
				<ele>2535.1</ele>
			</trkpt>
			<trkpt lat="46.5124600821" lon="7.7632613593">
				<ele>2534.9</ele>
			</trkpt>
			<trkpt lat="46.5124577970" lon="7.7632424915">
				<ele>2534.5</ele>
			</trkpt>
			<trkpt lat="46.5124328771" lon="7.7631896366">
				<ele>2532.7</ele>
			</trkpt>
			<trkpt lat="46.5124172673" lon="7.7631368114">
				<ele>2531.0</ele>
			</trkpt>
			<trkpt lat="46.5124086445" lon="7.7630849402">
				<ele>2529.2</ele>
			</trkpt>
			<trkpt lat="46.5124064912" lon="7.7630010152">
				<ele>2527.5</ele>
			</trkpt>
			<trkpt lat="46.5124123598" lon="7.7629746389">
				<ele>2527.1</ele>
			</trkpt>
			<trkpt lat="46.5124211411" lon="7.7629520196">
				<ele>2526.9</ele>
			</trkpt>
			<trkpt lat="46.5124258463" lon="7.7629265744">
				<ele>2526.1</ele>
			</trkpt>
			<trkpt lat="46.5124288423" lon="7.7628822780">
				<ele>2525.6</ele>
			</trkpt>
			<trkpt lat="46.5124242685" lon="7.7628426660">
				<ele>2524.5</ele>
			</trkpt>
			<trkpt lat="46.5124231877" lon="7.7628021238">
				<ele>2523.9</ele>
			</trkpt>
			<trkpt lat="46.5124302282" lon="7.7627747903">
				<ele>2523.0</ele>
			</trkpt>
			<trkpt lat="46.5124413850" lon="7.7627267379">
				<ele>2521.4</ele>
			</trkpt>
			<trkpt lat="46.5124537048" lon="7.7626777413">
				<ele>2520.2</ele>
			</trkpt>
			<trkpt lat="46.5124648991" lon="7.7626070562">
				<ele>2518.9</ele>
			</trkpt>
			<trkpt lat="46.5124766584" lon="7.7625495737">
				<ele>2518.2</ele>
			</trkpt>
			<trkpt lat="46.5124790756" lon="7.7625061988">
				<ele>2517.8</ele>
			</trkpt>
			<trkpt lat="46.5124960642" lon="7.7624477834">
				<ele>2517.8</ele>
			</trkpt>
			<trkpt lat="46.5125008015" lon="7.7624110284">
				<ele>2517.4</ele>
			</trkpt>
			<trkpt lat="46.5124991402" lon="7.7623657659">
				<ele>2517.1</ele>
			</trkpt>
			<trkpt lat="46.5124910787" lon="7.7623252080">
				<ele>2517.2</ele>
			</trkpt>
			<trkpt lat="46.5124760793" lon="7.7622601255">
				<ele>2516.9</ele>
			</trkpt>
			<trkpt lat="46.5124627635" lon="7.7622261554">
				<ele>2516.4</ele>
			</trkpt>
			<trkpt lat="46.5124599220" lon="7.7621940851">
				<ele>2515.9</ele>
			</trkpt>
			<trkpt lat="46.5124640684" lon="7.7621563885">
				<ele>2514.5</ele>
			</trkpt>
			<trkpt lat="46.5124746472" lon="7.7621026645">
				<ele>2512.9</ele>
			</trkpt>
			<trkpt lat="46.5124846068" lon="7.7620706315">
				<ele>2512.7</ele>
			</trkpt>
			<trkpt lat="46.5124916551" lon="7.7620404834">
				<ele>2512.3</ele>
			</trkpt>
			<trkpt lat="46.5124940439" lon="7.7620103206">
				<ele>2511.9</ele>
			</trkpt>
			<trkpt lat="46.5124958219" lon="7.7619924021">
				<ele>2511.5</ele>
			</trkpt>
			<trkpt lat="46.5124929521" lon="7.7619735439">
				<ele>2510.8</ele>
			</trkpt>
			<trkpt lat="46.5124883261" lon="7.7619584538">
				<ele>2511.0</ele>
			</trkpt>
			<trkpt lat="46.5124802263" lon="7.7619376880">
				<ele>2511.2</ele>
			</trkpt>
			<trkpt lat="46.5124686143" lon="7.7619244586">
				<ele>2511.0</ele>
			</trkpt>
			<trkpt lat="46.5124581655" lon="7.7619102980">
				<ele>2510.7</ele>
			</trkpt>
			<trkpt lat="46.5124494960" lon="7.7618810464">
				<ele>2510.5</ele>
			</trkpt>
			<trkpt lat="46.5124489604" lon="7.7618574722">
				<ele>2510.3</ele>
			</trkpt>
			<trkpt lat="46.5124484506" lon="7.7618216502">
				<ele>2510.3</ele>
			</trkpt>
			<trkpt lat="46.5124467436" lon="7.7618018477">
				<ele>2510.1</ele>
			</trkpt>
			<trkpt lat="46.5124194751" lon="7.7617584125">
				<ele>2509.7</ele>
			</trkpt>
			<trkpt lat="46.5124154519" lon="7.7617338924">
				<ele>2509.4</ele>
			</trkpt>
			<trkpt lat="46.5124084925" lon="7.7616535486">
				<ele>2508.5</ele>
			</trkpt>
			<trkpt lat="46.5123770230" lon="7.7614803645">
				<ele>2504.4</ele>
			</trkpt>
			<trkpt lat="46.5123737554" lon="7.7612719333">
				<ele>2501.4</ele>
			</trkpt>
			<trkpt lat="46.5123579416" lon="7.7612051521">
				<ele>2501.0</ele>
			</trkpt>
			<trkpt lat="46.5122968479" lon="7.7610797679">
				<ele>2501.0</ele>
			</trkpt>
			<trkpt lat="46.5122533645" lon="7.7608919453">
				<ele>2497.6</ele>
			</trkpt>
			<trkpt lat="46.5122043866" lon="7.7607478700">
				<ele>2496.5</ele>
			</trkpt>
			<trkpt lat="46.5121526743" lon="7.7606162630">
				<ele>2492.7</ele>
			</trkpt>
			<trkpt lat="46.5121073941" lon="7.7605576591">
				<ele>2491.8</ele>
			</trkpt>
			<trkpt lat="46.5120688064" lon="7.7604990824">
				<ele>2491.6</ele>
			</trkpt>
			<trkpt lat="46.5120235705" lon="7.7604279852">
				<ele>2492.0</ele>
			</trkpt>
			<trkpt lat="46.5119823409" lon="7.7603589813">
				<ele>2492.7</ele>
			</trkpt>
			<trkpt lat="46.5119491381" lon="7.7602920991">
				<ele>2492.9</ele>
			</trkpt>
			<trkpt lat="46.5119214737" lon="7.7601689735">
				<ele>2491.8</ele>
			</trkpt>
			<trkpt lat="46.5119244648" lon="7.7600814575">
				<ele>2491.6</ele>
			</trkpt>
			<trkpt lat="46.5118566211" lon="7.7599726996">
				<ele>2491.6</ele>
			</trkpt>
			<trkpt lat="46.5117940467" lon="7.7598869072">
				<ele>2491.1</ele>
			</trkpt>
			<trkpt lat="46.5116373036" lon="7.7595692523">
				<ele>2490.2</ele>
			</trkpt>
			<trkpt lat="46.5116309859" lon="7.7594649922">
				<ele>2488.9</ele>
			</trkpt>
			<trkpt lat="46.5116448465" lon="7.7593316891">
				<ele>2487.7</ele>
			</trkpt>
			<trkpt lat="46.5116571780" lon="7.7592525553">
				<ele>2487.7</ele>
			</trkpt>
			<trkpt lat="46.5116198829" lon="7.7592044246">
				<ele>2488.6</ele>
			</trkpt>
			<trkpt lat="46.5115851796" lon="7.7591812998">
				<ele>2489.1</ele>
			</trkpt>
			<trkpt lat="46.5115410087" lon="7.7591852216">
				<ele>2489.1</ele>
			</trkpt>
			<trkpt lat="46.5114702029" lon="7.7591535838">
				<ele>2488.7</ele>
			</trkpt>
			<trkpt lat="46.5113968908" lon="7.7590760670">
				<ele>2488.0</ele>
			</trkpt>
			<trkpt lat="46.5113316057" lon="7.7590006703">
				<ele>2487.2</ele>
			</trkpt>
			<trkpt lat="46.5112877978" lon="7.7589045522">
				<ele>2484.8</ele>
			</trkpt>
			<trkpt lat="46.5112681649" lon="7.7587814890">
				<ele>2482.9</ele>
			</trkpt>
			<trkpt lat="46.5112323632" lon="7.7586916612">
				<ele>2480.9</ele>
			</trkpt>
			<trkpt lat="46.5112082938" lon="7.7586873630">
				<ele>2480.2</ele>
			</trkpt>
			<trkpt lat="46.5111999455" lon="7.7587769426">
				<ele>2478.9</ele>
			</trkpt>
			<trkpt lat="46.5111810576" lon="7.7588206100">
				<ele>2476.5</ele>
			</trkpt>
			<trkpt lat="46.5111208857" lon="7.7588077593">
				<ele>2474.8</ele>
			</trkpt>
			<trkpt lat="46.5110748183" lon="7.7585970223">
				<ele>2471.2</ele>
			</trkpt>
			<trkpt lat="46.5110363149" lon="7.7585113478">
				<ele>2467.8</ele>
			</trkpt>
			<trkpt lat="46.5110309241" lon="7.7583587142">
				<ele>2466.2</ele>
			</trkpt>
			<trkpt lat="46.5110392557" lon="7.7582878440">
				<ele>2464.6</ele>
			</trkpt>
			<trkpt lat="46.5110342374" lon="7.7581753182">
				<ele>2461.1</ele>
			</trkpt>
			<trkpt lat="46.5110425568" lon="7.7581086301">
				<ele>2459.6</ele>
			</trkpt>
			<trkpt lat="46.5110199297" lon="7.7580169253">
				<ele>2457.9</ele>
			</trkpt>
			<trkpt lat="46.5110285340" lon="7.7578648180">
				<ele>2455.1</ele>
			</trkpt>
			<trkpt lat="46.5110545064" lon="7.7577647870">
				<ele>2450.8</ele>
			</trkpt>
			<trkpt lat="46.5111207920" lon="7.7577147660">
				<ele>2448.6</ele>
			</trkpt>
			<trkpt lat="46.5111452270" lon="7.7576689161">
				<ele>2447.5</ele>
			</trkpt>
			<trkpt lat="46.5111116256" lon="7.7576314016">
				<ele>2446.8</ele>
			</trkpt>
			<trkpt lat="46.5110644305" lon="7.7576230718">
				<ele>2446.1</ele>
			</trkpt>
			<trkpt lat="46.5110388485" lon="7.7576063997">
				<ele>2444.8</ele>
			</trkpt>
			<trkpt lat="46.5110728846" lon="7.7575147161">
				<ele>2443.3</ele>
			</trkpt>
			<trkpt lat="46.5110838175" lon="7.7574751185">
				<ele>2441.9</ele>
			</trkpt>
			<trkpt lat="46.5109934435" lon="7.7574667694">
				<ele>2438.4</ele>
			</trkpt>
			<trkpt lat="46.5109230981" lon="7.7575209481">
				<ele>2436.7</ele>
			</trkpt>
			<trkpt lat="46.5108903438" lon="7.7576334731">
				<ele>2434.6</ele>
			</trkpt>
			<trkpt lat="46.5108588597" lon="7.7577710091">
				<ele>2432.7</ele>
			</trkpt>
			<trkpt lat="46.5108053556" lon="7.7576292987">
				<ele>2429.1</ele>
			</trkpt>
			<trkpt lat="46.5107505960" lon="7.7574667600">
				<ele>2425.2</ele>
			</trkpt>
			<trkpt lat="46.5107238525" lon="7.7573958920">
				<ele>2424.6</ele>
			</trkpt>
			<trkpt lat="46.5106876164" lon="7.7573354576">
				<ele>2424.3</ele>
			</trkpt>
			<trkpt lat="46.5106513660" lon="7.7572833479">
				<ele>2422.6</ele>
			</trkpt>
			<trkpt lat="46.5106177584" lon="7.7572479318">
				<ele>2421.2</ele>
			</trkpt>
			<trkpt lat="46.5105896245" lon="7.7571853949">
				<ele>2420.3</ele>
			</trkpt>
			<trkpt lat="46.5105628016" lon="7.7571395565">
				<ele>2419.7</ele>
			</trkpt>
			<trkpt lat="46.5105644910" lon="7.7570374548">
				<ele>2418.1</ele>
			</trkpt>
			<trkpt lat="46.5105284281" lon="7.7569311582">
				<ele>2417.2</ele>
			</trkpt>
			<trkpt lat="46.5104801681" lon="7.7568373758">
				<ele>2416.3</ele>
			</trkpt>
			<trkpt lat="46.5104347058" lon="7.7567144244">
				<ele>2415.4</ele>
			</trkpt>
			<trkpt lat="46.5104055796" lon="7.7565497843">
				<ele>2412.7</ele>
			</trkpt>
			<trkpt lat="46.5103856407" lon="7.7564580971">
				<ele>2411.0</ele>
			</trkpt>
			<trkpt lat="46.5103401290" lon="7.7563497259">
				<ele>2409.5</ele>
			</trkpt>
			<trkpt lat="46.5103135166" lon="7.7562413616">
				<ele>2407.8</ele>
			</trkpt>
			<trkpt lat="46.5102880604" lon="7.7561892645">
				<ele>2407.3</ele>
			</trkpt>
			<trkpt lat="46.5102584592" lon="7.7561621728">
				<ele>2407.9</ele>
			</trkpt>
			<trkpt lat="46.5102180166" lon="7.7561517471">
				<ele>2408.8</ele>
			</trkpt>
			<trkpt lat="46.5101829890" lon="7.7561350859">
				<ele>2409.4</ele>
			</trkpt>
			<trkpt lat="46.5101628688" lon="7.7561017427">
				<ele>2408.5</ele>
			</trkpt>
			<trkpt lat="46.5101120004" lon="7.7559850283">
				<ele>2406.7</ele>
			</trkpt>
			<trkpt lat="46.5100910275" lon="7.7557995646">
				<ele>2404.9</ele>
			</trkpt>
			<trkpt lat="46.5100655595" lon="7.7557516239">
				<ele>2404.7</ele>
			</trkpt>
			<trkpt lat="46.5100197370" lon="7.7557349522">
				<ele>2404.7</ele>
			</trkpt>
			<trkpt lat="46.5099495738" lon="7.7557370435">
				<ele>2405.2</ele>
			</trkpt>
			<trkpt lat="46.5098794396" lon="7.7557286981">
				<ele>2405.4</ele>
			</trkpt>
			<trkpt lat="46.5097933822" lon="7.7556432575">
				<ele>2403.0</ele>
			</trkpt>
			<trkpt lat="46.5096621621" lon="7.7553431581">
				<ele>2397.6</ele>
			</trkpt>
			<trkpt lat="46.5095820470" lon="7.7550910059">
				<ele>2393.1</ele>
			</trkpt>
			<trkpt lat="46.5095366943" lon="7.7549347168">
				<ele>2391.2</ele>
			</trkpt>
			<trkpt lat="46.5094888842" lon="7.7547075623">
				<ele>2388.9</ele>
			</trkpt>
			<trkpt lat="46.5094568203" lon="7.7546117024">
				<ele>2388.4</ele>
			</trkpt>
			<trkpt lat="46.5094192918" lon="7.7545366967">
				<ele>2388.3</ele>
			</trkpt>
			<trkpt lat="46.5093305145" lon="7.7544554122">
				<ele>2387.6</ele>
			</trkpt>
			<trkpt lat="46.5092833662" lon="7.7544366491">
				<ele>2386.9</ele>
			</trkpt>
			<trkpt lat="46.5092443628" lon="7.7543970611">
				<ele>2386.4</ele>
			</trkpt>
			<trkpt lat="46.5092070498" lon="7.7542574327">
				<ele>2385.9</ele>
			</trkpt>
			<trkpt lat="46.5090240387" lon="7.7537072857">
				<ele>2379.1</ele>
			</trkpt>
			<trkpt lat="46.5089372463" lon="7.7534384751">
				<ele>2374.9</ele>
			</trkpt>
			<trkpt lat="46.5088010173" lon="7.7530216958">
				<ele>2367.5</ele>
			</trkpt>
			<trkpt lat="46.5086822158" lon="7.7526361844">
				<ele>2361.8</ele>
			</trkpt>
			<trkpt lat="46.5086718669" lon="7.7525007149">
				<ele>2360.5</ele>
			</trkpt>
			<trkpt lat="46.5086412784" lon="7.7523910039">
				<ele>2359.0</ele>
			</trkpt>
			<trkpt lat="46.5086239483" lon="7.7523274656">
				<ele>2358.1</ele>
			</trkpt>
			<trkpt lat="46.5086167098" lon="7.7522937835">
				<ele>2357.5</ele>
			</trkpt>
			<trkpt lat="46.5086147239" lon="7.7522766390">
				<ele>2357.2</ele>
			</trkpt>
			<trkpt lat="46.5086200415" lon="7.7522633275">
				<ele>2356.6</ele>
			</trkpt>
			<trkpt lat="46.5086412019" lon="7.7522589681">
				<ele>2355.8</ele>
			</trkpt>
			<trkpt lat="46.5086490675" lon="7.7522056869">
				<ele>2354.7</ele>
			</trkpt>
			<trkpt lat="46.5086325693" lon="7.7521338927">
				<ele>2353.5</ele>
			</trkpt>
			<trkpt lat="46.5086192599" lon="7.7520900388">
				<ele>2353.0</ele>
			</trkpt>
			<trkpt lat="46.5086036013" lon="7.7520106282">
				<ele>2351.9</ele>
			</trkpt>
			<trkpt lat="46.5085862833" lon="7.7519426345">
				<ele>2351.0</ele>
			</trkpt>
			<trkpt lat="46.5085733831" lon="7.7518937016">
				<ele>2350.5</ele>
			</trkpt>
			<trkpt lat="46.5085591943" lon="7.7518752364">
				<ele>2350.0</ele>
			</trkpt>
			<trkpt lat="46.5085470655" lon="7.7518466195">
				<ele>2349.4</ele>
			</trkpt>
			<trkpt lat="46.5085313286" lon="7.7517957816">
				<ele>2348.4</ele>
			</trkpt>
			<trkpt lat="46.5085318224" lon="7.7517634071">
				<ele>2347.9</ele>
			</trkpt>
			<trkpt lat="46.5085364256" lon="7.7517120088">
				<ele>2346.8</ele>
			</trkpt>
			<trkpt lat="46.5085340908" lon="7.7516682054">
				<ele>2345.5</ele>
			</trkpt>
			<trkpt lat="46.5085239934" lon="7.7516402261">
				<ele>2345.2</ele>
			</trkpt>
			<trkpt lat="46.5085163465" lon="7.7516078185">
				<ele>2344.4</ele>
			</trkpt>
			<trkpt lat="46.5085071409" lon="7.7515500213">
				<ele>2342.8</ele>
			</trkpt>
			<trkpt lat="46.5084898401" lon="7.7514756829">
				<ele>2340.9</ele>
			</trkpt>
			<trkpt lat="46.5084879170" lon="7.7514325069">
				<ele>2340.1</ele>
			</trkpt>
			<trkpt lat="46.5084942037" lon="7.7513576272">
				<ele>2338.5</ele>
			</trkpt>
			<trkpt lat="46.5085020985" lon="7.7512903790">
				<ele>2337.2</ele>
			</trkpt>
			<trkpt lat="46.5085110735" lon="7.7512815318">
				<ele>2337.1</ele>
			</trkpt>
			<trkpt lat="46.5085046235" lon="7.7512586551">
				<ele>2336.6</ele>
			</trkpt>
			<trkpt lat="46.5084928161" lon="7.7512636812">
				<ele>2336.2</ele>
			</trkpt>
			<trkpt lat="46.5084757126" lon="7.7512712305">
				<ele>2335.7</ele>
			</trkpt>
			<trkpt lat="46.5084647482" lon="7.7512641968">
				<ele>2335.5</ele>
			</trkpt>
			<trkpt lat="46.5084615336" lon="7.7512489605">
				<ele>2334.9</ele>
			</trkpt>
			<trkpt lat="46.5084624372" lon="7.7512115078">
				<ele>2334.1</ele>
			</trkpt>
			<trkpt lat="46.5084563889" lon="7.7511898970">
				<ele>2333.4</ele>
			</trkpt>
			<trkpt lat="46.5084296745" lon="7.7511396470">
				<ele>2332.1</ele>
			</trkpt>
			<trkpt lat="46.5083936276" lon="7.7510779298">
				<ele>2330.5</ele>
			</trkpt>
			<trkpt lat="46.5083737770" lon="7.7510442011">
				<ele>2329.8</ele>
			</trkpt>
			<trkpt lat="46.5083579701" lon="7.7510219219">
				<ele>2329.1</ele>
			</trkpt>
			<trkpt lat="46.5083487102" lon="7.7509837983">
				<ele>2328.0</ele>
			</trkpt>
			<trkpt lat="46.5083345660" lon="7.7509488254">
				<ele>2326.9</ele>
			</trkpt>
			<trkpt lat="46.5083187933" lon="7.7509106774">
				<ele>2326.0</ele>
			</trkpt>
			<trkpt lat="46.5083091044" lon="7.7508814372">
				<ele>2325.2</ele>
			</trkpt>
			<trkpt lat="46.5082908666" lon="7.7508566163">
				<ele>2324.1</ele>
			</trkpt>
			<trkpt lat="46.5082762945" lon="7.7508267225">
				<ele>2323.1</ele>
			</trkpt>
			<trkpt lat="46.5082767398" lon="7.7508121198">
				<ele>2322.7</ele>
			</trkpt>
			<trkpt lat="46.5082836810" lon="7.7508000947">
				<ele>2322.4</ele>
			</trkpt>
			<trkpt lat="46.5083129797" lon="7.7507970326">
				<ele>2321.3</ele>
			</trkpt>
			<trkpt lat="46.5083455237" lon="7.7507946272">
				<ele>2320.2</ele>
			</trkpt>
			<trkpt lat="46.5083976107" lon="7.7507872145">
				<ele>2318.5</ele>
			</trkpt>
			<trkpt lat="46.5084232653" lon="7.7507777990">
				<ele>2317.3</ele>
			</trkpt>
			<trkpt lat="46.5084501743" lon="7.7507506064">
				<ele>2316.7</ele>
			</trkpt>
			<trkpt lat="46.5084656911" lon="7.7507278170">
				<ele>2315.8</ele>
			</trkpt>
			<trkpt lat="46.5084767218" lon="7.7507107344">
				<ele>2315.2</ele>
			</trkpt>
			<trkpt lat="46.5084808332" lon="7.7506910716">
				<ele>2314.8</ele>
			</trkpt>
			<trkpt lat="46.5084894064" lon="7.7506777665">
				<ele>2314.3</ele>
			</trkpt>
			<trkpt lat="46.5084931023" lon="7.7506650845">
				<ele>2314.0</ele>
			</trkpt>
			<trkpt lat="46.5085049202" lon="7.7506562541">
				<ele>2313.6</ele>
			</trkpt>
			<trkpt lat="46.5085070312" lon="7.7506276936">
				<ele>2312.6</ele>
			</trkpt>
			<trkpt lat="46.5085124350" lon="7.7505794788">
				<ele>2311.3</ele>
			</trkpt>
			<trkpt lat="46.5085206940" lon="7.7505299905">
				<ele>2309.9</ele>
			</trkpt>
			<trkpt lat="46.5085362948" lon="7.7504735613">
				<ele>2308.4</ele>
			</trkpt>
			<trkpt lat="46.5085453143" lon="7.7504450278">
				<ele>2307.5</ele>
			</trkpt>
			<trkpt lat="46.5085486646" lon="7.7504076022">
				<ele>2306.7</ele>
			</trkpt>
			<trkpt lat="46.5085581556" lon="7.7503549417">
				<ele>2305.7</ele>
			</trkpt>
			<trkpt lat="46.5085679780" lon="7.7503289667">
				<ele>2305.5</ele>
			</trkpt>
			<trkpt lat="46.5085716999" lon="7.7503067609">
				<ele>2305.1</ele>
			</trkpt>
			<trkpt lat="46.5085775002" lon="7.7502648933">
				<ele>2303.8</ele>
			</trkpt>
			<trkpt lat="46.5085886519" lon="7.7501970118">
				<ele>2302.1</ele>
			</trkpt>
			<trkpt lat="46.5086030843" lon="7.7501202634">
				<ele>2300.0</ele>
			</trkpt>
			<trkpt lat="46.5086178350" lon="7.7500752552">
				<ele>2298.9</ele>
			</trkpt>
			<trkpt lat="46.5086227749" lon="7.7500549585">
				<ele>2298.0</ele>
			</trkpt>
			<trkpt lat="46.5086220085" lon="7.7500359189">
				<ele>2297.4</ele>
			</trkpt>
			<trkpt lat="46.5086159734" lon="7.7500092268">
				<ele>2296.5</ele>
			</trkpt>
			<trkpt lat="46.5086201421" lon="7.7499686138">
				<ele>2295.3</ele>
			</trkpt>
			<trkpt lat="46.5086292414" lon="7.7499077168">
				<ele>2293.8</ele>
			</trkpt>
			<trkpt lat="46.5086368473" lon="7.7498501988">
				<ele>2292.1</ele>
			</trkpt>
			<trkpt lat="46.5086540569" lon="7.7497249986">
				<ele>2288.8</ele>
			</trkpt>
			<trkpt lat="46.5086663444" lon="7.7496791685">
				<ele>2287.2</ele>
			</trkpt>
			<trkpt lat="46.5086638468" lon="7.7496187261">
				<ele>2285.8</ele>
			</trkpt>
			<trkpt lat="46.5086668961" lon="7.7495103820">
				<ele>2281.4</ele>
			</trkpt>
			<trkpt lat="46.5086019267" lon="7.7495770559">
				<ele>2280.1</ele>
			</trkpt>
			<trkpt lat="46.5085544755" lon="7.7496458369">
				<ele>2279.2</ele>
			</trkpt>
			<trkpt lat="46.5085144934" lon="7.7496773848">
				<ele>2278.2</ele>
			</trkpt>
			<trkpt lat="46.5084690543" lon="7.7497140996">
				<ele>2277.6</ele>
			</trkpt>
			<trkpt lat="46.5084490634" lon="7.7497381404">
				<ele>2277.1</ele>
			</trkpt>
			<trkpt lat="46.5084290824" lon="7.7497583769">
				<ele>2276.8</ele>
			</trkpt>
			<trkpt lat="46.5084070843" lon="7.7497697161">
				<ele>2276.5</ele>
			</trkpt>
			<trkpt lat="46.5083810461" lon="7.7497746870">
				<ele>2275.9</ele>
			</trkpt>
			<trkpt lat="46.5083607032" lon="7.7497758727">
				<ele>2275.6</ele>
			</trkpt>
			<trkpt lat="46.5083326700" lon="7.7497605335">
				<ele>2275.4</ele>
			</trkpt>
			<trkpt lat="46.5083099298" lon="7.7497471132">
				<ele>2274.8</ele>
			</trkpt>
			<trkpt lat="46.5082892499" lon="7.7497203635">
				<ele>2274.1</ele>
			</trkpt>
			<trkpt lat="46.5082637268" lon="7.7496783688">
				<ele>2273.1</ele>
			</trkpt>
			<trkpt lat="46.5082398460" lon="7.7496313017">
				<ele>2271.7</ele>
			</trkpt>
			<trkpt lat="46.5082260495" lon="7.7496204477">
				<ele>2271.2</ele>
			</trkpt>
			<trkpt lat="46.5081996302" lon="7.7496101857">
				<ele>2270.2</ele>
			</trkpt>
			<trkpt lat="46.5081707663" lon="7.7496024636">
				<ele>2269.1</ele>
			</trkpt>
			<trkpt lat="46.5081488168" lon="7.7495960184">
				<ele>2268.6</ele>
			</trkpt>
			<trkpt lat="46.5081244429" lon="7.7495845046">
				<ele>2268.1</ele>
			</trkpt>
			<trkpt lat="46.5081126875" lon="7.7495673174">
				<ele>2267.7</ele>
			</trkpt>
			<trkpt lat="46.5080948871" lon="7.7495304220">
				<ele>2266.8</ele>
			</trkpt>
			<trkpt lat="46.5080798476" lon="7.7495265572">
				<ele>2266.3</ele>
			</trkpt>
			<trkpt lat="46.5080595087" lon="7.7495264795">
				<ele>2265.6</ele>
			</trkpt>
			<trkpt lat="46.5080485666" lon="7.7495080203">
				<ele>2264.8</ele>
			</trkpt>
			<trkpt lat="46.5080836595" lon="7.7494649922">
				<ele>2263.4</ele>
			</trkpt>
			<trkpt lat="46.5081167105" lon="7.7494251444">
				<ele>2261.9</ele>
			</trkpt>
			<trkpt lat="46.5081557499" lon="7.7494291074">
				<ele>2261.1</ele>
			</trkpt>
			<trkpt lat="46.5081736527" lon="7.7494253668">
				<ele>2260.7</ele>
			</trkpt>
			<trkpt lat="46.5081989452" lon="7.7493969005">
				<ele>2259.5</ele>
			</trkpt>
			<trkpt lat="46.5082205645" lon="7.7493728690">
				<ele>2258.7</ele>
			</trkpt>
			<trkpt lat="46.5082324135" lon="7.7493525989">
				<ele>2258.2</ele>
			</trkpt>
			<trkpt lat="46.5082467085" lon="7.7493291771">
				<ele>2257.4</ele>
			</trkpt>
			<trkpt lat="46.5082609692" lon="7.7493184448">
				<ele>2256.9</ele>
			</trkpt>
			<trkpt lat="46.5082898471" lon="7.7493210990">
				<ele>2256.4</ele>
			</trkpt>
			<trkpt lat="46.5083040813" lon="7.7493198776">
				<ele>2256.3</ele>
			</trkpt>
			<trkpt lat="46.5083191763" lon="7.7493034439">
				<ele>2256.3</ele>
			</trkpt>
			<trkpt lat="46.5083408511" lon="7.7492590878">
				<ele>2255.7</ele>
			</trkpt>
			<trkpt lat="46.5083604788" lon="7.7492166347">
				<ele>2255.2</ele>
			</trkpt>
			<trkpt lat="46.5083862243" lon="7.7491672339">
				<ele>2254.4</ele>
			</trkpt>
			<trkpt lat="46.5083997082" lon="7.7491444323">
				<ele>2254.1</ele>
			</trkpt>
			<trkpt lat="46.5084254174" lon="7.7491115256">
				<ele>2253.3</ele>
			</trkpt>
			<trkpt lat="46.5084470315" lon="7.7490893961">
				<ele>2252.7</ele>
			</trkpt>
			<trkpt lat="46.5084662216" lon="7.7490621847">
				<ele>2251.6</ele>
			</trkpt>
			<trkpt lat="46.5084784804" lon="7.7490368354">
				<ele>2250.7</ele>
			</trkpt>
			<trkpt lat="46.5084675521" lon="7.7490164867">
				<ele>2250.1</ele>
			</trkpt>
			<trkpt lat="46.5084553453" lon="7.7490196092">
				<ele>2249.5</ele>
			</trkpt>
			<trkpt lat="46.5084398837" lon="7.7490189079">
				<ele>2248.9</ele>
			</trkpt>
			<trkpt lat="46.5084211848" lon="7.7490143973">
				<ele>2248.5</ele>
			</trkpt>
			<trkpt lat="46.5084106237" lon="7.7490080049">
				<ele>2248.1</ele>
			</trkpt>
			<trkpt lat="46.5084033392" lon="7.7489940091">
				<ele>2247.7</ele>
			</trkpt>
			<trkpt lat="46.5083968801" lon="7.7489742984">
				<ele>2247.4</ele>
			</trkpt>
			<trkpt lat="46.5083891962" lon="7.7489583986">
				<ele>2246.8</ele>
			</trkpt>
			<trkpt lat="46.5083778302" lon="7.7489469333">
				<ele>2246.4</ele>
			</trkpt>
			<trkpt lat="46.5083579150" lon="7.7489398746">
				<ele>2245.9</ele>
			</trkpt>
			<trkpt lat="46.5083461406" lon="7.7489328371">
				<ele>2245.4</ele>
			</trkpt>
			<trkpt lat="46.5083372420" lon="7.7489137637">
				<ele>2245.0</ele>
			</trkpt>
			<trkpt lat="46.5083401214" lon="7.7489004389">
				<ele>2244.8</ele>
			</trkpt>
			<trkpt lat="46.5083547948" lon="7.7488865430">
				<ele>2244.5</ele>
			</trkpt>
			<trkpt lat="46.5083755615" lon="7.7488783626">
				<ele>2243.9</ele>
			</trkpt>
			<trkpt lat="46.5084072748" lon="7.7488835731">
				<ele>2243.2</ele>
			</trkpt>
			<trkpt lat="46.5084386147" lon="7.7488773554">
				<ele>2242.2</ele>
			</trkpt>
			<trkpt lat="46.5084565365" lon="7.7488666311">
				<ele>2241.6</ele>
			</trkpt>
			<trkpt lat="46.5084773412" lon="7.7488444969">
				<ele>2240.6</ele>
			</trkpt>
			<trkpt lat="46.5084936795" lon="7.7488172687">
				<ele>2239.1</ele>
			</trkpt>
			<trkpt lat="46.5084998337" lon="7.7487938000">
				<ele>2238.1</ele>
			</trkpt>
			<trkpt lat="46.5085059792" lon="7.7487766891">
				<ele>2237.6</ele>
			</trkpt>
			<trkpt lat="46.5085214840" lon="7.7487583422">
				<ele>2237.0</ele>
			</trkpt>
			<trkpt lat="46.5085381947" lon="7.7487463469">
				<ele>2236.5</ele>
			</trkpt>
			<trkpt lat="46.5085504449" lon="7.7487273556">
				<ele>2235.4</ele>
			</trkpt>
			<trkpt lat="46.5085737490" lon="7.7486792040">
				<ele>2234.1</ele>
			</trkpt>
			<trkpt lat="46.5085783012" lon="7.7486493938">
				<ele>2233.1</ele>
			</trkpt>
			<trkpt lat="46.5085852739" lon="7.7486259298">
				<ele>2232.3</ele>
			</trkpt>
			<trkpt lat="46.5085962830" lon="7.7486164557">
				<ele>2231.9</ele>
			</trkpt>
			<trkpt lat="46.5086150250" lon="7.7486019312">
				<ele>2231.4</ele>
			</trkpt>
			<trkpt lat="46.5086297250" lon="7.7485784983">
				<ele>2230.2</ele>
			</trkpt>
			<trkpt lat="46.5086465146" lon="7.7485341267">
				<ele>2228.9</ele>
			</trkpt>
			<trkpt lat="46.5086636732" lon="7.7485062649">
				<ele>2227.9</ele>
			</trkpt>
			<trkpt lat="46.5086751116" lon="7.7484847281">
				<ele>2227.1</ele>
			</trkpt>
			<trkpt lat="46.5086763712" lon="7.7484714070">
				<ele>2226.5</ele>
			</trkpt>
			<trkpt lat="46.5086650087" lon="7.7484586646">
				<ele>2226.0</ele>
			</trkpt>
			<trkpt lat="46.5086495524" lon="7.7484592410">
				<ele>2225.4</ele>
			</trkpt>
			<trkpt lat="46.5086369598" lon="7.7484522112">
				<ele>2224.9</ele>
			</trkpt>
			<trkpt lat="46.5086296614" lon="7.7484432968">
				<ele>2224.1</ele>
			</trkpt>
			<trkpt lat="46.5086272512" lon="7.7484299547">
				<ele>2223.9</ele>
			</trkpt>
			<trkpt lat="46.5086350528" lon="7.7484026907">
				<ele>2222.9</ele>
			</trkpt>
			<trkpt lat="46.5086514049" lon="7.7483703813">
				<ele>2221.6</ele>
			</trkpt>
			<trkpt lat="46.5086567870" lon="7.7483297748">
				<ele>2220.3</ele>
			</trkpt>
			<trkpt lat="46.5086634011" lon="7.7482891756">
				<ele>2218.7</ele>
			</trkpt>
			<trkpt lat="46.5086744884" lon="7.7482479632">
				<ele>2217.6</ele>
			</trkpt>
			<trkpt lat="46.5086782461" lon="7.7482092498">
				<ele>2216.4</ele>
			</trkpt>
			<trkpt lat="46.5086848049" lon="7.7481889622">
				<ele>2215.7</ele>
			</trkpt>
			<trkpt lat="46.5086999186" lon="7.7481623653">
				<ele>2215.2</ele>
			</trkpt>
			<trkpt lat="46.5087044356" lon="7.7481452451">
				<ele>2214.6</ele>
			</trkpt>
			<trkpt lat="46.5087073149" lon="7.7481319199">
				<ele>2214.3</ele>
			</trkpt>
			<trkpt lat="46.5087004211" lon="7.7481230079">
				<ele>2213.9</ele>
			</trkpt>
			<trkpt lat="46.5086812985" lon="7.7481254784">
				<ele>2213.1</ele>
			</trkpt>
			<trkpt lat="46.5086389498" lon="7.7481443498">
				<ele>2211.7</ele>
			</trkpt>
			<trkpt lat="46.5086116746" lon="7.7481543957">
				<ele>2210.8</ele>
			</trkpt>
			<trkpt lat="46.5086014726" lon="7.7481645131">
				<ele>2210.3</ele>
			</trkpt>
			<trkpt lat="46.5085921071" lon="7.7481714559">
				<ele>2209.7</ele>
			</trkpt>
			<trkpt lat="46.5085705398" lon="7.7481732741">
				<ele>2209.3</ele>
			</trkpt>
			<trkpt lat="46.5085449321" lon="7.7481655581">
				<ele>2208.4</ele>
			</trkpt>
			<trkpt lat="46.5085270517" lon="7.7481578731">
				<ele>2208.2</ele>
			</trkpt>
			<trkpt lat="46.5085144586" lon="7.7481508307">
				<ele>2207.8</ele>
			</trkpt>
			<trkpt lat="46.5084884636" lon="7.7481367675">
				<ele>2207.2</ele>
			</trkpt>
			<trkpt lat="46.5084693808" lon="7.7481246328">
				<ele>2206.8</ele>
			</trkpt>
			<trkpt lat="46.5084584506" lon="7.7481017307">
				<ele>2206.2</ele>
			</trkpt>
			<trkpt lat="46.5084389780" lon="7.7480807082">
				<ele>2205.6</ele>
			</trkpt>
			<trkpt lat="46.5084280254" lon="7.7480692454">
				<ele>2205.3</ele>
			</trkpt>
			<trkpt lat="46.5084301138" lon="7.7480489324">
				<ele>2205.3</ele>
			</trkpt>
			<trkpt lat="46.5084480390" lon="7.7480369441">
				<ele>2204.8</ele>
			</trkpt>
			<trkpt lat="46.5084618893" lon="7.7480281113">
				<ele>2203.9</ele>
			</trkpt>
			<trkpt lat="46.5084769634" lon="7.7480192856">
				<ele>2203.6</ele>
			</trkpt>
			<trkpt lat="46.5085026688" lon="7.7479876550">
				<ele>2202.7</ele>
			</trkpt>
			<trkpt lat="46.5085193862" lon="7.7479699399">
				<ele>2202.2</ele>
			</trkpt>
			<trkpt lat="46.5085283523" lon="7.7479642715">
				<ele>2201.9</ele>
			</trkpt>
			<trkpt lat="46.5085361418" lon="7.7479414502">
				<ele>2201.4</ele>
			</trkpt>
			<trkpt lat="46.5085423354" lon="7.7479033892">
				<ele>2200.3</ele>
			</trkpt>
			<trkpt lat="46.5085558408" lon="7.7478691613">
				<ele>2199.4</ele>
			</trkpt>
			<trkpt lat="46.5085918171" lon="7.7477988411">
				<ele>2197.2</ele>
			</trkpt>
			<trkpt lat="46.5086171626" lon="7.7477475216">
				<ele>2195.9</ele>
			</trkpt>
			<trkpt lat="46.5086527651" lon="7.7476522880">
				<ele>2193.6</ele>
			</trkpt>
			<trkpt lat="46.5086955321" lon="7.7474796773">
				<ele>2189.2</ele>
			</trkpt>
			<trkpt lat="46.5087015264" lon="7.7473526404">
				<ele>2185.8</ele>
			</trkpt>
			<trkpt lat="46.5087087315" lon="7.7472964616">
				<ele>2184.5</ele>
			</trkpt>
			<trkpt lat="46.5087224858" lon="7.7472699611">
				<ele>2183.7</ele>
			</trkpt>
			<trkpt lat="46.5087355611" lon="7.7472452544">
				<ele>2183.0</ele>
			</trkpt>
			<trkpt lat="46.5087417512" lon="7.7472116360">
				<ele>2182.5</ele>
			</trkpt>
			<trkpt lat="46.5087450963" lon="7.7471722948">
				<ele>2182.1</ele>
			</trkpt>
			<trkpt lat="46.5087475961" lon="7.7471494563">
				<ele>2181.6</ele>
			</trkpt>
			<trkpt lat="46.5087570114" lon="7.7471241033">
				<ele>2181.0</ele>
			</trkpt>
			<trkpt lat="46.5087411798" lon="7.7471138767">
				<ele>2179.8</ele>
			</trkpt>
			<trkpt lat="46.5087224498" lon="7.7471207927">
				<ele>2179.4</ele>
			</trkpt>
			<trkpt lat="46.5087106517" lon="7.7471226408">
				<ele>2179.0</ele>
			</trkpt>
			<trkpt lat="46.5086992598" lon="7.7471206998">
				<ele>2178.5</ele>
			</trkpt>
			<trkpt lat="46.5086964718" lon="7.7470971927">
				<ele>2178.0</ele>
			</trkpt>
			<trkpt lat="46.5087051821" lon="7.7470299480">
				<ele>2176.4</ele>
			</trkpt>
			<trkpt lat="46.5087268543" lon="7.7469862290">
				<ele>2175.5</ele>
			</trkpt>
			<trkpt lat="46.5087215940" lon="7.7469754242">
				<ele>2175.2</ele>
			</trkpt>
			<trkpt lat="46.5087122640" lon="7.7469626809">
				<ele>2174.8</ele>
			</trkpt>
			<trkpt lat="46.5087127242" lon="7.7469423714">
				<ele>2174.6</ele>
			</trkpt>
			<trkpt lat="46.5087294427" lon="7.7469240307">
				<ele>2173.7</ele>
			</trkpt>
			<trkpt lat="46.5087335502" lon="7.7469088102">
				<ele>2173.1</ele>
			</trkpt>
			<trkpt lat="46.5087295544" lon="7.7468796026">
				<ele>2172.6</ele>
			</trkpt>
			<trkpt lat="46.5087153677" lon="7.7468598613">
				<ele>2172.3</ele>
			</trkpt>
			<trkpt lat="46.5087109310" lon="7.7468439799">
				<ele>2172.1</ele>
			</trkpt>
			<trkpt lat="46.5087162567" lon="7.7468306685">
				<ele>2171.8</ele>
			</trkpt>
			<trkpt lat="46.5087439415" lon="7.7468187221">
				<ele>2171.0</ele>
			</trkpt>
			<trkpt lat="46.5087602268" lon="7.7468143329">
				<ele>2170.6</ele>
			</trkpt>
			<trkpt lat="46.5087667595" lon="7.7468035691">
				<ele>2170.5</ele>
			</trkpt>
			<trkpt lat="46.5087708877" lon="7.7467807397">
				<ele>2170.1</ele>
			</trkpt>
			<trkpt lat="46.5087729586" lon="7.7467667846">
				<ele>2169.8</ele>
			</trkpt>
			<trkpt lat="46.5087786762" lon="7.7467547392">
				<ele>2169.4</ele>
			</trkpt>
			<trkpt lat="46.5087925305" lon="7.7467478085">
				<ele>2169.0</ele>
			</trkpt>
			<trkpt lat="46.5088023162" lon="7.7467383268">
				<ele>2169.0</ele>
			</trkpt>
			<trkpt lat="46.5088133685" lon="7.7467098042">
				<ele>2169.0</ele>
			</trkpt>
			<trkpt lat="46.5088301373" lon="7.7466730537">
				<ele>2168.4</ele>
			</trkpt>
			<trkpt lat="46.5088314355" lon="7.7466419610">
				<ele>2167.9</ele>
			</trkpt>
			<trkpt lat="46.5088306941" lon="7.7466102183">
				<ele>2167.1</ele>
			</trkpt>
			<trkpt lat="46.5088246331" lon="7.7465962299">
				<ele>2166.8</ele>
			</trkpt>
			<trkpt lat="46.5088243258" lon="7.7465568676">
				<ele>2166.3</ele>
			</trkpt>
			<trkpt lat="46.5088220246" lon="7.7464997356">
				<ele>2165.5</ele>
			</trkpt>
			<trkpt lat="46.5088221276" lon="7.7464584735">
				<ele>2165.0</ele>
			</trkpt>
			<trkpt lat="46.5088308100" lon="7.7464013780">
				<ele>2164.2</ele>
			</trkpt>
			<trkpt lat="46.5088308746" lon="7.7463740827">
				<ele>2163.9</ele>
			</trkpt>
			<trkpt lat="46.5088309554" lon="7.7463442469">
				<ele>2163.6</ele>
			</trkpt>
			<trkpt lat="46.5088346660" lon="7.7463226790">
				<ele>2163.2</ele>
			</trkpt>
			<trkpt lat="46.5088501756" lon="7.7463024288">
				<ele>2162.8</ele>
			</trkpt>
			<trkpt lat="46.5088555039" lon="7.7462846746">
				<ele>2162.4</ele>
			</trkpt>
			<trkpt lat="46.5088645556" lon="7.7462440886">
				<ele>2161.5</ele>
			</trkpt>
			<trkpt lat="46.5088627024" lon="7.7461710769">
				<ele>2160.0</ele>
			</trkpt>
			<trkpt lat="46.5088543291" lon="7.7461037609">
				<ele>2158.6</ele>
			</trkpt>
			<trkpt lat="46.5088431104" lon="7.7460345266">
				<ele>2156.9</ele>
			</trkpt>
			<trkpt lat="46.5088370795" lon="7.7460059329">
				<ele>2156.5</ele>
			</trkpt>
			<trkpt lat="46.5088318366" lon="7.7459687576">
				<ele>2155.5</ele>
			</trkpt>
			<trkpt lat="46.5088337852" lon="7.7459366523">
				<ele>2154.9</ele>
			</trkpt>
			<trkpt lat="46.5088315144" lon="7.7458781265">
				<ele>2153.3</ele>
			</trkpt>
			<trkpt lat="46.5088179331" lon="7.7457974264">
				<ele>2151.5</ele>
			</trkpt>
			<trkpt lat="46.5088009698" lon="7.7457666601">
				<ele>2150.5</ele>
			</trkpt>
			<trkpt lat="46.5087981498" lon="7.7457516608">
				<ele>2150.2</ele>
			</trkpt>
			<trkpt lat="46.5087986449" lon="7.7457381005">
				<ele>2149.9</ele>
			</trkpt>
			<trkpt lat="46.5088038841" lon="7.7457167106">
				<ele>2149.5</ele>
			</trkpt>
			<trkpt lat="46.5087882962" lon="7.7457095085">
				<ele>2149.0</ele>
			</trkpt>
			<trkpt lat="46.5087779097" lon="7.7457016062">
				<ele>2148.5</ele>
			</trkpt>
			<trkpt lat="46.5087732224" lon="7.7456751700">
				<ele>2148.1</ele>
			</trkpt>
			<trkpt lat="46.5087794244" lon="7.7456402355">
				<ele>2147.5</ele>
			</trkpt>
			<trkpt lat="46.5087794793" lon="7.7456066993">
				<ele>2146.9</ele>
			</trkpt>
			<trkpt lat="46.5087644270" lon="7.7455609477">
				<ele>2145.6</ele>
			</trkpt>
			<trkpt lat="46.5087621183" lon="7.7455231246">
				<ele>2145.3</ele>
			</trkpt>
			<trkpt lat="46.5087735481" lon="7.7454746566">
				<ele>2144.7</ele>
			</trkpt>
			<trkpt lat="46.5087816115" lon="7.7454532827">
				<ele>2144.2</ele>
			</trkpt>
			<trkpt lat="46.5087821900" lon="7.7453890663">
				<ele>2143.0</ele>
			</trkpt>
			<trkpt lat="46.5087837131" lon="7.7453212724">
				<ele>2141.7</ele>
			</trkpt>
			<trkpt lat="46.5087776398" lon="7.7452784380">
				<ele>2140.2</ele>
			</trkpt>
			<trkpt lat="46.5087701441" lon="7.7452391394">
				<ele>2138.9</ele>
			</trkpt>
			<trkpt lat="46.5087688498" lon="7.7451620659">
				<ele>2137.5</ele>
			</trkpt>
			<trkpt lat="46.5087590526" lon="7.7450756808">
				<ele>2135.6</ele>
			</trkpt>
			<trkpt lat="46.5087572356" lon="7.7450321416">
				<ele>2135.0</ele>
			</trkpt>
			<trkpt lat="46.5087620347" lon="7.7449872052">
				<ele>2134.0</ele>
			</trkpt>
			<trkpt lat="46.5087663565" lon="7.7449422662">
				<ele>2133.6</ele>
			</trkpt>
			<trkpt lat="46.5087626346" lon="7.7449079933">
				<ele>2133.5</ele>
			</trkpt>
			<trkpt lat="46.5087589000" lon="7.7448751518">
				<ele>2133.1</ele>
			</trkpt>
			<trkpt lat="46.5087609000" lon="7.7448073735">
				<ele>2132.3</ele>
			</trkpt>
			<trkpt lat="46.5087732845" lon="7.7447482010">
				<ele>2132.0</ele>
			</trkpt>
			<trkpt lat="46.5087908899" lon="7.7446776449">
				<ele>2131.3</ele>
			</trkpt>
			<trkpt lat="46.5087966351" lon="7.7446319981">
				<ele>2130.6</ele>
			</trkpt>
			<trkpt lat="46.5087891274" lon="7.7446005683">
				<ele>2129.7</ele>
			</trkpt>
			<trkpt lat="46.5087844333" lon="7.7445798516">
				<ele>2129.5</ele>
			</trkpt>
			<trkpt lat="46.5087882455" lon="7.7445606033">
				<ele>2129.4</ele>
			</trkpt>
			<trkpt lat="46.5087939388" lon="7.7445442189">
				<ele>2129.3</ele>
			</trkpt>
			<trkpt lat="46.5088105114" lon="7.7445264629">
				<ele>2129.4</ele>
			</trkpt>
			<trkpt lat="46.5088342312" lon="7.7444737780">
				<ele>2129.0</ele>
			</trkpt>
			<trkpt lat="46.5088361541" lon="7.7444545190">
				<ele>2128.8</ele>
			</trkpt>
			<trkpt lat="46.5088352416" lon="7.7444359613">
				<ele>2128.5</ele>
			</trkpt>
			<trkpt lat="46.5088343723" lon="7.7443845690">
				<ele>2128.2</ele>
			</trkpt>
			<trkpt lat="46.5088401855" lon="7.7442968266">
				<ele>2127.3</ele>
			</trkpt>
			<trkpt lat="46.5088463833" lon="7.7442633254">
				<ele>2126.6</ele>
			</trkpt>
			<trkpt lat="46.5088534961" lon="7.7442476519">
				<ele>2126.3</ele>
			</trkpt>
			<trkpt lat="46.5088582688" lon="7.7442191318">
				<ele>2125.5</ele>
			</trkpt>
			<trkpt lat="46.5088621015" lon="7.7441920411">
				<ele>2124.4</ele>
			</trkpt>
			<trkpt lat="46.5088583564" lon="7.7441663263">
				<ele>2123.8</ele>
			</trkpt>
			<trkpt lat="46.5088437626" lon="7.7441305702">
				<ele>2122.9</ele>
			</trkpt>
			<trkpt lat="46.5088494681" lon="7.7441063433">
				<ele>2122.1</ele>
			</trkpt>
			<trkpt lat="46.5088538028" lon="7.7440599839">
				<ele>2120.8</ele>
			</trkpt>
			<trkpt lat="46.5088524054" lon="7.7440442767">
				<ele>2120.2</ele>
			</trkpt>
			<trkpt lat="46.5088373005" lon="7.7440313583">
				<ele>2119.8</ele>
			</trkpt>
			<trkpt lat="46.5088402320" lon="7.7439714292">
				<ele>2118.6</ele>
			</trkpt>
			<trkpt lat="46.5088483014" lon="7.7439479170">
				<ele>2117.9</ele>
			</trkpt>
			<trkpt lat="46.5088535643" lon="7.7439108415">
				<ele>2117.1</ele>
			</trkpt>
			<trkpt lat="46.5088635299" lon="7.7438880445">
				<ele>2116.4</ele>
			</trkpt>
			<trkpt lat="46.5088636285" lon="7.7438245416">
				<ele>2115.8</ele>
			</trkpt>
			<trkpt lat="46.5088683888" lon="7.7438038656">
				<ele>2115.7</ele>
			</trkpt>
			<trkpt lat="46.5088859139" lon="7.7437832614">
				<ele>2115.1</ele>
			</trkpt>
			<trkpt lat="46.5088892450" lon="7.7437654433">
				<ele>2114.6</ele>
			</trkpt>
			<trkpt lat="46.5088864335" lon="7.7437504438">
				<ele>2114.0</ele>
			</trkpt>
			<trkpt lat="46.5088685171" lon="7.7437225133">
				<ele>2113.2</ele>
			</trkpt>
			<trkpt lat="46.5088671491" lon="7.7436925383">
				<ele>2112.5</ele>
			</trkpt>
			<trkpt lat="46.5088558222" lon="7.7436796412">
				<ele>2112.3</ele>
			</trkpt>
			<trkpt lat="46.5088539621" lon="7.7436589406">
				<ele>2111.4</ele>
			</trkpt>
			<trkpt lat="46.5088478655" lon="7.7436310767">
				<ele>2111.1</ele>
			</trkpt>
			<trkpt lat="46.5088573689" lon="7.7435961610">
				<ele>2110.3</ele>
			</trkpt>
			<trkpt lat="46.5088678731" lon="7.7435334069">
				<ele>2109.5</ele>
			</trkpt>
			<trkpt lat="46.5088878165" lon="7.7434764268">
				<ele>2109.0</ele>
			</trkpt>
			<trkpt lat="46.5088954344" lon="7.7434400674">
				<ele>2108.9</ele>
			</trkpt>
			<trkpt lat="46.5088973572" lon="7.7434208084">
				<ele>2108.6</ele>
			</trkpt>
			<trkpt lat="46.5088973926" lon="7.7434008341">
				<ele>2108.3</ele>
			</trkpt>
			<trkpt lat="46.5088950584" lon="7.7433822684">
				<ele>2108.6</ele>
			</trkpt>
			<trkpt lat="46.5088889568" lon="7.7433529714">
				<ele>2108.8</ele>
			</trkpt>
			<trkpt lat="46.5088790780" lon="7.7433200954">
				<ele>2108.3</ele>
			</trkpt>
			<trkpt lat="46.5088640111" lon="7.7432829166">
				<ele>2107.4</ele>
			</trkpt>
			<trkpt lat="46.5088565289" lon="7.7432350720">
				<ele>2107.0</ele>
			</trkpt>
			<trkpt lat="46.5088466112" lon="7.7432300255">
				<ele>2106.8</ele>
			</trkpt>
			<trkpt lat="46.5088333995" lon="7.7432121159">
				<ele>2106.4</ele>
			</trkpt>
			<trkpt lat="46.5088367497" lon="7.7431871584">
				<ele>2106.4</ele>
			</trkpt>
			<trkpt lat="46.5088348806" lon="7.7431728800">
				<ele>2106.0</ele>
			</trkpt>
			<trkpt lat="46.5088226016" lon="7.7431628182">
				<ele>2105.7</ele>
			</trkpt>
			<trkpt lat="46.5088212115" lon="7.7431478268">
				<ele>2105.6</ele>
			</trkpt>
			<trkpt lat="46.5088311712" lon="7.7431271799">
				<ele>2105.1</ele>
			</trkpt>
			<trkpt lat="46.5088283557" lon="7.7431136135">
				<ele>2104.7</ele>
			</trkpt>
			<trkpt lat="46.5088184627" lon="7.7430892988">
				<ele>2104.3</ele>
			</trkpt>
			<trkpt lat="46.5088090117" lon="7.7430913960">
				<ele>2104.1</ele>
			</trkpt>
			<trkpt lat="46.5087995435" lon="7.7430999153">
				<ele>2103.9</ele>
			</trkpt>
			<trkpt lat="46.5087910475" lon="7.7430913078">
				<ele>2103.8</ele>
			</trkpt>
			<trkpt lat="46.5087863493" lon="7.7430720115">
				<ele>2103.8</ele>
			</trkpt>
			<trkpt lat="46.5087859299" lon="7.7430406090">
				<ele>2103.5</ele>
			</trkpt>
			<trkpt lat="46.5087831346" lon="7.7430127637">
				<ele>2102.7</ele>
			</trkpt>
			<trkpt lat="46.5087760665" lon="7.7429984577">
				<ele>2102.4</ele>
			</trkpt>
			<trkpt lat="46.5087576470" lon="7.7429869539">
				<ele>2102.0</ele>
			</trkpt>
			<trkpt lat="46.5087307168" lon="7.7429825291">
				<ele>2101.3</ele>
			</trkpt>
			<trkpt lat="46.5087132106" lon="7.7429895830">
				<ele>2101.1</ele>
			</trkpt>
			<trkpt lat="46.5087042152" lon="7.7429995252">
				<ele>2100.9</ele>
			</trkpt>
			<trkpt lat="46.5086933093" lon="7.7430208841">
				<ele>2100.1</ele>
			</trkpt>
			<trkpt lat="46.5086852427" lon="7.7430401086">
				<ele>2099.5</ele>
			</trkpt>
			<trkpt lat="46.5086715310" lon="7.7430443178">
				<ele>2099.4</ele>
			</trkpt>
			<trkpt lat="46.5086606756" lon="7.7430299905">
				<ele>2099.0</ele>
			</trkpt>
			<trkpt lat="46.5086517402" lon="7.7430006905">
				<ele>2098.5</ele>
			</trkpt>
			<trkpt lat="46.5086489666" lon="7.7429614324">
				<ele>2097.9</ele>
			</trkpt>
			<trkpt lat="46.5086404981" lon="7.7429392618">
				<ele>2097.3</ele>
			</trkpt>
			<trkpt lat="46.5086192560" lon="7.7429170322">
				<ele>2096.4</ele>
			</trkpt>
			<trkpt lat="46.5085994683" lon="7.7428755537">
				<ele>2095.5</ele>
			</trkpt>
			<trkpt lat="46.5085948184" lon="7.7428248593">
				<ele>2094.7</ele>
			</trkpt>
			<trkpt lat="46.5085806556" lon="7.7428162328">
				<ele>2094.2</ele>
			</trkpt>
			<trkpt lat="46.5085712056" lon="7.7428111890">
				<ele>2093.9</ele>
			</trkpt>
			<trkpt lat="46.5085655680" lon="7.7427933205">
				<ele>2093.4</ele>
			</trkpt>
			<trkpt lat="46.5085745770" lon="7.7427748059">
				<ele>2092.8</ele>
			</trkpt>
			<trkpt lat="46.5085774484" lon="7.7427541320">
				<ele>2092.5</ele>
			</trkpt>
			<trkpt lat="46.5085671114" lon="7.7427141142">
				<ele>2091.2</ele>
			</trkpt>
			<trkpt lat="46.5085581502" lon="7.7427012306">
				<ele>2090.7</ele>
			</trkpt>
			<trkpt lat="46.5085548975" lon="7.7426626729">
				<ele>2090.1</ele>
			</trkpt>
			<trkpt lat="46.5085521701" lon="7.7425927307">
				<ele>2088.8</ele>
			</trkpt>
			<trkpt lat="46.5085578906" lon="7.7425627846">
				<ele>2088.4</ele>
			</trkpt>
			<trkpt lat="46.5085711783" lon="7.7425321621">
				<ele>2088.1</ele>
			</trkpt>
			<trkpt lat="46.5085740434" lon="7.7425136257">
				<ele>2087.7</ele>
			</trkpt>
			<trkpt lat="46.5085688602" lon="7.7425007490">
				<ele>2087.5</ele>
			</trkpt>
			<trkpt lat="46.5085575483" lon="7.7424821459">
				<ele>2086.8</ele>
			</trkpt>
			<trkpt lat="46.5085523727" lon="7.7424664176">
				<ele>2086.4</ele>
			</trkpt>
			<trkpt lat="46.5085400986" lon="7.7424578018">
				<ele>2085.8</ele>
			</trkpt>
			<trkpt lat="46.5085259311" lon="7.7424441718">
				<ele>2085.3</ele>
			</trkpt>
			<trkpt lat="46.5085160410" lon="7.7424219934">
				<ele>2084.7</ele>
			</trkpt>
			<trkpt lat="46.5085141980" lon="7.7423913003">
				<ele>2084.0</ele>
			</trkpt>
			<trkpt lat="46.5085180535" lon="7.7423456557">
				<ele>2083.4</ele>
			</trkpt>
			<trkpt lat="46.5085034052" lon="7.7423434376">
				<ele>2082.9</ele>
			</trkpt>
			<trkpt lat="46.5084901753" lon="7.7423390900">
				<ele>2082.6</ele>
			</trkpt>
			<trkpt lat="46.5084878570" lon="7.7423112475">
				<ele>2082.1</ele>
			</trkpt>
			<trkpt lat="46.5084793885" lon="7.7422855192">
				<ele>2081.5</ele>
			</trkpt>
			<trkpt lat="46.5084557540" lon="7.7422832509">
				<ele>2080.9</ele>
			</trkpt>
			<trkpt lat="46.5084359306" lon="7.7422653158">
				<ele>2080.2</ele>
			</trkpt>
			<trkpt lat="46.5084108784" lon="7.7422616192">
				<ele>2079.6</ele>
			</trkpt>
			<trkpt lat="46.5083920043" lon="7.7422451224">
				<ele>2079.3</ele>
			</trkpt>
			<trkpt lat="46.5083811865" lon="7.7422100929">
				<ele>2078.6</ele>
			</trkpt>
			<trkpt lat="46.5083689067" lon="7.7422036131">
				<ele>2077.8</ele>
			</trkpt>
			<trkpt lat="46.5083547538" lon="7.7421842768">
				<ele>2076.8</ele>
			</trkpt>
			<trkpt lat="46.5083476940" lon="7.7421635489">
				<ele>2076.4</ele>
			</trkpt>
			<trkpt lat="46.5083453636" lon="7.7421399784">
				<ele>2076.1</ele>
			</trkpt>
			<trkpt lat="46.5083548636" lon="7.7421129195">
				<ele>2075.3</ele>
			</trkpt>
			<trkpt lat="46.5083619856" lon="7.7420936897">
				<ele>2074.7</ele>
			</trkpt>
			<trkpt lat="46.5083502146" lon="7.7420650771">
				<ele>2074.0</ele>
			</trkpt>
			<trkpt lat="46.5083322825" lon="7.7420428665">
				<ele>2073.5</ele>
			</trkpt>
			<trkpt lat="46.5083290513" lon="7.7419928961">
				<ele>2072.8</ele>
			</trkpt>
			<trkpt lat="46.5083328747" lon="7.7419658054">
				<ele>2072.1</ele>
			</trkpt>
			<trkpt lat="46.5083286489" lon="7.7419515139">
				<ele>2071.8</ele>
			</trkpt>
			<trkpt lat="46.5083012506" lon="7.7419371071">
				<ele>2071.1</ele>
			</trkpt>
			<trkpt lat="46.5082875670" lon="7.7419241846">
				<ele>2070.9</ele>
			</trkpt>
			<trkpt lat="46.5082819556" lon="7.7418863439">
				<ele>2070.6</ele>
			</trkpt>
			<trkpt lat="46.5082843659" lon="7.7418528088">
				<ele>2070.3</ele>
			</trkpt>
			<trkpt lat="46.5083033041" lon="7.7417911711">
				<ele>2069.5</ele>
			</trkpt>
			<trkpt lat="46.5083105787" lon="7.7417078922">
				<ele>2069.6</ele>
			</trkpt>
			<trkpt lat="46.5083080779" lon="7.7415933282">
				<ele>2070.5</ele>
			</trkpt>
			<trkpt lat="46.5082730700" lon="7.7415243925">
				<ele>2070.5</ele>
			</trkpt>
			<trkpt lat="46.5082480995" lon="7.7413888453">
				<ele>2070.6</ele>
			</trkpt>
			<trkpt lat="46.5082036709" lon="7.7411553161">
				<ele>2070.9</ele>
			</trkpt>
			<trkpt lat="46.5081815906" lon="7.7409948085">
				<ele>2070.1</ele>
			</trkpt>
			<trkpt lat="46.5081737557" lon="7.7407781485">
				<ele>2067.2</ele>
			</trkpt>
			<trkpt lat="46.5081630845" lon="7.7405656413">
				<ele>2062.7</ele>
			</trkpt>
			<trkpt lat="46.5081693583" lon="7.7403407342">
				<ele>2057.7</ele>
			</trkpt>
			<trkpt lat="46.5081617409" lon="7.7400449128">
				<ele>2050.5</ele>
			</trkpt>
			<trkpt lat="46.5081651116" lon="7.7398491476">
				<ele>2046.8</ele>
			</trkpt>
			<trkpt lat="46.5081964890" lon="7.7397097841">
				<ele>2044.5</ele>
			</trkpt>
			<trkpt lat="46.5082969598" lon="7.7395541787">
				<ele>2043.0</ele>
			</trkpt>
			<trkpt lat="46.5083606578" lon="7.7394420674">
				<ele>2041.2</ele>
			</trkpt>
			<trkpt lat="46.5083932486" lon="7.7393776910">
				<ele>2039.8</ele>
			</trkpt>
			<trkpt lat="46.5084370484" lon="7.7393300397">
				<ele>2038.8</ele>
			</trkpt>
			<trkpt lat="46.5084723963" lon="7.7392844392">
				<ele>2036.1</ele>
			</trkpt>
			<trkpt lat="46.5084611888" lon="7.7392635312">
				<ele>2035.4</ele>
			</trkpt>
			<trkpt lat="46.5084161013" lon="7.7392674369">
				<ele>2034.2</ele>
			</trkpt>
			<trkpt lat="46.5083865591" lon="7.7392505965">
				<ele>2033.0</ele>
			</trkpt>
			<trkpt lat="46.5084105821" lon="7.7392215969">
				<ele>2032.2</ele>
			</trkpt>
			<trkpt lat="46.5084811786" lon="7.7391678541">
				<ele>2031.2</ele>
			</trkpt>
			<trkpt lat="46.5085094464" lon="7.7391325982">
				<ele>2030.1</ele>
			</trkpt>
			<trkpt lat="46.5085609554" lon="7.7390882728">
				<ele>2028.4</ele>
			</trkpt>
			<trkpt lat="46.5085756354" lon="7.7390683679">
				<ele>2027.6</ele>
			</trkpt>
			<trkpt lat="46.5085983900" lon="7.7390256683">
				<ele>2026.8</ele>
			</trkpt>
			<trkpt lat="46.5086125952" lon="7.7390150370">
				<ele>2026.3</ele>
			</trkpt>
			<trkpt lat="46.5086277365" lon="7.7390043982">
				<ele>2026.0</ele>
			</trkpt>
			<trkpt lat="46.5086405013" lon="7.7390008992">
				<ele>2025.5</ele>
			</trkpt>
			<trkpt lat="46.5086504425" lon="7.7389938148">
				<ele>2025.2</ele>
			</trkpt>
			<trkpt lat="46.5086575616" lon="7.7389752883">
				<ele>2024.9</ele>
			</trkpt>
			<trkpt lat="46.5086623079" lon="7.7389596145">
				<ele>2024.3</ele>
			</trkpt>
			<trkpt lat="46.5086892961" lon="7.7389319210">
				<ele>2023.6</ele>
			</trkpt>
			<trkpt lat="46.5087021018" lon="7.7389062992">
				<ele>2022.8</ele>
			</trkpt>
			<trkpt lat="46.5087121156" lon="7.7388478287">
				<ele>2021.7</ele>
			</trkpt>
			<trkpt lat="46.5087255034" lon="7.7388163469">
				<ele>2021.1</ele>
			</trkpt>
			<trkpt lat="46.5087519386" lon="7.7387730941">
				<ele>2020.7</ele>
			</trkpt>
			<trkpt lat="46.5087936375" lon="7.7387069422">
				<ele>2019.7</ele>
			</trkpt>
			<trkpt lat="46.5088182655" lon="7.7386770860">
				<ele>2019.3</ele>
			</trkpt>
			<trkpt lat="46.5088599135" lon="7.7386437542">
				<ele>2018.4</ele>
			</trkpt>
			<trkpt lat="46.5089072337" lon="7.7386118740">
				<ele>2017.4</ele>
			</trkpt>
			<trkpt lat="46.5089413005" lon="7.7385913462">
				<ele>2016.8</ele>
			</trkpt>
			<trkpt lat="46.5089526633" lon="7.7385806998">
				<ele>2016.7</ele>
			</trkpt>
			<trkpt lat="46.5089626102" lon="7.7385679080">
				<ele>2016.5</ele>
			</trkpt>
			<trkpt lat="46.5089778068" lon="7.7385258698">
				<ele>2016.4</ele>
			</trkpt>
			<trkpt lat="46.5089953473" lon="7.7384888600">
				<ele>2016.4</ele>
			</trkpt>
			<trkpt lat="46.5090128928" lon="7.7384532578">
				<ele>2016.2</ele>
			</trkpt>
			<trkpt lat="46.5090304277" lon="7.7384283648">
				<ele>2015.9</ele>
			</trkpt>
			<trkpt lat="46.5090569493" lon="7.7383935288">
				<ele>2015.5</ele>
			</trkpt>
			<trkpt lat="46.5090820563" lon="7.7383558315">
				<ele>2015.6</ele>
			</trkpt>
			<trkpt lat="46.5091223486" lon="7.7382839646">
				<ele>2015.4</ele>
			</trkpt>
			<trkpt lat="46.5091446376" lon="7.7382405452">
				<ele>2015.4</ele>
			</trkpt>
			<trkpt lat="46.5091612312" lon="7.7382042338">
				<ele>2015.6</ele>
			</trkpt>
			<trkpt lat="46.5091740268" lon="7.7381857383">
				<ele>2015.5</ele>
			</trkpt>
			<trkpt lat="46.5091934439" lon="7.7381601391">
				<ele>2015.4</ele>
			</trkpt>
			<trkpt lat="46.5092019843" lon="7.7381416336">
				<ele>2015.2</ele>
			</trkpt>
			<trkpt lat="46.5092199880" lon="7.7381131732">
				<ele>2015.1</ele>
			</trkpt>
			<trkpt lat="46.5092389506" lon="7.7380790116">
				<ele>2014.9</ele>
			</trkpt>
			<trkpt lat="46.5092475267" lon="7.7380369619">
				<ele>2014.4</ele>
			</trkpt>
			<trkpt lat="46.5092603636" lon="7.7379856332">
				<ele>2014.0</ele>
			</trkpt>
			<trkpt lat="46.5092745750" lon="7.7379657252">
				<ele>2013.9</ele>
			</trkpt>
			<trkpt lat="46.5093034228" lon="7.7379594487">
				<ele>2013.9</ele>
			</trkpt>
			<trkpt lat="46.5093280412" lon="7.7379331616">
				<ele>2013.5</ele>
			</trkpt>
			<trkpt lat="46.5093304440" lon="7.7379089148">
				<ele>2012.9</ele>
			</trkpt>
			<trkpt lat="46.5093333165" lon="7.7378839540">
				<ele>2012.4</ele>
			</trkpt>
			<trkpt lat="46.5093390502" lon="7.7378482989">
				<ele>2012.2</ele>
			</trkpt>
			<trkpt lat="46.5093537394" lon="7.7378212531">
				<ele>2011.6</ele>
			</trkpt>
			<trkpt lat="46.5093864002" lon="7.7377914405">
				<ele>2011.0</ele>
			</trkpt>
			<trkpt lat="46.5094006134" lon="7.7377743865">
				<ele>2010.6</ele>
			</trkpt>
			<trkpt lat="46.5094110687" lon="7.7377359041">
				<ele>2009.9</ele>
			</trkpt>
			<trkpt lat="46.5094210462" lon="7.7377045586">
				<ele>2009.3</ele>
			</trkpt>
			<trkpt lat="46.5094215415" lon="7.7376874281">
				<ele>2008.9</ele>
			</trkpt>
			<trkpt lat="46.5094149644" lon="7.7376638481">
				<ele>2008.7</ele>
			</trkpt>
			<trkpt lat="46.5094140432" lon="7.7376481436">
				<ele>2008.3</ele>
			</trkpt>
			<trkpt lat="46.5094169094" lon="7.7376288893">
				<ele>2007.9</ele>
			</trkpt>
			<trkpt lat="46.5094462387" lon="7.7376140547">
				<ele>2007.4</ele>
			</trkpt>
			<trkpt lat="46.5094807882" lon="7.7375878094">
				<ele>2006.7</ele>
			</trkpt>
			<trkpt lat="46.5095006786" lon="7.7375600756">
				<ele>2005.9</ele>
			</trkpt>
			<trkpt lat="46.5095063821" lon="7.7375394167">
				<ele>2005.5</ele>
			</trkpt>
			<trkpt lat="46.5095035867" lon="7.7375179944">
				<ele>2005.2</ele>
			</trkpt>
			<trkpt lat="46.5094880371" lon="7.7374822353">
				<ele>2004.4</ele>
			</trkpt>
			<trkpt lat="46.5094805187" lon="7.7374507932">
				<ele>2003.7</ele>
			</trkpt>
			<trkpt lat="46.5094834022" lon="7.7374215589">
				<ele>2003.3</ele>
			</trkpt>
			<trkpt lat="46.5094976479" lon="7.7373816642">
				<ele>2002.5</ele>
			</trkpt>
			<trkpt lat="46.5095208697" lon="7.7373425228">
				<ele>2001.6</ele>
			</trkpt>
			<trkpt lat="46.5095478926" lon="7.7372877148">
				<ele>2000.3</ele>
			</trkpt>
			<trkpt lat="46.5095484178" lon="7.7372591712">
				<ele>2000.0</ele>
			</trkpt>
			<trkpt lat="46.5095480337" lon="7.7371999384">
				<ele>1999.1</ele>
			</trkpt>
			<trkpt lat="46.5095372662" lon="7.7371278150">
				<ele>1998.1</ele>
			</trkpt>
			<trkpt lat="46.5095231604" lon="7.7370799334">
				<ele>1997.3</ele>
			</trkpt>
			<trkpt lat="46.5095217757" lon="7.7370592227">
				<ele>1997.1</ele>
			</trkpt>
			<trkpt lat="46.5095213448" lon="7.7370313903">
				<ele>1996.5</ele>
			</trkpt>
			<trkpt lat="46.5095114579" lon="7.7370077922">
				<ele>1996.1</ele>
			</trkpt>
			<trkpt lat="46.5095010708" lon="7.7369963346">
				<ele>1996.1</ele>
			</trkpt>
			<trkpt lat="46.5094978336" lon="7.7369513534">
				<ele>1995.1</ele>
			</trkpt>
			<trkpt lat="46.5095224517" lon="7.7369250785">
				<ele>1994.6</ele>
			</trkpt>
			<trkpt lat="46.5095347680" lon="7.7369108671">
				<ele>1994.0</ele>
			</trkpt>
			<trkpt lat="46.5095371744" lon="7.7368816165">
				<ele>1993.0</ele>
			</trkpt>
			<trkpt lat="46.5095367633" lon="7.7368395042">
				<ele>1992.5</ele>
			</trkpt>
			<trkpt lat="46.5095292596" lon="7.7368023693">
				<ele>1991.9</ele>
			</trkpt>
			<trkpt lat="46.5095131916" lon="7.7367994275">
				<ele>1991.6</ele>
			</trkpt>
			<trkpt lat="46.5094858195" lon="7.7367714724">
				<ele>1990.8</ele>
			</trkpt>
			<trkpt lat="46.5094692674" lon="7.7367749511">
				<ele>1990.7</ele>
			</trkpt>
			<trkpt lat="46.5094489636" lon="7.7367612895">
				<ele>1990.0</ele>
			</trkpt>
			<trkpt lat="46.5094376171" lon="7.7367591038">
				<ele>1990.0</ele>
			</trkpt>
			<trkpt lat="46.5094291436" lon="7.7367347970">
				<ele>1989.4</ele>
			</trkpt>
			<trkpt lat="46.5094471427" lon="7.7367148959">
				<ele>1988.8</ele>
			</trkpt>
			<trkpt lat="46.5094448186" lon="7.7366884862">
				<ele>1988.2</ele>
			</trkpt>
			<trkpt lat="46.5094481810" lon="7.7366549681">
				<ele>1987.6</ele>
			</trkpt>
			<trkpt lat="46.5094354517" lon="7.7366277847">
				<ele>1987.1</ele>
			</trkpt>
			<trkpt lat="46.5094113953" lon="7.7365941286">
				<ele>1987.0</ele>
			</trkpt>
			<trkpt lat="46.5093420523" lon="7.7365031562">
				<ele>1986.3</ele>
			</trkpt>
			<trkpt lat="46.5093028523" lon="7.7364779895">
				<ele>1986.3</ele>
			</trkpt>
			<trkpt lat="46.5092707285" lon="7.7364642758">
				<ele>1986.1</ele>
			</trkpt>
			<trkpt lat="46.5092007660" lon="7.7364653640">
				<ele>1986.0</ele>
			</trkpt>
			<trkpt lat="46.5091719356" lon="7.7364652183">
				<ele>1986.2</ele>
			</trkpt>
			<trkpt lat="46.5091435762" lon="7.7364636556">
				<ele>1986.3</ele>
			</trkpt>
			<trkpt lat="46.5091038648" lon="7.7364620298">
				<ele>1986.3</ele>
			</trkpt>
			<trkpt lat="46.5090825917" lon="7.7364647797">
				<ele>1986.3</ele>
			</trkpt>
			<trkpt lat="46.5090547033" lon="7.7364653556">
				<ele>1986.7</ele>
			</trkpt>
			<trkpt lat="46.5090249248" lon="7.7364630679">
				<ele>1987.0</ele>
			</trkpt>
			<trkpt lat="46.5090116966" lon="7.7364580051">
				<ele>1987.2</ele>
			</trkpt>
			<trkpt lat="46.5090008398" lon="7.7364472489">
				<ele>1987.2</ele>
			</trkpt>
			<trkpt lat="46.5089257840" lon="7.7363805194">
				<ele>1987.5</ele>
			</trkpt>
			<trkpt lat="46.5089120880" lon="7.7363718971">
				<ele>1987.3</ele>
			</trkpt>
			<trkpt lat="46.5089045420" lon="7.7363611455">
				<ele>1987.1</ele>
			</trkpt>
			<trkpt lat="46.5088904613" lon="7.7362932912">
				<ele>1986.2</ele>
			</trkpt>
			<trkpt lat="46.5088744435" lon="7.7362611000">
				<ele>1985.7</ele>
			</trkpt>
			<trkpt lat="46.5088763825" lon="7.7362282783">
				<ele>1985.4</ele>
			</trkpt>
			<trkpt lat="46.5088858985" lon="7.7361876540">
				<ele>1984.9</ele>
			</trkpt>
			<trkpt lat="46.5088954126" lon="7.7361441765">
				<ele>1984.7</ele>
			</trkpt>
			<trkpt lat="46.5089096312" lon="7.7361214014">
				<ele>1984.5</ele>
			</trkpt>
			<trkpt lat="46.5089314001" lon="7.7361079583">
				<ele>1984.2</ele>
			</trkpt>
			<trkpt lat="46.5089422935" lon="7.7360944413">
				<ele>1983.8</ele>
			</trkpt>
			<trkpt lat="46.5089470697" lon="7.7360602147">
				<ele>1983.8</ele>
			</trkpt>
			<trkpt lat="46.5089456830" lon="7.7360366637">
				<ele>1983.6</ele>
			</trkpt>
			<trkpt lat="46.5089499685" lon="7.7360181338">
				<ele>1983.5</ele>
			</trkpt>
			<trkpt lat="46.5089410121" lon="7.7360031018">
				<ele>1983.4</ele>
			</trkpt>
			<trkpt lat="46.5089386922" lon="7.7359716889">
				<ele>1983.3</ele>
			</trkpt>
			<trkpt lat="46.5089444104" lon="7.7359453108">
				<ele>1983.2</ele>
			</trkpt>
			<trkpt lat="46.5089434970" lon="7.7359231826">
				<ele>1983.2</ele>
			</trkpt>
			<trkpt lat="46.5089359930" lon="7.7358824776">
				<ele>1983.0</ele>
			</trkpt>
			<trkpt lat="46.5089190060" lon="7.7358631281">
				<ele>1982.9</ele>
			</trkpt>
			<trkpt lat="46.5088963461" lon="7.7358423137">
				<ele>1982.9</ele>
			</trkpt>
			<trkpt lat="46.5088736614" lon="7.7358379284">
				<ele>1982.9</ele>
			</trkpt>
			<trkpt lat="46.5088623336" lon="7.7358285900">
				<ele>1982.9</ele>
			</trkpt>
			<trkpt lat="46.5088514879" lon="7.7358135604">
				<ele>1982.9</ele>
			</trkpt>
			<trkpt lat="46.5088354204" lon="7.7358070620">
				<ele>1982.9</ele>
			</trkpt>
			<trkpt lat="46.5088160806" lon="7.7357826961">
				<ele>1982.4</ele>
			</trkpt>
			<trkpt lat="46.5087858436" lon="7.7357732795">
				<ele>1982.0</ele>
			</trkpt>
			<trkpt lat="46.5087763958" lon="7.7357639514">
				<ele>1981.9</ele>
			</trkpt>
			<trkpt lat="46.5087707687" lon="7.7357346706">
				<ele>1981.7</ele>
			</trkpt>
			<trkpt lat="46.5087680007" lon="7.7356889755">
				<ele>1981.2</ele>
			</trkpt>
			<trkpt lat="46.5087681517" lon="7.7355933572">
				<ele>1980.8</ele>
			</trkpt>
			<trkpt lat="46.5087729871" lon="7.7355191712">
				<ele>1980.8</ele>
			</trkpt>
			<trkpt lat="46.5087739736" lon="7.7354927672">
				<ele>1980.7</ele>
			</trkpt>
			<trkpt lat="46.5087792169" lon="7.7354656820">
				<ele>1980.2</ele>
			</trkpt>
			<trkpt lat="46.5087915625" lon="7.7354264935">
				<ele>1979.6</ele>
			</trkpt>
			<trkpt lat="46.5087967923" lon="7.7354079696">
				<ele>1979.5</ele>
			</trkpt>
			<trkpt lat="46.5087954184" lon="7.7353794152">
				<ele>1979.5</ele>
			</trkpt>
			<trkpt lat="46.5087888722" lon="7.7353337128">
				<ele>1979.5</ele>
			</trkpt>
			<trkpt lat="46.5087841764" lon="7.7353094273">
				<ele>1979.2</ele>
			</trkpt>
			<trkpt lat="46.5087818680" lon="7.7352737290">
				<ele>1978.8</ele>
			</trkpt>
			<trkpt lat="46.5087823847" lon="7.7352480517">
				<ele>1978.6</ele>
			</trkpt>
			<trkpt lat="46.5087763044" lon="7.7351994852">
				<ele>1978.6</ele>
			</trkpt>
			<trkpt lat="46.5087678972" lon="7.7351359367">
				<ele>1978.4</ele>
			</trkpt>
			<trkpt lat="46.5087575389" lon="7.7351066302">
				<ele>1978.5</ele>
			</trkpt>
			<trkpt lat="46.5087429479" lon="7.7350687403">
				<ele>1978.6</ele>
			</trkpt>
			<trkpt lat="46.5087368231" lon="7.7350508700">
				<ele>1978.7</ele>
			</trkpt>
			<trkpt lat="46.5087354282" lon="7.7350372994">
				<ele>1978.7</ele>
			</trkpt>
			<trkpt lat="46.5087373416" lon="7.7350244631">
				<ele>1978.5</ele>
			</trkpt>
			<trkpt lat="46.5087472984" lon="7.7350009746">
				<ele>1978.0</ele>
			</trkpt>
			<trkpt lat="46.5087539533" lon="7.7349774545">
				<ele>1977.7</ele>
			</trkpt>
			<trkpt lat="46.5087549354" lon="7.7349560533">
				<ele>1977.6</ele>
			</trkpt>
			<trkpt lat="46.5087503053" lon="7.7348896588">
				<ele>1977.7</ele>
			</trkpt>
			<trkpt lat="46.5087518315" lon="7.7348183079">
				<ele>1977.2</ele>
			</trkpt>
			<trkpt lat="46.5087510071" lon="7.7347376674">
				<ele>1976.3</ele>
			</trkpt>
			<trkpt lat="46.5087510871" lon="7.7346827248">
				<ele>1975.8</ele>
			</trkpt>
			<trkpt lat="46.5087591904" lon="7.7346420795">
				<ele>1975.1</ele>
			</trkpt>
			<trkpt lat="46.5087748663" lon="7.7345914960">
				<ele>1974.8</ele>
			</trkpt>
			<trkpt lat="46.5088070818" lon="7.7345424094">
				<ele>1973.8</ele>
			</trkpt>
			<trkpt lat="46.5088255877" lon="7.7344968309">
				<ele>1973.1</ele>
			</trkpt>
			<trkpt lat="46.5088469424" lon="7.7344384214">
				<ele>1972.1</ele>
			</trkpt>
			<trkpt lat="46.5088521776" lon="7.7344177471">
				<ele>1971.7</ele>
			</trkpt>
			<trkpt lat="46.5088489110" lon="7.7343870460">
				<ele>1971.4</ele>
			</trkpt>
			<trkpt lat="46.5088423337" lon="7.7343598970">
				<ele>1970.8</ele>
			</trkpt>
			<trkpt lat="46.5088428618" lon="7.7343263633">
				<ele>1970.1</ele>
			</trkpt>
			<trkpt lat="46.5088570940" lon="7.7342914714">
				<ele>1969.3</ele>
			</trkpt>
			<trkpt lat="46.5088807709" lon="7.7342601876">
				<ele>1968.3</ele>
			</trkpt>
			<trkpt lat="46.5089078071" lon="7.7342032293">
				<ele>1967.3</ele>
			</trkpt>
			<trkpt lat="46.5089139774" lon="7.7341861298">
				<ele>1967.2</ele>
			</trkpt>
			<trkpt lat="46.5089121155" lon="7.7341654299">
				<ele>1967.0</ele>
			</trkpt>
			<trkpt lat="46.5089045915" lon="7.7341389791">
				<ele>1966.5</ele>
			</trkpt>
			<trkpt lat="46.5088923307" lon="7.7341182352">
				<ele>1966.4</ele>
			</trkpt>
			<trkpt lat="46.5088881021" lon="7.7341046492">
				<ele>1966.4</ele>
			</trkpt>
			<trkpt lat="46.5088852842" lon="7.7340882303">
				<ele>1966.1</ele>
			</trkpt>
			<trkpt lat="46.5088867376" lon="7.7340689684">
				<ele>1965.8</ele>
			</trkpt>
			<trkpt lat="46.5089033220" lon="7.7340390792">
				<ele>1965.1</ele>
			</trkpt>
			<trkpt lat="46.5089161284" lon="7.7340127393">
				<ele>1964.7</ele>
			</trkpt>
			<trkpt lat="46.5089199537" lon="7.7339842135">
				<ele>1964.3</ele>
			</trkpt>
			<trkpt lat="46.5089124454" lon="7.7339449164">
				<ele>1963.3</ele>
			</trkpt>
			<trkpt lat="46.5088936507" lon="7.7338698974">
				<ele>1961.6</ele>
			</trkpt>
			<trkpt lat="46.5088932092" lon="7.7338492053">
				<ele>1961.1</ele>
			</trkpt>
			<trkpt lat="46.5089013182" lon="7.7337992963">
				<ele>1960.4</ele>
			</trkpt>
			<trkpt lat="46.5089193638" lon="7.7337472918">
				<ele>1959.9</ele>
			</trkpt>
			<trkpt lat="46.5089302753" lon="7.7337195085">
				<ele>1959.4</ele>
			</trkpt>
			<trkpt lat="46.5089600996" lon="7.7336903947">
				<ele>1958.6</ele>
			</trkpt>
			<trkpt lat="46.5089946580" lon="7.7336570203">
				<ele>1957.3</ele>
			</trkpt>
			<trkpt lat="46.5090065199" lon="7.7336271053">
				<ele>1956.4</ele>
			</trkpt>
			<trkpt lat="46.5090108386" lon="7.7335850319">
				<ele>1955.4</ele>
			</trkpt>
			<trkpt lat="46.5090113406" lon="7.7335614785">
				<ele>1955.2</ele>
			</trkpt>
			<trkpt lat="46.5090005197" lon="7.7335300328">
				<ele>1954.7</ele>
			</trkpt>
			<trkpt lat="46.5089821463" lon="7.7334899859">
				<ele>1953.9</ele>
			</trkpt>
			<trkpt lat="46.5089651704" lon="7.7334592101">
				<ele>1952.9</ele>
			</trkpt>
			<trkpt lat="46.5089330671" lon="7.7334340853">
				<ele>1951.7</ele>
			</trkpt>
			<trkpt lat="46.5089151256" lon="7.7334218577">
				<ele>1951.3</ele>
			</trkpt>
			<trkpt lat="46.5089042532" lon="7.7334203783">
				<ele>1951.0</ele>
			</trkpt>
			<trkpt lat="46.5088938299" lon="7.7334367509">
				<ele>1950.4</ele>
			</trkpt>
			<trkpt lat="46.5088691978" lon="7.7334723034">
				<ele>1949.1</ele>
			</trkpt>
			<trkpt lat="46.5088578263" lon="7.7334865214">
				<ele>1948.7</ele>
			</trkpt>
			<trkpt lat="46.5088450666" lon="7.7334878849">
				<ele>1948.3</ele>
			</trkpt>
			<trkpt lat="46.5088204875" lon="7.7334856275">
				<ele>1947.3</ele>
			</trkpt>
			<trkpt lat="46.5087958890" lon="7.7334976367">
				<ele>1946.5</ele>
			</trkpt>
			<trkpt lat="46.5087731668" lon="7.7335146589">
				<ele>1945.8</ele>
			</trkpt>
			<trkpt lat="46.5087504082" lon="7.7335630678">
				<ele>1944.3</ele>
			</trkpt>
			<trkpt lat="46.5087167833" lon="7.7336078737">
				<ele>1942.7</ele>
			</trkpt>
			<trkpt lat="46.5086803344" lon="7.7336383712">
				<ele>1941.4</ele>
			</trkpt>
			<trkpt lat="46.5086528631" lon="7.7336760578">
				<ele>1940.2</ele>
			</trkpt>
			<trkpt lat="46.5086282627" lon="7.7336887834">
				<ele>1939.2</ele>
			</trkpt>
			<trkpt lat="46.5085899606" lon="7.7336985938">
				<ele>1937.9</ele>
			</trkpt>
			<trkpt lat="46.5085568659" lon="7.7337019965">
				<ele>1936.5</ele>
			</trkpt>
			<trkpt lat="46.5085355725" lon="7.7337126037">
				<ele>1935.9</ele>
			</trkpt>
			<trkpt lat="46.5085033953" lon="7.7337367140">
				<ele>1934.7</ele>
			</trkpt>
			<trkpt lat="46.5084698022" lon="7.7337586671">
				<ele>1933.7</ele>
			</trkpt>
			<trkpt lat="46.5084504184" lon="7.7337614279">
				<ele>1933.1</ele>
			</trkpt>
			<trkpt lat="46.5084144831" lon="7.7337641117">
				<ele>1932.3</ele>
			</trkpt>
			<trkpt lat="46.5083875525" lon="7.7337561345">
				<ele>1931.9</ele>
			</trkpt>
			<trkpt lat="46.5083681895" lon="7.7337438992">
				<ele>1931.6</ele>
			</trkpt>
			<trkpt lat="46.5083554566" lon="7.7337245733">
				<ele>1931.1</ele>
			</trkpt>
			<trkpt lat="46.5083498241" lon="7.7336974298">
				<ele>1930.8</ele>
			</trkpt>
			<trkpt lat="46.5083442326" lon="7.7336438900">
				<ele>1930.1</ele>
			</trkpt>
			<trkpt lat="46.5083376520" lon="7.7336181612">
				<ele>1929.8</ele>
			</trkpt>
			<trkpt lat="46.5083211558" lon="7.7335895382">
				<ele>1929.5</ele>
			</trkpt>
			<trkpt lat="46.5082989555" lon="7.7335787337">
				<ele>1929.5</ele>
			</trkpt>
			<trkpt lat="46.5082734210" lon="7.7335807445">
				<ele>1929.5</ele>
			</trkpt>
			<trkpt lat="46.5082634838" lon="7.7335864100">
				<ele>1929.4</ele>
			</trkpt>
			<trkpt lat="46.5082402537" lon="7.7336362493">
				<ele>1928.3</ele>
			</trkpt>
			<trkpt lat="46.5082056464" lon="7.7337024426">
				<ele>1925.7</ele>
			</trkpt>
			<trkpt lat="46.5081833554" lon="7.7337472965">
				<ele>1924.1</ele>
			</trkpt>
			<trkpt lat="46.5081478515" lon="7.7337813685">
				<ele>1922.8</ele>
			</trkpt>
			<trkpt lat="46.5081160926" lon="7.7338418706">
				<ele>1922.0</ele>
			</trkpt>
			<trkpt lat="46.5080999584" lon="7.7338853250">
				<ele>1921.5</ele>
			</trkpt>
			<trkpt lat="46.5080852076" lon="7.7339501928">
				<ele>1920.9</ele>
			</trkpt>
			<trkpt lat="46.5080638786" lon="7.7339850587">
				<ele>1920.3</ele>
			</trkpt>
			<trkpt lat="46.5080331209" lon="7.7340063105">
				<ele>1919.4</ele>
			</trkpt>
			<trkpt lat="46.5079829739" lon="7.7340324724">
				<ele>1918.7</ele>
			</trkpt>
			<trkpt lat="46.5079299882" lon="7.7340607554">
				<ele>1917.9</ele>
			</trkpt>
			<trkpt lat="46.5078874022" lon="7.7340919487">
				<ele>1917.5</ele>
			</trkpt>
			<trkpt lat="46.5078490418" lon="7.7341381476">
				<ele>1917.4</ele>
			</trkpt>
			<trkpt lat="46.5078168418" lon="7.7341779570">
				<ele>1917.2</ele>
			</trkpt>
			<trkpt lat="46.5078049857" lon="7.7341985952">
				<ele>1917.1</ele>
			</trkpt>
			<trkpt lat="46.5077954760" lon="7.7342370819">
				<ele>1916.6</ele>
			</trkpt>
			<trkpt lat="46.5077844859" lon="7.7343190898">
				<ele>1915.7</ele>
			</trkpt>
			<trkpt lat="46.5077744847" lon="7.7343668507">
				<ele>1914.6</ele>
			</trkpt>
			<trkpt lat="46.5077645206" lon="7.7343932052">
				<ele>1914.0</ele>
			</trkpt>
			<trkpt lat="46.5077313650" lon="7.7344337130">
				<ele>1912.6</ele>
			</trkpt>
			<trkpt lat="46.5077109951" lon="7.7344628773">
				<ele>1911.6</ele>
			</trkpt>
			<trkpt lat="46.5076949141" lon="7.7344720787">
				<ele>1910.7</ele>
			</trkpt>
			<trkpt lat="46.5076769536" lon="7.7344705604">
				<ele>1910.2</ele>
			</trkpt>
			<trkpt lat="46.5076580468" lon="7.7344661842">
				<ele>1909.8</ele>
			</trkpt>
			<trkpt lat="46.5076386858" lon="7.7344568147">
				<ele>1908.8</ele>
			</trkpt>
			<trkpt lat="46.5076316142" lon="7.7344432266">
				<ele>1908.6</ele>
			</trkpt>
			<trkpt lat="46.5076297599" lon="7.7344196605">
				<ele>1908.4</ele>
			</trkpt>
			<trkpt lat="46.5076345180" lon="7.7343989972">
				<ele>1908.2</ele>
			</trkpt>
			<trkpt lat="46.5076458845" lon="7.7343833464">
				<ele>1907.9</ele>
			</trkpt>
			<trkpt lat="46.5076662360" lon="7.7343648918">
				<ele>1907.4</ele>
			</trkpt>
			<trkpt lat="46.5076917882" lon="7.7343493187">
				<ele>1906.7</ele>
			</trkpt>
			<trkpt lat="46.5077059971" lon="7.7343301268">
				<ele>1906.1</ele>
			</trkpt>
			<trkpt lat="46.5077245028" lon="7.7342845491">
				<ele>1905.0</ele>
			</trkpt>
			<trkpt lat="46.5077435004" lon="7.7342261152">
				<ele>1903.4</ele>
			</trkpt>
			<trkpt lat="46.5077733977" lon="7.7341449142">
				<ele>1901.1</ele>
			</trkpt>
			<trkpt lat="46.5077923892" lon="7.7340921993">
				<ele>1899.4</ele>
			</trkpt>
			<trkpt lat="46.5078123094" lon="7.7340459126">
				<ele>1898.3</ele>
			</trkpt>
			<trkpt lat="46.5078270032" lon="7.7340167303">
				<ele>1897.5</ele>
			</trkpt>
			<trkpt lat="46.5078397906" lon="7.7340010874">
				<ele>1897.1</ele>
			</trkpt>
			<trkpt lat="46.5078488000" lon="7.7339818670">
				<ele>1896.7</ele>
			</trkpt>
			<trkpt lat="46.5078478950" lon="7.7339597394">
				<ele>1896.2</ele>
			</trkpt>
			<trkpt lat="46.5078361015" lon="7.7339425555">
				<ele>1896.0</ele>
			</trkpt>
			<trkpt lat="46.5078077287" lon="7.7339495537">
				<ele>1894.9</ele>
			</trkpt>
			<trkpt lat="46.5077623175" lon="7.7339707514">
				<ele>1893.2</ele>
			</trkpt>
			<trkpt lat="46.5077344087" lon="7.7339827421">
				<ele>1892.4</ele>
			</trkpt>
			<trkpt lat="46.5077173913" lon="7.7339819456">
				<ele>1891.9</ele>
			</trkpt>
			<trkpt lat="46.5077084286" lon="7.7339726203">
				<ele>1891.7</ele>
			</trkpt>
			<trkpt lat="46.5077060910" lon="7.7339547715">
				<ele>1891.3</ele>
			</trkpt>
			<trkpt lat="46.5077160716" lon="7.7339184368">
				<ele>1890.5</ele>
			</trkpt>
			<trkpt lat="46.5077440434" lon="7.7338650411">
				<ele>1889.7</ele>
			</trkpt>
			<trkpt lat="46.5077748352" lon="7.7338166774">
				<ele>1888.6</ele>
			</trkpt>
			<trkpt lat="46.5078212624" lon="7.7337505359">
				<ele>1887.5</ele>
			</trkpt>
			<trkpt lat="46.5078548800" lon="7.7337121669">
				<ele>1887.0</ele>
			</trkpt>
			<trkpt lat="46.5079083936" lon="7.7336503377">
				<ele>1885.7</ele>
			</trkpt>
			<trkpt lat="46.5079282964" lon="7.7336140437">
				<ele>1885.1</ele>
			</trkpt>
			<trkpt lat="46.5079463291" lon="7.7335670301">
				<ele>1884.2</ele>
			</trkpt>
			<trkpt lat="46.5079558791" lon="7.7335057037">
				<ele>1883.0</ele>
			</trkpt>
			<trkpt lat="46.5079592355" lon="7.7334707657">
				<ele>1881.8</ele>
			</trkpt>
			<trkpt lat="46.5079521791" lon="7.7334478881">
				<ele>1881.2</ele>
			</trkpt>
			<trkpt lat="46.5079356511" lon="7.7334385348">
				<ele>1880.6</ele>
			</trkpt>
			<trkpt lat="46.5079167273" lon="7.7334512912">
				<ele>1880.0</ele>
			</trkpt>
			<trkpt lat="46.5078816967" lon="7.7334796593">
				<ele>1878.6</ele>
			</trkpt>
			<trkpt lat="46.5078566475" lon="7.7334816860">
				<ele>1877.6</ele>
			</trkpt>
			<trkpt lat="46.5078164926" lon="7.7334600744">
				<ele>1876.2</ele>
			</trkpt>
			<trkpt lat="46.5077517975" lon="7.7334212356">
				<ele>1874.1</ele>
			</trkpt>
			<trkpt lat="46.5076846918" lon="7.7334066300">
				<ele>1871.8</ele>
			</trkpt>
			<trkpt lat="46.5076426404" lon="7.7333950143">
				<ele>1870.4</ele>
			</trkpt>
			<trkpt lat="46.5076005621" lon="7.7334005180">
				<ele>1869.0</ele>
			</trkpt>
			<trkpt lat="46.5075329359" lon="7.7334166053">
				<ele>1867.0</ele>
			</trkpt>
			<trkpt lat="46.5075088182" lon="7.7334271966">
				<ele>1866.2</ele>
			</trkpt>
			<trkpt lat="46.5074874852" lon="7.7334670523">
				<ele>1865.2</ele>
			</trkpt>
			<trkpt lat="46.5074576286" lon="7.7335189915">
				<ele>1864.1</ele>
			</trkpt>
			<trkpt lat="46.5074429580" lon="7.7335289177">
				<ele>1863.7</ele>
			</trkpt>
			<trkpt lat="46.5074003898" lon="7.7335465479">
				<ele>1862.2</ele>
			</trkpt>
			<trkpt lat="46.5073473847" lon="7.7335855408">
				<ele>1860.6</ele>
			</trkpt>
			<trkpt lat="46.5073166082" lon="7.7336210715">
				<ele>1859.6</ele>
			</trkpt>
			<trkpt lat="46.5072754050" lon="7.7336708247">
				<ele>1859.6</ele>
			</trkpt>
			<trkpt lat="46.5072535967" lon="7.7337135311">
				<ele>1859.3</ele>
			</trkpt>
			<trkpt lat="46.5072275430" lon="7.7337490873">
				<ele>1859.0</ele>
			</trkpt>
			<trkpt lat="46.5072062131" lon="7.7337910794">
				<ele>1859.0</ele>
			</trkpt>
			<trkpt lat="46.5071782609" lon="7.7338301952">
				<ele>1859.0</ele>
			</trkpt>
			<trkpt lat="46.5071593352" lon="7.7338400981">
				<ele>1858.8</ele>
			</trkpt>
			<trkpt lat="46.5071413521" lon="7.7338578492">
				<ele>1858.1</ele>
			</trkpt>
			<trkpt lat="46.5071129302" lon="7.7338976657">
				<ele>1856.6</ele>
			</trkpt>
			<trkpt lat="46.5070882881" lon="7.7339367995">
				<ele>1856.0</ele>
			</trkpt>
			<trkpt lat="46.5070608166" lon="7.7339709149">
				<ele>1855.9</ele>
			</trkpt>
			<trkpt lat="46.5070097178" lon="7.7340034943">
				<ele>1855.9</ele>
			</trkpt>
			<trkpt lat="46.5069605171" lon="7.7340325140">
				<ele>1854.5</ele>
			</trkpt>
			<trkpt lat="46.5069203146" lon="7.7340465873">
				<ele>1853.7</ele>
			</trkpt>
			<trkpt lat="46.5068829476" lon="7.7340635288">
				<ele>1852.5</ele>
			</trkpt>
			<trkpt lat="46.5068512474" lon="7.7340805015">
				<ele>1851.5</ele>
			</trkpt>
			<trkpt lat="46.5068328029" lon="7.7340854039">
				<ele>1850.8</ele>
			</trkpt>
			<trkpt lat="46.5068176909" lon="7.7340781950">
				<ele>1850.6</ele>
			</trkpt>
			<trkpt lat="46.5068134510" lon="7.7340653387">
				<ele>1850.3</ele>
			</trkpt>
			<trkpt lat="46.5068210623" lon="7.7340339688">
				<ele>1849.6</ele>
			</trkpt>
			<trkpt lat="46.5068618663" lon="7.7339371290">
				<ele>1847.2</ele>
			</trkpt>
			<trkpt lat="46.5069007515" lon="7.7338552486">
				<ele>1845.2</ele>
			</trkpt>
			<trkpt lat="46.5069310986" lon="7.7337876135">
				<ele>1843.5</ele>
			</trkpt>
			<trkpt lat="46.5069477242" lon="7.7337384564">
				<ele>1842.2</ele>
			</trkpt>
			<trkpt lat="46.5069648198" lon="7.7336850158">
				<ele>1841.2</ele>
			</trkpt>
			<trkpt lat="46.5069738541" lon="7.7336458101">
				<ele>1840.2</ele>
			</trkpt>
			<trkpt lat="46.5069872091" lon="7.7335709558">
				<ele>1838.3</ele>
			</trkpt>
			<trkpt lat="46.5069929479" lon="7.7335224559">
				<ele>1837.3</ele>
			</trkpt>
			<trkpt lat="46.5070043689" lon="7.7334754201">
				<ele>1836.5</ele>
			</trkpt>
			<trkpt lat="46.5070171923" lon="7.7334355181">
				<ele>1836.0</ele>
			</trkpt>
			<trkpt lat="46.5070456250" lon="7.7333878453">
				<ele>1835.4</ele>
			</trkpt>
			<trkpt lat="46.5070735646" lon="7.7333501626">
				<ele>1834.6</ele>
			</trkpt>
			<trkpt lat="46.5070868303" lon="7.7333338186">
				<ele>1834.2</ele>
			</trkpt>
			<trkpt lat="46.5070949087" lon="7.7333060207">
				<ele>1833.3</ele>
			</trkpt>
			<trkpt lat="46.5070978271" lon="7.7332489458">
				<ele>1831.8</ele>
			</trkpt>
			<trkpt lat="46.5071017186" lon="7.7331740398">
				<ele>1830.2</ele>
			</trkpt>
			<trkpt lat="46.5071117478" lon="7.7331048735">
				<ele>1828.8</ele>
			</trkpt>
			<trkpt lat="46.5071260243" lon="7.7330457104">
				<ele>1827.7</ele>
			</trkpt>
			<trkpt lat="46.5071416664" lon="7.7330151135">
				<ele>1827.0</ele>
			</trkpt>
			<trkpt lat="46.5071544762" lon="7.7329837711">
				<ele>1826.5</ele>
			</trkpt>
			<trkpt lat="46.5071578149" lon="7.7329623833">
				<ele>1826.1</ele>
			</trkpt>
			<trkpt lat="46.5071498081" lon="7.7329452204">
				<ele>1825.6</ele>
			</trkpt>
			<trkpt lat="46.5071299612" lon="7.7329394062">
				<ele>1825.1</ele>
			</trkpt>
			<trkpt lat="46.5070722699" lon="7.7329541146">
				<ele>1823.2</ele>
			</trkpt>
			<trkpt lat="46.5070008560" lon="7.7329773214">
				<ele>1820.3</ele>
			</trkpt>
			<trkpt lat="46.5069375071" lon="7.7329813028">
				<ele>1818.5</ele>
			</trkpt>
			<trkpt lat="46.5068916715" lon="7.7329718037">
				<ele>1816.5</ele>
			</trkpt>
			<trkpt lat="46.5068231609" lon="7.7329507684">
				<ele>1814.5</ele>
			</trkpt>
			<trkpt lat="46.5067395202" lon="7.7329296769">
				<ele>1811.5</ele>
			</trkpt>
			<trkpt lat="46.5066567856" lon="7.7329371231">
				<ele>1809.2</ele>
			</trkpt>
			<trkpt lat="46.5065887086" lon="7.7329396586">
				<ele>1806.9</ele>
			</trkpt>
			<trkpt lat="46.5065215854" lon="7.7329421861">
				<ele>1804.8</ele>
			</trkpt>
			<trkpt lat="46.5064747737" lon="7.7329519509">
				<ele>1803.6</ele>
			</trkpt>
			<trkpt lat="46.5064184983" lon="7.7329652338">
				<ele>1801.9</ele>
			</trkpt>
			<trkpt lat="46.5063485133" lon="7.7329855949">
				<ele>1800.1</ele>
			</trkpt>
			<trkpt lat="46.5063012117" lon="7.7330039163">
				<ele>1798.8</ele>
			</trkpt>
			<trkpt lat="46.5062392372" lon="7.7330364371">
				<ele>1797.1</ele>
			</trkpt>
			<trkpt lat="46.5062037684" lon="7.7330498198">
				<ele>1795.9</ele>
			</trkpt>
			<trkpt lat="46.5061687848" lon="7.7330496556">
				<ele>1794.4</ele>
			</trkpt>
			<trkpt lat="46.5061314465" lon="7.7330451925">
				<ele>1793.1</ele>
			</trkpt>
			<trkpt lat="46.5061064051" lon="7.7330372267">
				<ele>1792.8</ele>
			</trkpt>
			<trkpt lat="46.5061154407" lon="7.7330044443">
				<ele>1792.4</ele>
			</trkpt>
			<trkpt lat="46.5061249385" lon="7.7329738014">
				<ele>1791.6</ele>
			</trkpt>
			<trkpt lat="46.5061292465" lon="7.7329360035">
				<ele>1790.9</ele>
			</trkpt>
			<trkpt lat="46.5061279152" lon="7.7328767698">
				<ele>1790.4</ele>
			</trkpt>
			<trkpt lat="46.5061355279" lon="7.7328446964">
				<ele>1790.0</ele>
			</trkpt>
			<trkpt lat="46.5061521529" lon="7.7327919829">
				<ele>1789.2</ele>
			</trkpt>
			<trkpt lat="46.5061578671" lon="7.7327634561">
				<ele>1788.8</ele>
			</trkpt>
			<trkpt lat="46.5061569471" lon="7.7327470484">
				<ele>1788.3</ele>
			</trkpt>
			<trkpt lat="46.5061531842" lon="7.7327341822">
				<ele>1788.0</ele>
			</trkpt>
			<trkpt lat="46.5061437504" lon="7.7327227181">
				<ele>1787.7</ele>
			</trkpt>
			<trkpt lat="46.5061248400" lon="7.7327233451">
				<ele>1787.3</ele>
			</trkpt>
			<trkpt lat="46.5060874745" lon="7.7327395708">
				<ele>1786.5</ele>
			</trkpt>
			<trkpt lat="46.5060259905" lon="7.7327599651">
				<ele>1784.9</ele>
			</trkpt>
			<trkpt lat="46.5059640488" lon="7.7327696609">
				<ele>1782.9</ele>
			</trkpt>
			<trkpt lat="46.5059285947" lon="7.7327737676">
				<ele>1782.1</ele>
			</trkpt>
			<trkpt lat="46.5058983501" lon="7.7327672066">
				<ele>1780.8</ele>
			</trkpt>
			<trkpt lat="46.5058581781" lon="7.7327591584">
				<ele>1779.7</ele>
			</trkpt>
			<trkpt lat="46.5058076156" lon="7.7327482139">
				<ele>1778.5</ele>
			</trkpt>
			<trkpt lat="46.5057764445" lon="7.7327309388">
				<ele>1777.7</ele>
			</trkpt>
			<trkpt lat="46.5057589938" lon="7.7327065987">
				<ele>1777.2</ele>
			</trkpt>
			<trkpt lat="46.5057481756" lon="7.7326665823">
				<ele>1776.4</ele>
			</trkpt>
			<trkpt lat="46.5057340799" lon="7.7326072929">
				<ele>1775.3</ele>
			</trkpt>
			<trkpt lat="46.5057294109" lon="7.7325694466">
				<ele>1774.6</ele>
			</trkpt>
			<trkpt lat="46.5057309180" lon="7.7325080921">
				<ele>1773.7</ele>
			</trkpt>
			<trkpt lat="46.5057286235" lon="7.7324666891">
				<ele>1772.8</ele>
			</trkpt>
			<trkpt lat="46.5057220839" lon="7.7324145671">
				<ele>1772.2</ele>
			</trkpt>
			<trkpt lat="46.5057178815" lon="7.7323767233">
				<ele>1771.7</ele>
			</trkpt>
			<trkpt lat="46.5057146516" lon="7.7323246192">
				<ele>1770.7</ele>
			</trkpt>
			<trkpt lat="46.5057132889" lon="7.7322846542">
				<ele>1769.8</ele>
			</trkpt>
			<trkpt lat="46.5056968287" lon="7.7322317748">
				<ele>1768.6</ele>
			</trkpt>
			<trkpt lat="46.5056770442" lon="7.7321802976">
				<ele>1767.6</ele>
			</trkpt>
			<trkpt lat="46.5056558378" lon="7.7321402382">
				<ele>1766.8</ele>
			</trkpt>
			<trkpt lat="46.5056242107" lon="7.7321115483">
				<ele>1765.9</ele>
			</trkpt>
			<trkpt lat="46.5055887822" lon="7.7320921140">
				<ele>1764.8</ele>
			</trkpt>
			<trkpt lat="46.5055561842" lon="7.7320805378">
				<ele>1763.6</ele>
			</trkpt>
			<trkpt lat="46.5055217014" lon="7.7320639617">
				<ele>1763.3</ele>
			</trkpt>
			<trkpt lat="46.5054881824" lon="7.7320331120">
				<ele>1762.4</ele>
			</trkpt>
			<trkpt lat="46.5054508840" lon="7.7320029582">
				<ele>1761.5</ele>
			</trkpt>
			<trkpt lat="46.5054272968" lon="7.7319714590">
				<ele>1760.6</ele>
			</trkpt>
			<trkpt lat="46.5054164589" lon="7.7319499950">
				<ele>1760.0</ele>
			</trkpt>
			<trkpt lat="46.5054108254" lon="7.7319228531">
				<ele>1759.6</ele>
			</trkpt>
			<trkpt lat="46.5054089759" lon="7.7318935950">
				<ele>1759.3</ele>
			</trkpt>
			<trkpt lat="46.5054147105" lon="7.7318500860">
				<ele>1758.8</ele>
			</trkpt>
			<trkpt lat="46.5054284915" lon="7.7318016307">
				<ele>1758.3</ele>
			</trkpt>
			<trkpt lat="46.5054346670" lon="7.7317859654">
				<ele>1758.1</ele>
			</trkpt>
			<trkpt lat="46.5054522364" lon="7.7317332442">
				<ele>1757.7</ele>
			</trkpt>
			<trkpt lat="46.5054574732" lon="7.7317047280">
				<ele>1757.2</ele>
			</trkpt>
			<trkpt lat="46.5054537394" lon="7.7316733100">
				<ele>1756.8</ele>
			</trkpt>
			<trkpt lat="46.5054448427" lon="7.7316140491">
				<ele>1756.0</ele>
			</trkpt>
			<trkpt lat="46.5054246694" lon="7.7315147700">
				<ele>1754.4</ele>
			</trkpt>
			<trkpt lat="46.5054157557" lon="7.7314654887">
				<ele>1753.5</ele>
			</trkpt>
			<trkpt lat="46.5054124866" lon="7.7314390629">
				<ele>1752.9</ele>
			</trkpt>
			<trkpt lat="46.5053983494" lon="7.7314097385">
				<ele>1752.1</ele>
			</trkpt>
			<trkpt lat="46.5053851336" lon="7.7313961177">
				<ele>1751.8</ele>
			</trkpt>
			<trkpt lat="46.5053742950" lon="7.7313710975">
				<ele>1751.2</ele>
			</trkpt>
			<trkpt lat="46.5053663313" lon="7.7313268240">
				<ele>1750.5</ele>
			</trkpt>
			<trkpt lat="46.5053460809" lon="7.7312710586">
				<ele>1749.2</ele>
			</trkpt>
			<trkpt lat="46.5053272590" lon="7.7312131774">
				<ele>1748.2</ele>
			</trkpt>
			<trkpt lat="46.5053117199" lon="7.7311759894">
				<ele>1747.3</ele>
			</trkpt>
			<trkpt lat="46.5052857709" lon="7.7311430447">
				<ele>1746.2</ele>
			</trkpt>
			<trkpt lat="46.5052536655" lon="7.7311114998">
				<ele>1745.5</ele>
			</trkpt>
			<trkpt lat="46.5052362225" lon="7.7310835908">
				<ele>1744.9</ele>
			</trkpt>
			<trkpt lat="46.5052258505" lon="7.7310628460">
				<ele>1744.3</ele>
			</trkpt>
			<trkpt lat="46.5052169097" lon="7.7310342534">
				<ele>1743.9</ele>
			</trkpt>
			<trkpt lat="46.5052070087" lon="7.7310156610">
				<ele>1743.7</ele>
			</trkpt>
			<trkpt lat="46.5051956787" lon="7.7310070404">
				<ele>1743.3</ele>
			</trkpt>
			<trkpt lat="46.5051635471" lon="7.7309997539">
				<ele>1742.7</ele>
			</trkpt>
			<trkpt lat="46.5051394463" lon="7.7309932140">
				<ele>1742.2</ele>
			</trkpt>
			<trkpt lat="46.5051144143" lon="7.7309781097">
				<ele>1741.6</ele>
			</trkpt>
			<trkpt lat="46.5050884615" lon="7.7309465852">
				<ele>1741.0</ele>
			</trkpt>
			<trkpt lat="46.5050667114" lon="7.7309004529">
				<ele>1740.4</ele>
			</trkpt>
			<trkpt lat="46.5050469327" lon="7.7308259953">
				<ele>1739.7</ele>
			</trkpt>
			<trkpt lat="46.5050393912" lon="7.7307711717">
				<ele>1739.2</ele>
			</trkpt>
			<trkpt lat="46.5050334922" lon="7.7307250337">
				<ele>1739.0</ele>
			</trkpt>
			<trkpt lat="46.5050376968" lon="7.7306429669">
				<ele>1738.2</ele>
			</trkpt>
			<trkpt lat="46.5050371169" lon="7.7306023943">
				<ele>1737.8</ele>
			</trkpt>
			<trkpt lat="46.5050265778" lon="7.7305414838">
				<ele>1736.9</ele>
			</trkpt>
			<trkpt lat="46.5050067296" lon="7.7304658012">
				<ele>1735.2</ele>
			</trkpt>
			<trkpt lat="46.5049907848" lon="7.7304325462">
				<ele>1735.0</ele>
			</trkpt>
			<trkpt lat="46.5049467985" lon="7.7303964431">
				<ele>1734.4</ele>
			</trkpt>
			<trkpt lat="46.5049248188" lon="7.7303733304">
				<ele>1734.1</ele>
			</trkpt>
			<trkpt lat="46.5049095466" lon="7.7303373039">
				<ele>1733.8</ele>
			</trkpt>
			<trkpt lat="46.5049076256" lon="7.7303040984">
				<ele>1733.3</ele>
			</trkpt>
			<trkpt lat="46.5049117187" lon="7.7302653881">
				<ele>1733.0</ele>
			</trkpt>
			<trkpt lat="46.5049104784" lon="7.7302266491">
				<ele>1732.7</ele>
			</trkpt>
			<trkpt lat="46.5048965583" lon="7.7301823312">
				<ele>1732.2</ele>
			</trkpt>
			<trkpt lat="46.5048746283" lon="7.7301398462">
				<ele>1731.7</ele>
			</trkpt>
			<trkpt lat="46.5048333828" lon="7.7300733120">
				<ele>1730.6</ele>
			</trkpt>
			<trkpt lat="46.5048027949" lon="7.7300215698">
				<ele>1729.9</ele>
			</trkpt>
			<trkpt lat="46.5047682357" lon="7.7299541466">
				<ele>1728.6</ele>
			</trkpt>
			<trkpt lat="46.5047402988" lon="7.7299070177">
				<ele>1727.9</ele>
			</trkpt>
			<trkpt lat="46.5047370924" lon="7.7298525957">
				<ele>1726.5</ele>
			</trkpt>
			<trkpt lat="46.5047333026" lon="7.7297622135">
				<ele>1725.0</ele>
			</trkpt>
			<trkpt lat="46.5047367757" lon="7.7297022775">
				<ele>1723.9</ele>
			</trkpt>
			<trkpt lat="46.5047423105" lon="7.7296202182">
				<ele>1723.2</ele>
			</trkpt>
			<trkpt lat="46.5047510416" lon="7.7296008794">
				<ele>1723.0</ele>
			</trkpt>
			<trkpt lat="46.5047697793" lon="7.7295834053">
				<ele>1722.9</ele>
			</trkpt>
			<trkpt lat="46.5047931685" lon="7.7295724180">
				<ele>1722.6</ele>
			</trkpt>
			<trkpt lat="46.5048205713" lon="7.7295614262">
				<ele>1722.9</ele>
			</trkpt>
			<trkpt lat="46.5048466912" lon="7.7295273940">
				<ele>1723.0</ele>
			</trkpt>
			<trkpt lat="46.5049102970" lon="7.7294547266">
				<ele>1723.0</ele>
			</trkpt>
			<trkpt lat="46.5049163230" lon="7.7294445971">
				<ele>1723.0</ele>
			</trkpt>
			<trkpt lat="46.5049157349" lon="7.7294104736">
				<ele>1722.9</ele>
			</trkpt>
			<trkpt lat="46.5049091338" lon="7.7293818678">
				<ele>1722.6</ele>
			</trkpt>
			<trkpt lat="46.5048852216" lon="7.7293264618">
				<ele>1722.3</ele>
			</trkpt>
			<trkpt lat="46.5048560279" lon="7.7292498179">
				<ele>1722.1</ele>
			</trkpt>
			<trkpt lat="46.5048334700" lon="7.7291851954">
				<ele>1722.0</ele>
			</trkpt>
			<trkpt lat="46.5048268759" lon="7.7291538148">
				<ele>1721.7</ele>
			</trkpt>
			<trkpt lat="46.5048342822" lon="7.7291243331">
				<ele>1721.5</ele>
			</trkpt>
			<trkpt lat="46.5048484292" lon="7.7290727269">
				<ele>1721.2</ele>
			</trkpt>
			<trkpt lat="46.5048471578" lon="7.7290459737">
				<ele>1721.2</ele>
			</trkpt>
			<trkpt lat="46.5048372332" lon="7.7290081394">
				<ele>1721.5</ele>
			</trkpt>
			<trkpt lat="46.5048332921" lon="7.7289767730">
				<ele>1721.6</ele>
			</trkpt>
			<trkpt lat="46.5048374253" lon="7.7289260642">
				<ele>1721.4</ele>
			</trkpt>
			<trkpt lat="46.5048448692" lon="7.7288818089">
				<ele>1721.1</ele>
			</trkpt>
			<trkpt lat="46.5048416293" lon="7.7288402975">
				<ele>1720.7</ele>
			</trkpt>
			<trkpt lat="46.5048303850" lon="7.7287941573">
				<ele>1720.4</ele>
			</trkpt>
			<trkpt lat="46.5048158036" lon="7.7287479993">
				<ele>1719.5</ele>
			</trkpt>
			<trkpt lat="46.5047991976" lon="7.7287129043">
				<ele>1719.2</ele>
			</trkpt>
			<trkpt lat="46.5047678901" lon="7.7286786816">
				<ele>1718.1</ele>
			</trkpt>
			<trkpt lat="46.5047438774" lon="7.7286693944">
				<ele>1717.3</ele>
			</trkpt>
			<trkpt lat="46.5047131870" lon="7.7286609965">
				<ele>1716.7</ele>
			</trkpt>
			<trkpt lat="46.5046832132" lon="7.7286295430">
				<ele>1716.2</ele>
			</trkpt>
			<trkpt lat="46.5046732555" lon="7.7286046194">
				<ele>1716.1</ele>
			</trkpt>
			<trkpt lat="46.5046666820" lon="7.7285612533">
				<ele>1715.6</ele>
			</trkpt>
			<trkpt lat="46.5046622005" lon="7.7284773164">
				<ele>1715.3</ele>
			</trkpt>
			<trkpt lat="46.5046529987" lon="7.7284173387">
				<ele>1715.5</ele>
			</trkpt>
			<trkpt lat="46.5046450631" lon="7.7283822772">
				<ele>1715.6</ele>
			</trkpt>
			<trkpt lat="46.5046324948" lon="7.7283333556">
				<ele>1715.5</ele>
			</trkpt>
			<trkpt lat="46.5046325660" lon="7.7283019980">
				<ele>1715.5</ele>
			</trkpt>
			<trkpt lat="46.5046540886" lon="7.7282365822">
				<ele>1715.4</ele>
			</trkpt>
			<trkpt lat="46.5046802956" lon="7.7281647298">
				<ele>1715.8</ele>
			</trkpt>
			<trkpt lat="46.5046930907" lon="7.7281177405">
				<ele>1715.8</ele>
			</trkpt>
			<trkpt lat="46.5046911643" lon="7.7280863722">
				<ele>1716.2</ele>
			</trkpt>
			<trkpt lat="46.5046845436" lon="7.7280614546">
				<ele>1716.3</ele>
			</trkpt>
			<trkpt lat="46.5046718847" lon="7.7280485022">
				<ele>1716.2</ele>
			</trkpt>
			<trkpt lat="46.5046585445" lon="7.7280447700">
				<ele>1716.1</ele>
			</trkpt>
			<trkpt lat="46.5046385203" lon="7.7280410276">
				<ele>1715.7</ele>
			</trkpt>
			<trkpt lat="46.5046024641" lon="7.7280418385">
				<ele>1715.2</ele>
			</trkpt>
			<trkpt lat="46.5045643890" lon="7.7280472506">
				<ele>1714.6</ele>
			</trkpt>
			<trkpt lat="46.5045430338" lon="7.7280435011">
				<ele>1713.9</ele>
			</trkpt>
			<trkpt lat="46.5045137253" lon="7.7280120519">
				<ele>1713.3</ele>
			</trkpt>
			<trkpt lat="46.5044571409" lon="7.7279417900">
				<ele>1711.6</ele>
			</trkpt>
			<trkpt lat="46.5044045467" lon="7.7278733865">
				<ele>1710.4</ele>
			</trkpt>
			<trkpt lat="46.5043719550" lon="7.7278207226">
				<ele>1709.5</ele>
			</trkpt>
			<trkpt lat="46.5043287412" lon="7.7277421945">
				<ele>1708.3</ele>
			</trkpt>
			<trkpt lat="46.5042928493" lon="7.7276710798">
				<ele>1706.6</ele>
			</trkpt>
			<trkpt lat="46.5042636415" lon="7.7275999754">
				<ele>1705.4</ele>
			</trkpt>
			<trkpt lat="46.5042324866" lon="7.7275021260">
				<ele>1703.4</ele>
			</trkpt>
			<trkpt lat="46.5041953406" lon="7.7273968721">
				<ele>1701.8</ele>
			</trkpt>
			<trkpt lat="46.5041694486" lon="7.7273340823">
				<ele>1700.5</ele>
			</trkpt>
			<trkpt lat="46.5041555308" lon="7.7272888546">
				<ele>1699.9</ele>
			</trkpt>
			<trkpt lat="46.5041484084" lon="7.7271920066">
				<ele>1698.8</ele>
			</trkpt>
			<trkpt lat="46.5041413666" lon="7.7270637886">
				<ele>1697.6</ele>
			</trkpt>
			<trkpt lat="46.5041208488" lon="7.7269853425">
				<ele>1697.1</ele>
			</trkpt>
			<trkpt lat="46.5040910664" lon="7.7268708918">
				<ele>1696.8</ele>
			</trkpt>
			<trkpt lat="46.5040545319" lon="7.7267905509">
				<ele>1697.0</ele>
			</trkpt>
			<trkpt lat="46.5040392632" lon="7.7267526888">
				<ele>1697.2</ele>
			</trkpt>
			<trkpt lat="46.5040406432" lon="7.7267333246">
				<ele>1697.2</ele>
			</trkpt>
			<trkpt lat="46.5040487102" lon="7.7267093698">
				<ele>1697.2</ele>
			</trkpt>
			<trkpt lat="46.5040701519" lon="7.7266789992">
				<ele>1697.7</ele>
			</trkpt>
			<trkpt lat="46.5040862479" lon="7.7266495368">
				<ele>1698.0</ele>
			</trkpt>
			<trkpt lat="46.5040916642" lon="7.7266172824">
				<ele>1698.0</ele>
			</trkpt>
			<trkpt lat="46.5040877335" lon="7.7265849926">
				<ele>1697.8</ele>
			</trkpt>
			<trkpt lat="46.5040717689" lon="7.7265591257">
				<ele>1697.7</ele>
			</trkpt>
			<trkpt lat="46.5040571106" lon="7.7265434008">
				<ele>1697.6</ele>
			</trkpt>
			<trkpt lat="46.5040351052" lon="7.7265331871">
				<ele>1697.0</ele>
			</trkpt>
			<trkpt lat="46.5039910645" lon="7.7265219848">
				<ele>1696.2</ele>
			</trkpt>
			<trkpt lat="46.5039603885" lon="7.7265043778">
				<ele>1695.7</ele>
			</trkpt>
			<trkpt lat="46.5039297523" lon="7.7264710843">
				<ele>1695.5</ele>
			</trkpt>
			<trkpt lat="46.5038951374" lon="7.7264248612">
				<ele>1694.8</ele>
			</trkpt>
			<trkpt lat="46.5038671751" lon="7.7263906580">
				<ele>1693.7</ele>
			</trkpt>
			<trkpt lat="46.5038278653" lon="7.7263545705">
				<ele>1692.9</ele>
			</trkpt>
			<trkpt lat="46.5037799197" lon="7.7263009424">
				<ele>1692.1</ele>
			</trkpt>
			<trkpt lat="46.5037586352" lon="7.7262621359">
				<ele>1692.0</ele>
			</trkpt>
			<trkpt lat="46.5037367009" lon="7.7262205795">
				<ele>1691.2</ele>
			</trkpt>
			<trkpt lat="46.5037187464" lon="7.7261882394">
				<ele>1690.6</ele>
			</trkpt>
			<trkpt lat="46.5037088116" lon="7.7261540939">
				<ele>1690.3</ele>
			</trkpt>
			<trkpt lat="46.5036956167" lon="7.7260858114">
				<ele>1689.3</ele>
			</trkpt>
			<trkpt lat="46.5036717607" lon="7.7260073485">
				<ele>1688.0</ele>
			</trkpt>
			<trkpt lat="46.5036405316" lon="7.7259417710">
				<ele>1686.5</ele>
			</trkpt>
			<trkpt lat="46.5036000216" lon="7.7258466635">
				<ele>1685.2</ele>
			</trkpt>
			<trkpt lat="46.5035721600" lon="7.7257691179">
				<ele>1684.8</ele>
			</trkpt>
			<trkpt lat="46.5035443263" lon="7.7256804994">
				<ele>1684.4</ele>
			</trkpt>
			<trkpt lat="46.5035117729" lon="7.7256084665">
				<ele>1684.4</ele>
			</trkpt>
			<trkpt lat="46.5035018496" lon="7.7255696952">
				<ele>1684.3</ele>
			</trkpt>
			<trkpt lat="46.5034980031" lon="7.7255005243">
				<ele>1684.3</ele>
			</trkpt>
			<trkpt lat="46.5034995186" lon="7.7254239821">
				<ele>1684.5</ele>
			</trkpt>
			<trkpt lat="46.5035029796" lon="7.7253714334">
				<ele>1685.2</ele>
			</trkpt>
			<trkpt lat="46.5035124500" lon="7.7253152048">
				<ele>1686.0</ele>
			</trkpt>
			<trkpt lat="46.5035226042" lon="7.7252552918">
				<ele>1686.7</ele>
			</trkpt>
			<trkpt lat="46.5035233420" lon="7.7252267007">
				<ele>1686.9</ele>
			</trkpt>
			<trkpt lat="46.5035173797" lon="7.7252045482">
				<ele>1687.0</ele>
			</trkpt>
			<trkpt lat="46.5035033951" lon="7.7251888274">
				<ele>1686.9</ele>
			</trkpt>
			<trkpt lat="46.5034753837" lon="7.7251776841">
				<ele>1686.4</ele>
			</trkpt>
			<trkpt lat="46.5034453454" lon="7.7251748281">
				<ele>1685.9</ele>
			</trkpt>
			<trkpt lat="46.5034126121" lon="7.7251811816">
				<ele>1685.2</ele>
			</trkpt>
			<trkpt lat="46.5033832697" lon="7.7251663322">
				<ele>1684.4</ele>
			</trkpt>
			<trkpt lat="46.5033539671" lon="7.7251321229">
				<ele>1683.3</ele>
			</trkpt>
			<trkpt lat="46.5033393775" lon="7.7250887423">
				<ele>1682.6</ele>
			</trkpt>
			<trkpt lat="46.5033261657" lon="7.7250269082">
				<ele>1682.4</ele>
			</trkpt>
			<trkpt lat="46.5033263031" lon="7.7249688190">
				<ele>1682.5</ele>
			</trkpt>
			<trkpt lat="46.5033358359" lon="7.7248876814">
				<ele>1683.0</ele>
			</trkpt>
			<trkpt lat="46.5033547314" lon="7.7248001310">
				<ele>1683.3</ele>
			</trkpt>
			<trkpt lat="46.5033763379" lon="7.7246969099">
				<ele>1683.9</ele>
			</trkpt>
			<trkpt lat="46.5033892544" lon="7.7245973427">
				<ele>1683.9</ele>
			</trkpt>
			<trkpt lat="46.5033954307" lon="7.7245272739">
				<ele>1684.2</ele>
			</trkpt>
			<trkpt lat="46.5033982746" lon="7.7244516636">
				<ele>1684.2</ele>
			</trkpt>
			<trkpt lat="46.5033984282" lon="7.7243834260">
				<ele>1684.7</ele>
			</trkpt>
			<trkpt lat="46.5034052423" lon="7.7243244202">
				<ele>1685.5</ele>
			</trkpt>
			<trkpt lat="46.5034120587" lon="7.7242644904">
				<ele>1685.8</ele>
			</trkpt>
			<trkpt lat="46.5034074693" lon="7.7242257483">
				<ele>1685.8</ele>
			</trkpt>
			<trkpt lat="46.5033915060" lon="7.7242026440">
				<ele>1685.4</ele>
			</trkpt>
			<trkpt lat="46.5033715125" lon="7.7241832190">
				<ele>1685.2</ele>
			</trkpt>
			<trkpt lat="46.5033195090" lon="7.7241507927">
				<ele>1684.5</ele>
			</trkpt>
			<trkpt lat="46.5033021915" lon="7.7241332186">
				<ele>1684.5</ele>
			</trkpt>
			<trkpt lat="46.5032902663" lon="7.7240926004">
				<ele>1684.2</ele>
			</trkpt>
			<trkpt lat="46.5032784828" lon="7.7239883565">
				<ele>1683.5</ele>
			</trkpt>
			<trkpt lat="46.5032687840" lon="7.7238527665">
				<ele>1683.0</ele>
			</trkpt>
			<trkpt lat="46.5032609512" lon="7.7237872485">
				<ele>1682.8</ele>
			</trkpt>
			<trkpt lat="46.5032423891" lon="7.7237171149">
				<ele>1682.6</ele>
			</trkpt>
			<trkpt lat="46.5032325071" lon="7.7236580611">
				<ele>1682.1</ele>
			</trkpt>
			<trkpt lat="46.5032320015" lon="7.7235870579">
				<ele>1680.8</ele>
			</trkpt>
			<trkpt lat="46.5032201107" lon="7.7235326054">
				<ele>1679.9</ele>
			</trkpt>
			<trkpt lat="46.5032069443" lon="7.7234523383">
				<ele>1678.2</ele>
			</trkpt>
			<trkpt lat="46.5031971270" lon="7.7233637773">
				<ele>1677.3</ele>
			</trkpt>
			<trkpt lat="46.5031845728" lon="7.7233084093">
				<ele>1677.1</ele>
			</trkpt>
			<trkpt lat="46.5031652999" lon="7.7232705413">
				<ele>1677.1</ele>
			</trkpt>
			<trkpt lat="46.5031333389" lon="7.7232307827">
				<ele>1677.0</ele>
			</trkpt>
			<trkpt lat="46.5030987131" lon="7.7231882613">
				<ele>1676.9</ele>
			</trkpt>
			<trkpt lat="46.5030594370" lon="7.7231383549">
				<ele>1677.0</ele>
			</trkpt>
			<trkpt lat="46.5030135303" lon="7.7230672044">
				<ele>1677.1</ele>
			</trkpt>
			<trkpt lat="46.5029789784" lon="7.7229914771">
				<ele>1676.4</ele>
			</trkpt>
			<trkpt lat="46.5029617647" lon="7.7229287244">
				<ele>1675.9</ele>
			</trkpt>
			<trkpt lat="46.5029571932" lon="7.7228862823">
				<ele>1675.7</ele>
			</trkpt>
			<trkpt lat="46.5029640228" lon="7.7228171420">
				<ele>1674.5</ele>
			</trkpt>
			<trkpt lat="46.5029642100" lon="7.7227350570">
				<ele>1673.5</ele>
			</trkpt>
			<trkpt lat="46.5029397643" lon="7.7226252501">
				<ele>1672.6</ele>
			</trkpt>
			<trkpt lat="46.5029245337" lon="7.7225680318">
				<ele>1672.8</ele>
			</trkpt>
			<trkpt lat="46.5029080409" lon="7.7224794492">
				<ele>1673.4</ele>
			</trkpt>
			<trkpt lat="46.5028934594" lon="7.7224360562">
				<ele>1673.5</ele>
			</trkpt>
			<trkpt lat="46.5028755454" lon="7.7223834357">
				<ele>1673.5</ele>
			</trkpt>
			<trkpt lat="46.5028569058" lon="7.7223584814">
				<ele>1673.3</ele>
			</trkpt>
			<trkpt lat="46.5028302438" lon="7.7223399599">
				<ele>1672.8</ele>
			</trkpt>
			<trkpt lat="46.5027768785" lon="7.7223195143">
				<ele>1671.8</ele>
			</trkpt>
			<trkpt lat="46.5027194990" lon="7.7222999853">
				<ele>1671.8</ele>
			</trkpt>
			<trkpt lat="46.5026748423" lon="7.7222648118">
				<ele>1671.7</ele>
			</trkpt>
			<trkpt lat="46.5026375282" lon="7.7222324129">
				<ele>1671.3</ele>
			</trkpt>
			<trkpt lat="46.5026002532" lon="7.7221806687">
				<ele>1670.5</ele>
			</trkpt>
			<trkpt lat="46.5025683678" lon="7.7221104794">
				<ele>1669.8</ele>
			</trkpt>
			<trkpt lat="46.5025471876" lon="7.7220292725">
				<ele>1668.9</ele>
			</trkpt>
			<trkpt lat="46.5025240496" lon="7.7219249973">
				<ele>1667.7</ele>
			</trkpt>
			<trkpt lat="46.5025175176" lon="7.7218641127">
				<ele>1666.8</ele>
			</trkpt>
			<trkpt lat="46.5025117250" lon="7.7217700241">
				<ele>1665.5</ele>
			</trkpt>
			<trkpt lat="46.5025032307" lon="7.7216879199">
				<ele>1664.8</ele>
			</trkpt>
			<trkpt lat="46.5024887133" lon="7.7216113343">
				<ele>1664.1</ele>
			</trkpt>
			<trkpt lat="46.5024595270" lon="7.7215264124">
				<ele>1663.3</ele>
			</trkpt>
			<trkpt lat="46.5024070250" lon="7.7214192881">
				<ele>1662.6</ele>
			</trkpt>
			<trkpt lat="46.5023704934" lon="7.7213361784">
				<ele>1662.0</ele>
			</trkpt>
			<trkpt lat="46.5023533134" lon="7.7212558922">
				<ele>1661.5</ele>
			</trkpt>
			<trkpt lat="46.5023494389" lon="7.7212005573">
				<ele>1660.9</ele>
			</trkpt>
			<trkpt lat="46.5023562745" lon="7.7211286427">
				<ele>1660.2</ele>
			</trkpt>
			<trkpt lat="46.5023577709" lon="7.7210585631">
				<ele>1659.4</ele>
			</trkpt>
			<trkpt lat="46.5023492255" lon="7.7210004433">
				<ele>1658.8</ele>
			</trkpt>
			<trkpt lat="46.5023352885" lon="7.7209616662">
				<ele>1658.5</ele>
			</trkpt>
			<trkpt lat="46.5023027666" lon="7.7208758028">
				<ele>1657.6</ele>
			</trkpt>
			<trkpt lat="46.5022862175" lon="7.7208130415">
				<ele>1656.5</ele>
			</trkpt>
			<trkpt lat="46.5022637372" lon="7.7207152328">
				<ele>1654.1</ele>
			</trkpt>
			<trkpt lat="46.5022531924" lon="7.7206652051">
				<ele>1653.4</ele>
			</trkpt>
			<trkpt lat="46.5022481243" lon="7.7205723453">
				<ele>1651.1</ele>
			</trkpt>
			<trkpt lat="46.5022435987" lon="7.7205291234">
				<ele>1649.6</ele>
			</trkpt>
			<trkpt lat="46.5022299263" lon="7.7204380565">
				<ele>1647.1</ele>
			</trkpt>
			<trkpt lat="46.5022267230" lon="7.7203948406">
				<ele>1646.3</ele>
			</trkpt>
			<trkpt lat="46.5022307790" lon="7.7203553368">
				<ele>1645.3</ele>
			</trkpt>
			<trkpt lat="46.5022487836" lon="7.7202883010">
				<ele>1643.7</ele>
			</trkpt>
			<trkpt lat="46.5022847924" lon="7.7201542406">
				<ele>1640.8</ele>
			</trkpt>
			<trkpt lat="46.5023140347" lon="7.7200863376">
				<ele>1639.5</ele>
			</trkpt>
			<trkpt lat="46.5023339793" lon="7.7200386047">
				<ele>1638.5</ele>
			</trkpt>
			<trkpt lat="46.5023366809" lon="7.7200119652">
				<ele>1638.4</ele>
			</trkpt>
			<trkpt lat="46.5023311408" lon="7.7199897119">
				<ele>1638.6</ele>
			</trkpt>
			<trkpt lat="46.5023224424" lon="7.7199749584">
				<ele>1638.6</ele>
			</trkpt>
			<trkpt lat="46.5023057561" lon="7.7199601771">
				<ele>1638.6</ele>
			</trkpt>
			<trkpt lat="46.5022939953" lon="7.7199506715">
				<ele>1638.6</ele>
			</trkpt>
			<trkpt lat="46.5022845389" lon="7.7199332958">
				<ele>1638.6</ele>
			</trkpt>
			<trkpt lat="46.5022679418" lon="7.7198933198">
				<ele>1638.9</ele>
			</trkpt>
			<trkpt lat="46.5022359784" lon="7.7198249559">
				<ele>1639.0</ele>
			</trkpt>
			<trkpt lat="46.5022076662" lon="7.7197752139">
				<ele>1638.8</ele>
			</trkpt>
			<trkpt lat="46.5021787087" lon="7.7197208568">
				<ele>1637.8</ele>
			</trkpt>
			<trkpt lat="46.5021622929" lon="7.7196730005">
				<ele>1636.4</ele>
			</trkpt>
			<trkpt lat="46.5021505896" lon="7.7195893046">
				<ele>1634.8</ele>
			</trkpt>
			<trkpt lat="46.5021434689" lon="7.7195258375">
				<ele>1633.2</ele>
			</trkpt>
			<trkpt lat="46.5021264578" lon="7.7194494746">
				<ele>1630.6</ele>
			</trkpt>
			<trkpt lat="46.5021075677" lon="7.7193289910">
				<ele>1628.0</ele>
			</trkpt>
			<trkpt lat="46.5021050684" lon="7.7192664733">
				<ele>1626.2</ele>
			</trkpt>
			<trkpt lat="46.5021078471" lon="7.7192048942">
				<ele>1624.8</ele>
			</trkpt>
			<trkpt lat="46.5021225882" lon="7.7191222211">
				<ele>1623.4</ele>
			</trkpt>
			<trkpt lat="46.5021293520" lon="7.7190533022">
				<ele>1622.2</ele>
			</trkpt>
			<trkpt lat="46.5021203563" lon="7.7189438783">
				<ele>1620.1</ele>
			</trkpt>
			<trkpt lat="46.5021191406" lon="7.7188970003">
				<ele>1618.9</ele>
			</trkpt>
			<trkpt lat="46.5021265157" lon="7.7188501396">
				<ele>1617.5</ele>
			</trkpt>
			<trkpt lat="46.5021285785" lon="7.7188161364">
				<ele>1616.5</ele>
			</trkpt>
			<trkpt lat="46.5021200739" lon="7.7187775051">
				<ele>1615.8</ele>
			</trkpt>
			<trkpt lat="46.5021128734" lon="7.7187498890">
				<ele>1614.8</ele>
			</trkpt>
			<trkpt lat="46.5021124955" lon="7.7186258023">
				<ele>1611.8</ele>
			</trkpt>
			<trkpt lat="46.5021066945" lon="7.7185595934">
				<ele>1610.4</ele>
			</trkpt>
			<trkpt lat="46.5020884373" lon="7.7184519721">
				<ele>1608.3</ele>
			</trkpt>
			<trkpt lat="46.5020694150" lon="7.7183884699">
				<ele>1607.4</ele>
			</trkpt>
			<trkpt lat="46.5020596603" lon="7.7183167301">
				<ele>1606.7</ele>
			</trkpt>
			<trkpt lat="46.5020612495" lon="7.7182411407">
				<ele>1605.7</ele>
			</trkpt>
			<trkpt lat="46.5020134189" lon="7.7179816120">
				<ele>1604.1</ele>
			</trkpt>
			<trkpt lat="46.5019485487" lon="7.7178508224">
				<ele>1599.9</ele>
			</trkpt>
			<trkpt lat="46.5019230053" lon="7.7177611935">
				<ele>1598.3</ele>
			</trkpt>
			<trkpt lat="46.5019233940" lon="7.7176212045">
				<ele>1596.7</ele>
			</trkpt>
			<trkpt lat="46.5019471520" lon="7.7175147244">
				<ele>1594.9</ele>
			</trkpt>
			<trkpt lat="46.5019551853" lon="7.7174706294">
				<ele>1594.3</ele>
			</trkpt>
			<trkpt lat="46.5019558097" lon="7.7174140938">
				<ele>1593.8</ele>
			</trkpt>
			<trkpt lat="46.5019703415" lon="7.7173318496">
				<ele>1594.8</ele>
			</trkpt>
			<trkpt lat="46.5019753520" lon="7.7172181344">
				<ele>1597.5</ele>
			</trkpt>
			<trkpt lat="46.5019763478" lon="7.7171531462">
				<ele>1597.5</ele>
			</trkpt>
			<trkpt lat="46.5020066991" lon="7.7170320051">
				<ele>1598.4</ele>
			</trkpt>
			<trkpt lat="46.5020208276" lon="7.7169233128">
				<ele>1598.9</ele>
			</trkpt>
			<trkpt lat="46.5020339416" lon="7.7167696320">
				<ele>1600.9</ele>
			</trkpt>
			<trkpt lat="46.5020440333" lon="7.7166709370">
				<ele>1601.8</ele>
			</trkpt>
			<trkpt lat="46.5020683274" lon="7.7166097684">
				<ele>1602.7</ele>
			</trkpt>
			<trkpt lat="46.5020784429" lon="7.7165748026">
				<ele>1603.4</ele>
			</trkpt>
			<trkpt lat="46.5020936433" lon="7.7165573589">
				<ele>1603.8</ele>
			</trkpt>
			<trkpt lat="46.5020997025" lon="7.7165111300">
				<ele>1604.5</ele>
			</trkpt>
			<trkpt lat="46.5020945781" lon="7.7163736264">
				<ele>1606.6</ele>
			</trkpt>
			<trkpt lat="46.5020883144" lon="7.7163379386">
				<ele>1608.2</ele>
			</trkpt>
			<trkpt lat="46.5020780958" lon="7.7163083013">
				<ele>1609.2</ele>
			</trkpt>
			<trkpt lat="46.5020679561" lon="7.7162573909">
				<ele>1610.0</ele>
			</trkpt>
			<trkpt lat="46.5020552434" lon="7.7162028976">
				<ele>1610.5</ele>
			</trkpt>
			<trkpt lat="46.5020476703" lon="7.7161508148">
				<ele>1611.0</ele>
			</trkpt>
			<trkpt lat="46.5020345026" lon="7.7161057903">
				<ele>1611.6</ele>
			</trkpt>
			<trkpt lat="46.5020311799" lon="7.7160702739">
				<ele>1612.0</ele>
			</trkpt>
			<trkpt lat="46.5020296028" lon="7.7160235368">
				<ele>1612.9</ele>
			</trkpt>
			<trkpt lat="46.5020228365" lon="7.7159909729">
				<ele>1613.4</ele>
			</trkpt>
			<trkpt lat="46.5020126121" lon="7.7159637067">
				<ele>1613.8</ele>
			</trkpt>
			<trkpt lat="46.5020006827" lon="7.7159346730">
				<ele>1614.2</ele>
			</trkpt>
			<trkpt lat="46.5019918612" lon="7.7159185652">
				<ele>1614.3</ele>
			</trkpt>
			<trkpt lat="46.5019847594" lon="7.7159018277">
				<ele>1614.4</ele>
			</trkpt>
			<trkpt lat="46.5019808294" lon="7.7158866701">
				<ele>1614.4</ele>
			</trkpt>
			<trkpt lat="46.5019788857" lon="7.7158574271">
				<ele>1614.6</ele>
			</trkpt>
			<trkpt lat="46.5019753424" lon="7.7158422710">
				<ele>1614.7</ele>
			</trkpt>
			<trkpt lat="46.5019686441" lon="7.7158223965">
				<ele>1614.9</ele>
			</trkpt>
			<trkpt lat="46.5019513224" lon="7.7157912636">
				<ele>1614.4</ele>
			</trkpt>
			<trkpt lat="46.5019269330" lon="7.7157662961">
				<ele>1614.7</ele>
			</trkpt>
			<trkpt lat="46.5018913917" lon="7.7157365295">
				<ele>1615.6</ele>
			</trkpt>
			<trkpt lat="46.5018185922" lon="7.7156765316">
				<ele>1617.3</ele>
			</trkpt>
			<trkpt lat="46.5016695494" lon="7.7155335645">
				<ele>1624.2</ele>
			</trkpt>
			<trkpt lat="46.5015377524" lon="7.7154456220">
				<ele>1627.0</ele>
			</trkpt>
			<trkpt lat="46.5014745161" lon="7.7154331055">
				<ele>1627.9</ele>
			</trkpt>
			<trkpt lat="46.5014087430" lon="7.7154207065">
				<ele>1628.5</ele>
			</trkpt>
			<trkpt lat="46.5013647276" lon="7.7154206380">
				<ele>1628.8</ele>
			</trkpt>
			<trkpt lat="46.5013245764" lon="7.7154147141">
				<ele>1629.0</ele>
			</trkpt>
			<trkpt lat="46.5012835872" lon="7.7153982602">
				<ele>1629.0</ele>
			</trkpt>
			<trkpt lat="46.5012626957" lon="7.7153812701">
				<ele>1629.0</ele>
			</trkpt>
			<trkpt lat="46.5012413932" lon="7.7153519807">
				<ele>1629.1</ele>
			</trkpt>
			<trkpt lat="46.5012277878" lon="7.7153203728">
				<ele>1629.0</ele>
			</trkpt>
			<trkpt lat="46.5012048146" lon="7.7152752988">
				<ele>1628.7</ele>
			</trkpt>
			<trkpt lat="46.5011866006" lon="7.7152003915">
				<ele>1628.7</ele>
			</trkpt>
			<trkpt lat="46.5011671322" lon="7.7151161241">
				<ele>1629.2</ele>
			</trkpt>
			<trkpt lat="46.5011518944" lon="7.7150529302">
				<ele>1629.8</ele>
			</trkpt>
			<trkpt lat="46.5011293452" lon="7.7150072723">
				<ele>1630.9</ele>
			</trkpt>
			<trkpt lat="46.5010995632" lon="7.7149469746">
				<ele>1632.2</ele>
			</trkpt>
			<trkpt lat="46.5010659202" lon="7.7148948511">
				<ele>1633.5</ele>
			</trkpt>
			<trkpt lat="46.5010451134" lon="7.7148392498">
				<ele>1634.3</ele>
			</trkpt>
			<trkpt lat="46.5010272670" lon="7.7147906722">
				<ele>1635.1</ele>
			</trkpt>
			<trkpt lat="46.5010106930" lon="7.7147257391">
				<ele>1635.6</ele>
			</trkpt>
			<trkpt lat="46.5009866907" lon="7.7146042828">
				<ele>1636.1</ele>
			</trkpt>
			<trkpt lat="46.5009614164" lon="7.7144804625">
				<ele>1636.6</ele>
			</trkpt>
			<trkpt lat="46.5009500098" lon="7.7144360214">
				<ele>1636.8</ele>
			</trkpt>
			<trkpt lat="46.5009416577" lon="7.7143673133">
				<ele>1638.3</ele>
			</trkpt>
			<trkpt lat="46.5009443048" lon="7.7143330006">
				<ele>1638.9</ele>
			</trkpt>
			<trkpt lat="46.5009576375" lon="7.7142916425">
				<ele>1640.6</ele>
			</trkpt>
			<trkpt lat="46.5009697032" lon="7.7142461353">
				<ele>1641.6</ele>
			</trkpt>
			<trkpt lat="46.5009833422" lon="7.7142491748">
				<ele>1642.0</ele>
			</trkpt>
			<trkpt lat="46.5009879920" lon="7.7142681268">
				<ele>1642.5</ele>
			</trkpt>
			<trkpt lat="46.5009930469" lon="7.7142906500">
				<ele>1643.2</ele>
			</trkpt>
			<trkpt lat="46.5009989597" lon="7.7143155358">
				<ele>1644.0</ele>
			</trkpt>
			<trkpt lat="46.5010091115" lon="7.7143469566">
				<ele>1644.9</ele>
			</trkpt>
			<trkpt lat="46.5010183415" lon="7.7143727971">
				<ele>1645.0</ele>
			</trkpt>
			<trkpt lat="46.5010305004" lon="7.7143778222">
				<ele>1646.0</ele>
			</trkpt>
			<trkpt lat="46.5010355599" lon="7.7143428574">
				<ele>1646.5</ele>
			</trkpt>
			<trkpt lat="46.5010405962" lon="7.7142728755">
				<ele>1647.3</ele>
			</trkpt>
			<trkpt lat="46.5010438304" lon="7.7142226857">
				<ele>1648.3</ele>
			</trkpt>
			<trkpt lat="46.5010504372" lon="7.7141394503">
				<ele>1649.3</ele>
			</trkpt>
			<trkpt lat="46.5010543739" lon="7.7140999072">
				<ele>1649.7</ele>
			</trkpt>
			<trkpt lat="46.5010574177" lon="7.7140763047">
				<ele>1649.9</ele>
			</trkpt>
			<trkpt lat="46.5010646102" lon="7.7140928595">
				<ele>1650.2</ele>
			</trkpt>
			<trkpt lat="46.5010687744" lon="7.7141265425">
				<ele>1650.1</ele>
			</trkpt>
			<trkpt lat="46.5010716692" lon="7.7141607925">
				<ele>1650.1</ele>
			</trkpt>
			<trkpt lat="46.5010741375" lon="7.7141926823">
				<ele>1650.1</ele>
			</trkpt>
			<trkpt lat="46.5010834044" lon="7.7142328786">
				<ele>1650.8</ele>
			</trkpt>
			<trkpt lat="46.5010926683" lon="7.7142707044">
				<ele>1651.1</ele>
			</trkpt>
			<trkpt lat="46.5011006911" lon="7.7142972943">
				<ele>1651.4</ele>
			</trkpt>
			<trkpt lat="46.5011093318" lon="7.7142841289">
				<ele>1652.4</ele>
			</trkpt>
			<trkpt lat="46.5011113414" lon="7.7142381535">
				<ele>1653.2</ele>
			</trkpt>
			<trkpt lat="46.5011122267" lon="7.7141660400">
				<ele>1654.2</ele>
			</trkpt>
			<trkpt lat="46.5011123055" lon="7.7141038494">
				<ele>1654.9</ele>
			</trkpt>
			<trkpt lat="46.5011065168" lon="7.7140463184">
				<ele>1655.6</ele>
			</trkpt>
			<trkpt lat="46.5010968190" lon="7.7139908650">
				<ele>1656.1</ele>
			</trkpt>
			<trkpt lat="46.5010894674" lon="7.7139322971">
				<ele>1656.4</ele>
			</trkpt>
			<trkpt lat="46.5010840367" lon="7.7138977608">
				<ele>1656.5</ele>
			</trkpt>
			<trkpt lat="46.5010782379" lon="7.7138480851">
				<ele>1656.5</ele>
			</trkpt>
			<trkpt lat="46.5010759263" lon="7.7138219411">
				<ele>1656.5</ele>
			</trkpt>
			<trkpt lat="46.5010829845" lon="7.7138047422">
				<ele>1656.7</ele>
			</trkpt>
			<trkpt lat="46.5010947398" lon="7.7137870330">
				<ele>1656.8</ele>
			</trkpt>
			<trkpt lat="46.5011053367" lon="7.7137573199">
				<ele>1657.1</ele>
			</trkpt>
			<trkpt lat="46.5011096928" lon="7.7137155381">
				<ele>1657.4</ele>
			</trkpt>
			<trkpt lat="46.5011097565" lon="7.7136705951">
				<ele>1657.7</ele>
			</trkpt>
			<trkpt lat="46.5011031974" lon="7.7136005153">
				<ele>1658.0</ele>
			</trkpt>
			<trkpt lat="46.5010895899" lon="7.7135434789">
				<ele>1658.2</ele>
			</trkpt>
			<trkpt lat="46.5010761242" lon="7.7135133570">
				<ele>1658.4</ele>
			</trkpt>
			<trkpt lat="46.5010177267" lon="7.7134639751">
				<ele>1658.4</ele>
			</trkpt>
			<trkpt lat="46.5009907445" lon="7.7134583667">
				<ele>1658.3</ele>
			</trkpt>
			<trkpt lat="46.5009731363" lon="7.7134523892">
				<ele>1658.7</ele>
			</trkpt>
			<trkpt lat="46.5009501319" lon="7.7134385421">
				<ele>1659.1</ele>
			</trkpt>
			<trkpt lat="46.5009244202" lon="7.7134207470">
				<ele>1659.2</ele>
			</trkpt>
			<trkpt lat="46.5008919726" lon="7.7133911411">
				<ele>1659.1</ele>
			</trkpt>
			<trkpt lat="46.5009615164" lon="7.7132168146">
				<ele>1659.7</ele>
			</trkpt>
			<trkpt lat="46.5010473435" lon="7.7130307932">
				<ele>1660.7</ele>
			</trkpt>
			<trkpt lat="46.5011673408" lon="7.7127271923">
				<ele>1662.4</ele>
			</trkpt>
			<trkpt lat="46.5012547996" lon="7.7124273469">
				<ele>1663.8</ele>
			</trkpt>
			<trkpt lat="46.5013260027" lon="7.7121274054">
				<ele>1665.5</ele>
			</trkpt>
			<trkpt lat="46.5013781253" lon="7.7118686108">
				<ele>1667.1</ele>
			</trkpt>
			<trkpt lat="46.5014088149" lon="7.7117689777">
				<ele>1667.8</ele>
			</trkpt>
			<trkpt lat="46.5014741597" lon="7.7116603215">
				<ele>1668.6</ele>
			</trkpt>
			<trkpt lat="46.5015945694" lon="7.7115018540">
				<ele>1670.2</ele>
			</trkpt>
			<trkpt lat="46.5016477088" lon="7.7113960800">
				<ele>1671.0</ele>
			</trkpt>
			<trkpt lat="46.5016949117" lon="7.7112224953">
				<ele>1672.0</ele>
			</trkpt>
			<trkpt lat="46.5017135777" lon="7.7110723596">
				<ele>1672.8</ele>
			</trkpt>
			<trkpt lat="46.5017340509" lon="7.7110164846">
				<ele>1673.2</ele>
			</trkpt>
			<trkpt lat="46.5018279068" lon="7.7109020822">
				<ele>1674.5</ele>
			</trkpt>
			<trkpt lat="46.5018809874" lon="7.7108169163">
				<ele>1675.4</ele>
			</trkpt>
			<trkpt lat="46.5019076530" lon="7.7107257290">
				<ele>1676.3</ele>
			</trkpt>
			<trkpt lat="46.5019363001" lon="7.7106522160">
				<ele>1677.4</ele>
			</trkpt>
			<trkpt lat="46.5019628387" lon="7.7106140498">
				<ele>1678.0</ele>
			</trkpt>
			<trkpt lat="46.5020463936" lon="7.7105526149">
				<ele>1679.1</ele>
			</trkpt>
			<trkpt lat="46.5020892454" lon="7.7104939081">
				<ele>1679.9</ele>
			</trkpt>
			<trkpt lat="46.5021179667" lon="7.7103968546">
				<ele>1681.1</ele>
			</trkpt>
			<trkpt lat="46.5021265685" lon="7.7101965631">
				<ele>1684.8</ele>
			</trkpt>
			<trkpt lat="46.5021027424" lon="7.7099578366">
				<ele>1686.7</ele>
			</trkpt>
			<trkpt lat="46.5020688432" lon="7.7096689815">
				<ele>1686.8</ele>
			</trkpt>
			<trkpt lat="46.5020267270" lon="7.7094154289">
				<ele>1686.4</ele>
			</trkpt>
			<trkpt lat="46.5020148518" lon="7.7092798473">
				<ele>1686.1</ele>
			</trkpt>
			<trkpt lat="46.5019692920" lon="7.7089647373">
				<ele>1684.7</ele>
			</trkpt>
			<trkpt lat="46.5019513501" lon="7.7088115249">
				<ele>1684.0</ele>
			</trkpt>
			<trkpt lat="46.5019536440" lon="7.7087055467">
				<ele>1683.5</ele>
			</trkpt>
			<trkpt lat="46.5019641448" lon="7.7085642534">
				<ele>1683.2</ele>
			</trkpt>
			<trkpt lat="46.5019910139" lon="7.7083788916">
				<ele>1683.2</ele>
			</trkpt>
			<trkpt lat="46.5019975880" lon="7.7081786951">
				<ele>1682.8</ele>
			</trkpt>
			<trkpt lat="46.5019878906" lon="7.7079813620">
				<ele>1682.1</ele>
			</trkpt>
			<trkpt lat="46.5019497938" lon="7.7077574033">
				<ele>1681.1</ele>
			</trkpt>
			<trkpt lat="46.5018732695" lon="7.7074449036">
				<ele>1679.8</ele>
			</trkpt>
			<trkpt lat="46.5018616021" lon="7.7073383998">
				<ele>1679.6</ele>
			</trkpt>
			<trkpt lat="46.5018493885" lon="7.7072269040">
				<ele>1679.4</ele>
			</trkpt>
			<trkpt lat="46.5018800852" lon="7.7071416626">
				<ele>1680.0</ele>
			</trkpt>
			<trkpt lat="46.5019229868" lon="7.7070535507">
				<ele>1681.1</ele>
			</trkpt>
			<trkpt lat="46.5020005972" lon="7.7069067135">
				<ele>1682.7</ele>
			</trkpt>
			<trkpt lat="46.5020805460" lon="7.7066303308">
				<ele>1684.8</ele>
			</trkpt>
			<trkpt lat="46.5021133238" lon="7.7065244767">
				<ele>1685.8</ele>
			</trkpt>
			<trkpt lat="46.5021136013" lon="7.7064067115">
				<ele>1686.8</ele>
			</trkpt>
			<trkpt lat="46.5021037969" lon="7.7062535405">
				<ele>1686.3</ele>
			</trkpt>
			<trkpt lat="46.5020878677" lon="7.7061150857">
				<ele>1686.2</ele>
			</trkpt>
			<trkpt lat="46.5020840144" lon="7.7060208398">
				<ele>1686.4</ele>
			</trkpt>
			<trkpt lat="46.5020966347" lon="7.7058412948">
				<ele>1687.6</ele>
			</trkpt>
			<trkpt lat="46.5021214133" lon="7.7056824058">
				<ele>1686.6</ele>
			</trkpt>
			<trkpt lat="46.5021441151" lon="7.7055382400">
				<ele>1685.7</ele>
			</trkpt>
			<trkpt lat="46.5021464107" lon="7.7054263598">
				<ele>1685.2</ele>
			</trkpt>
			<trkpt lat="46.5021243242" lon="7.7053084845">
				<ele>1684.5</ele>
			</trkpt>
			<trkpt lat="46.5020900810" lon="7.7051728580">
				<ele>1683.8</ele>
			</trkpt>
			<trkpt lat="46.5020476275" lon="7.7050666458">
				<ele>1683.6</ele>
			</trkpt>
			<trkpt lat="46.5020376628" lon="7.7049812158">
				<ele>1683.5</ele>
			</trkpt>
			<trkpt lat="46.5020400798" lon="7.7048133844">
				<ele>1682.8</ele>
			</trkpt>
			<trkpt lat="46.5020707927" lon="7.7047281414">
				<ele>1682.6</ele>
			</trkpt>
			<trkpt lat="46.5021163374" lon="7.7046014267">
				<ele>1682.7</ele>
			</trkpt>
			<trkpt lat="46.5021487424" lon="7.7044849784">
				<ele>1682.8</ele>
			</trkpt>
			<trkpt lat="46.5021743959" lon="7.7043820323">
				<ele>1683.1</ele>
			</trkpt>
			<trkpt lat="46.5021940380" lon="7.7042915496">
				<ele>1682.7</ele>
			</trkpt>
			<trkpt lat="46.5022039690" lon="7.7042031032">
				<ele>1682.0</ele>
			</trkpt>
			<trkpt lat="46.5022018823" lon="7.7041375135">
				<ele>1681.0</ele>
			</trkpt>
			<trkpt lat="46.5021856558" lon="7.7040520662">
				<ele>1680.0</ele>
			</trkpt>
			<trkpt lat="46.5021568490" lon="7.7039145261">
				<ele>1679.1</ele>
			</trkpt>
			<trkpt lat="46.5021324942" lon="7.7037926145">
				<ele>1678.6</ele>
			</trkpt>
			<trkpt lat="46.5020992825" lon="7.7036227711">
				<ele>1678.3</ele>
			</trkpt>
			<trkpt lat="46.5020756645" lon="7.7035050195">
				<ele>1677.5</ele>
			</trkpt>
			<trkpt lat="46.5020653530" lon="7.7034404314">
				<ele>1677.5</ele>
			</trkpt>
			<trkpt lat="46.5020423245" lon="7.7033861909">
				<ele>1677.5</ele>
			</trkpt>
			<trkpt lat="46.5020140405" lon="7.7033444178">
				<ele>1677.7</ele>
			</trkpt>
			<trkpt lat="46.5019707986" lon="7.7033056972">
				<ele>1678.0</ele>
			</trkpt>
			<trkpt lat="46.5019178262" lon="7.7032773525">
				<ele>1676.8</ele>
			</trkpt>
			<trkpt lat="46.5018678912" lon="7.7032271488">
				<ele>1676.1</ele>
			</trkpt>
			<trkpt lat="46.5017903370" lon="7.7031664151">
				<ele>1675.2</ele>
			</trkpt>
			<trkpt lat="46.5016918706" lon="7.7031045371">
				<ele>1673.6</ele>
			</trkpt>
			<trkpt lat="46.5016356892" lon="7.7030673568">
				<ele>1672.9</ele>
			</trkpt>
			<trkpt lat="46.5016208866" lon="7.7029920785">
				<ele>1672.9</ele>
			</trkpt>
			<trkpt lat="46.5016160588" lon="7.7028476881">
				<ele>1672.9</ele>
			</trkpt>
			<trkpt lat="46.5016130621" lon="7.7026584795">
				<ele>1673.0</ele>
			</trkpt>
			<trkpt lat="46.5015917571" lon="7.7022102929">
				<ele>1672.5</ele>
			</trkpt>
			<trkpt lat="46.5015754260" lon="7.7018393167">
				<ele>1671.6</ele>
			</trkpt>
			<trkpt lat="46.5015653905" lon="7.7017172813">
				<ele>1670.7</ele>
			</trkpt>
			<trkpt lat="46.5015442413" lon="7.7016552479">
				<ele>1670.5</ele>
			</trkpt>
			<trkpt lat="46.5015795767" lon="7.7015034183">
				<ele>1671.3</ele>
			</trkpt>
			<trkpt lat="46.5016402137" lon="7.7012165930">
				<ele>1673.3</ele>
			</trkpt>
			<trkpt lat="46.5016571165" lon="7.7011153365">
				<ele>1674.2</ele>
			</trkpt>
			<trkpt lat="46.5016923821" lon="7.7009972853">
				<ele>1674.7</ele>
			</trkpt>
			<trkpt lat="46.5017426009" lon="7.7008937798">
				<ele>1674.8</ele>
			</trkpt>
			<trkpt lat="46.5018496114" lon="7.7007229891">
				<ele>1675.0</ele>
			</trkpt>
			<trkpt lat="46.5018998166" lon="7.7006291493">
				<ele>1675.5</ele>
			</trkpt>
			<trkpt lat="46.5019417087" lon="7.7005280128">
				<ele>1676.6</ele>
			</trkpt>
			<trkpt lat="46.5020071247" lon="7.7003328804">
				<ele>1677.6</ele>
			</trkpt>
			<trkpt lat="46.5020583515" lon="7.7001545889">
				<ele>1678.1</ele>
			</trkpt>
			<trkpt lat="46.5020668036" lon="7.7001015433">
				<ele>1678.6</ele>
			</trkpt>
			<trkpt lat="46.5020737003" lon="7.7000050706">
				<ele>1679.3</ele>
			</trkpt>
			<trkpt lat="46.5020739609" lon="7.6998916821">
				<ele>1679.5</ele>
			</trkpt>
			<trkpt lat="46.5020625175" lon="7.6997902878">
				<ele>1680.2</ele>
			</trkpt>
			<trkpt lat="46.5020467556" lon="7.6996342883">
				<ele>1681.6</ele>
			</trkpt>
			<trkpt lat="46.5020378655" lon="7.6995256238">
				<ele>1682.4</ele>
			</trkpt>
			<trkpt lat="46.5020150578" lon="7.6994449013">
				<ele>1682.8</ele>
			</trkpt>
			<trkpt lat="46.5019880719" lon="7.6993817064">
				<ele>1682.8</ele>
			</trkpt>
			<trkpt lat="46.5019411173" lon="7.6993059873">
				<ele>1682.7</ele>
			</trkpt>
			<trkpt lat="46.5018934449" lon="7.6992333786">
				<ele>1682.2</ele>
			</trkpt>
			<trkpt lat="46.5018550913" lon="7.6991452997">
				<ele>1682.0</ele>
			</trkpt>
			<trkpt lat="46.5018252944" lon="7.6990603622">
				<ele>1682.1</ele>
			</trkpt>
			<trkpt lat="46.5017969775" lon="7.6989537283">
				<ele>1682.6</ele>
			</trkpt>
			<trkpt lat="46.5017730797" lon="7.6987871256">
				<ele>1682.7</ele>
			</trkpt>
			<trkpt lat="46.5017591680" lon="7.6986278141">
				<ele>1683.3</ele>
			</trkpt>
			<trkpt lat="46.5017416594" lon="7.6984757286">
				<ele>1684.4</ele>
			</trkpt>
			<trkpt lat="46.5017191770" lon="7.6983153472">
				<ele>1684.6</ele>
			</trkpt>
			<trkpt lat="46.5016819301" lon="7.6980535565">
				<ele>1685.3</ele>
			</trkpt>
			<trkpt lat="46.5016687163" lon="7.6978994206">
				<ele>1685.4</ele>
			</trkpt>
			<trkpt lat="46.5016675264" lon="7.6977939468">
				<ele>1685.3</ele>
			</trkpt>
			<trkpt lat="46.5016784241" lon="7.6977133475">
				<ele>1685.6</ele>
			</trkpt>
			<trkpt lat="46.5016903542" lon="7.6976770195">
				<ele>1685.6</ele>
			</trkpt>
			<trkpt lat="46.5017021483" lon="7.6976410817">
				<ele>1685.6</ele>
			</trkpt>
			<trkpt lat="46.5017394163" lon="7.6975823118">
				<ele>1685.6</ele>
			</trkpt>
			<trkpt lat="46.5017852010" lon="7.6975442696">
				<ele>1685.7</ele>
			</trkpt>
			<trkpt lat="46.5018575933" lon="7.6974992908">
				<ele>1685.0</ele>
			</trkpt>
		</trkseg>
	</trk>
</gpx>
