<?xml version="1.0"?>
<gpx version="1.1" xmlns="http://www.topografix.com/GPX/1/1" xmlns:xsi="http://www.w3.org/2001/XMLSchema-instance" xsi:schemaLocation="http://www.topografix.com/GPX/1/1 http://www.topografix.com/GPX/1/1/gpx.xsd">
	<metadata>
		<name>Regensberg Laegern Baden</name>
	</metadata>
	<trk type="hiking">
		<trkseg>
			<trkpt lat="47.4829157598" lon="8.4355328489">
				<ele>597.1</ele>
			</trkpt>
			<trkpt lat="47.4828757159" lon="8.4355354703">
				<ele>597.0</ele>
			</trkpt>
			<trkpt lat="47.4827557276" lon="8.4355322013">
				<ele>596.8</ele>
			</trkpt>
			<trkpt lat="47.4826526962" lon="8.4355391879">
				<ele>596.9</ele>
			</trkpt>
			<trkpt lat="47.4826082719" lon="8.4355516639">
				<ele>596.9</ele>
			</trkpt>
			<trkpt lat="47.4825597179" lon="8.4355684944">
				<ele>596.9</ele>
			</trkpt>
			<trkpt lat="47.4825143989" lon="8.4356086181">
				<ele>596.8</ele>
			</trkpt>
			<trkpt lat="47.4824394055" lon="8.4356968943">
				<ele>596.5</ele>
			</trkpt>
			<trkpt lat="47.4823229162" lon="8.4358596508">
				<ele>595.5</ele>
			</trkpt>
			<trkpt lat="47.4822045018" lon="8.4360057851">
				<ele>595.2</ele>
			</trkpt>
			<trkpt lat="47.4820937409" lon="8.4361321469">
				<ele>594.9</ele>
			</trkpt>
			<trkpt lat="47.4821379212" lon="8.4362784880">
				<ele>594.0</ele>
			</trkpt>
			<trkpt lat="47.4821739594" lon="8.4363790738">
				<ele>593.4</ele>
			</trkpt>
			<trkpt lat="47.4821976752" lon="8.4364326713">
				<ele>593.4</ele>
			</trkpt>
			<trkpt lat="47.4822175773" lon="8.4364716552">
				<ele>593.4</ele>
			</trkpt>
			<trkpt lat="47.4822822828" lon="8.4365731768">
				<ele>593.5</ele>
			</trkpt>
			<trkpt lat="47.4823687602" lon="8.4367555131">
				<ele>594.6</ele>
			</trkpt>
			<trkpt lat="47.4824233496" lon="8.4368816841">
				<ele>595.6</ele>
			</trkpt>
			<trkpt lat="47.4824561506" lon="8.4369758808">
				<ele>596.3</ele>
			</trkpt>
			<trkpt lat="47.4824724321" lon="8.4370466809">
				<ele>596.9</ele>
			</trkpt>
			<trkpt lat="47.4824809945" lon="8.4371416841">
				<ele>597.6</ele>
			</trkpt>
			<trkpt lat="47.4826212218" lon="8.4371093953">
				<ele>569.5</ele>
			</trkpt>
			<trkpt lat="47.4824293297" lon="8.4261434525">
				<ele>700.5</ele>
			</trkpt>
			<trkpt lat="47.4816413568" lon="8.4014859479">
				<ele>806.3</ele>
			</trkpt>
			<trkpt lat="47.4816201915" lon="8.4013368165">
				<ele>846.5</ele>
			</trkpt>
			<trkpt lat="47.4816135513" lon="8.4012375308">
				<ele>847.9</ele>
			</trkpt>
			<trkpt lat="47.4816235049" lon="8.4011633297">
				<ele>848.9</ele>
			</trkpt>
			<trkpt lat="47.4816426556" lon="8.4011058407">
				<ele>849.4</ele>
			</trkpt>
			<trkpt lat="47.4816426556" lon="8.4011058407">
				<ele>849.4</ele>
			</trkpt>
			<trkpt lat="47.4816692252" lon="8.4010539784">
				<ele>849.6</ele>
			</trkpt>
			<trkpt lat="47.4816940016" lon="8.4009938178">
				<ele>849.8</ele>
			</trkpt>
			<trkpt lat="47.4817075818" lon="8.4009334677">
				<ele>849.9</ele>
			</trkpt>
			<trkpt lat="47.4817252280" lon="8.4008318744">
				<ele>850.1</ele>
			</trkpt>
			<trkpt lat="47.4817371972" lon="8.4007423452">
				<ele>850.1</ele>
			</trkpt>
			<trkpt lat="47.4817432754" lon="8.4007220225">
				<ele>850.1</ele>
			</trkpt>
			<trkpt lat="47.4818037290" lon="8.4006072709">
				<ele>848.7</ele>
			</trkpt>
			<trkpt lat="47.4818857786" lon="8.4004718398">
				<ele>847.0</ele>
			</trkpt>
			<trkpt lat="47.4819077459" lon="8.4004055510">
				<ele>846.5</ele>
			</trkpt>
			<trkpt lat="47.4819756669" lon="8.3999644443">
				<ele>842.7</ele>
			</trkpt>
			<trkpt lat="47.4819843362" lon="8.3998877117">
				<ele>842.3</ele>
			</trkpt>
			<trkpt lat="47.4819894320" lon="8.3997993583">
				<ele>842.1</ele>
			</trkpt>
			<trkpt lat="47.4819697515" lon="8.3997235467">
				<ele>841.9</ele>
			</trkpt>
			<trkpt lat="47.4819452551" lon="8.3996210855">
				<ele>842.1</ele>
			</trkpt>
			<trkpt lat="47.4819317799" lon="8.3995496850">
				<ele>842.3</ele>
			</trkpt>
			<trkpt lat="47.4819232185" lon="8.3994714740">
				<ele>842.6</ele>
			</trkpt>
			<trkpt lat="47.4819197855" lon="8.3993637941">
				<ele>843.1</ele>
			</trkpt>
			<trkpt lat="47.4819201304" lon="8.3992398491">
				<ele>843.9</ele>
			</trkpt>
			<trkpt lat="47.4819235074" lon="8.3990951812">
				<ele>845.0</ele>
			</trkpt>
			<trkpt lat="47.4819224476" lon="8.3989919624">
				<ele>845.8</ele>
			</trkpt>
			<trkpt lat="47.4819183640" lon="8.3988672874">
				<ele>846.4</ele>
			</trkpt>
			<trkpt lat="47.4819149112" lon="8.3987608675">
				<ele>846.6</ele>
			</trkpt>
			<trkpt lat="47.4819184111" lon="8.3986457897">
				<ele>846.7</ele>
			</trkpt>
			<trkpt lat="47.4819287225" lon="8.3985271063">
				<ele>847.3</ele>
			</trkpt>
			<trkpt lat="47.4819364730" lon="8.3984493088">
				<ele>847.4</ele>
			</trkpt>
			<trkpt lat="47.4819517685" lon="8.3983565085">
				<ele>847.5</ele>
			</trkpt>
			<trkpt lat="47.4819660951" lon="8.3981777264">
				<ele>847.2</ele>
			</trkpt>
			<trkpt lat="47.4819656164" lon="8.3980639830">
				<ele>847.2</ele>
			</trkpt>
			<trkpt lat="47.4819611445" lon="8.3979143571">
				<ele>846.9</ele>
			</trkpt>
			<trkpt lat="47.4819611104" lon="8.3977458508">
				<ele>846.5</ele>
			</trkpt>
			<trkpt lat="47.4819719922" lon="8.3974659029">
				<ele>845.3</ele>
			</trkpt>
			<trkpt lat="47.4820112906" lon="8.3971257647">
				<ele>844.7</ele>
			</trkpt>
			<trkpt lat="47.4820075935" lon="8.3970954202">
				<ele>844.7</ele>
			</trkpt>
			<trkpt lat="47.4820012106" lon="8.3970536698">
				<ele>844.5</ele>
			</trkpt>
			<trkpt lat="47.4819947477" lon="8.3970194807">
				<ele>844.4</ele>
			</trkpt>
			<trkpt lat="47.4819895645" lon="8.3969361296">
				<ele>844.2</ele>
			</trkpt>
			<trkpt lat="47.4819866010" lon="8.3968301433">
				<ele>844.2</ele>
			</trkpt>
			<trkpt lat="47.4819791625" lon="8.3967322496">
				<ele>844.5</ele>
			</trkpt>
			<trkpt lat="47.4819662678" lon="8.3966209895">
				<ele>844.9</ele>
			</trkpt>
			<trkpt lat="47.4819543044" lon="8.3965362428">
				<ele>845.3</ele>
			</trkpt>
			<trkpt lat="47.4819330080" lon="8.3964260789">
				<ele>846.0</ele>
			</trkpt>
			<trkpt lat="47.4819240013" lon="8.3963666214">
				<ele>846.3</ele>
			</trkpt>
			<trkpt lat="47.4819120330" lon="8.3962824983">
				<ele>846.3</ele>
			</trkpt>
			<trkpt lat="47.4819029810" lon="8.3962274452">
				<ele>846.6</ele>
			</trkpt>
			<trkpt lat="47.4818915441" lon="8.3961301034">
				<ele>847.1</ele>
			</trkpt>
			<trkpt lat="47.4818832366" lon="8.3960807424">
				<ele>847.4</ele>
			</trkpt>
			<trkpt lat="47.4818675413" lon="8.3960110526">
				<ele>847.7</ele>
			</trkpt>
			<trkpt lat="47.4818607438" lon="8.3959705429">
				<ele>847.9</ele>
			</trkpt>
			<trkpt lat="47.4818551442" lon="8.3958884622">
				<ele>848.4</ele>
			</trkpt>
			<trkpt lat="47.4818463642" lon="8.3958472949">
				<ele>848.5</ele>
			</trkpt>
			<trkpt lat="47.4818324681" lon="8.3957971729">
				<ele>848.9</ele>
			</trkpt>
			<trkpt lat="47.4818227518" lon="8.3957288695">
				<ele>849.2</ele>
			</trkpt>
			<trkpt lat="47.4818132151" lon="8.3956410300">
				<ele>849.5</ele>
			</trkpt>
			<trkpt lat="47.4818031813" lon="8.3955632492">
				<ele>849.5</ele>
			</trkpt>
			<trkpt lat="47.4817902163" lon="8.3955005498">
				<ele>849.3</ele>
			</trkpt>
			<trkpt lat="47.4817807036" lon="8.3954511676">
				<ele>849.2</ele>
			</trkpt>
			<trkpt lat="47.4817783430" lon="8.3954069802">
				<ele>849.5</ele>
			</trkpt>
			<trkpt lat="47.4817767849" lon="8.3953615503">
				<ele>849.7</ele>
			</trkpt>
			<trkpt lat="47.4817746544" lon="8.3952927744">
				<ele>849.8</ele>
			</trkpt>
			<trkpt lat="47.4817717293" lon="8.3952233494">
				<ele>850.0</ele>
			</trkpt>
			<trkpt lat="47.4817573415" lon="8.3951423290">
				<ele>850.0</ele>
			</trkpt>
			<trkpt lat="47.4817439740" lon="8.3950380171">
				<ele>850.3</ele>
			</trkpt>
			<trkpt lat="47.4817372265" lon="8.3949924682">
				<ele>850.5</ele>
			</trkpt>
			<trkpt lat="47.4817220724" lon="8.3949486470">
				<ele>850.5</ele>
			</trkpt>
			<trkpt lat="47.4817115902" lon="8.3949175171">
				<ele>850.5</ele>
			</trkpt>
			<trkpt lat="47.4817043714" lon="8.3948789177">
				<ele>850.1</ele>
			</trkpt>
			<trkpt lat="47.4817003336" lon="8.3948428891">
				<ele>850.0</ele>
			</trkpt>
			<trkpt lat="47.4816971378" lon="8.3948018225">
				<ele>849.8</ele>
			</trkpt>
			<trkpt lat="47.4816854553" lon="8.3947700491">
				<ele>849.7</ele>
			</trkpt>
			<trkpt lat="47.4816766187" lon="8.3947345563">
				<ele>849.7</ele>
			</trkpt>
			<trkpt lat="47.4816664063" lon="8.3946750682">
				<ele>849.5</ele>
			</trkpt>
			<trkpt lat="47.4816589702" lon="8.3946181566">
				<ele>849.7</ele>
			</trkpt>
			<trkpt lat="47.4816563617" lon="8.3945582090">
				<ele>850.0</ele>
			</trkpt>
			<trkpt lat="47.4816599869" lon="8.3945135073">
				<ele>850.5</ele>
			</trkpt>
			<trkpt lat="47.4816720444" lon="8.3944639556">
				<ele>850.8</ele>
			</trkpt>
			<trkpt lat="47.4816767926" lon="8.3944281108">
				<ele>851.1</ele>
			</trkpt>
			<trkpt lat="47.4816764505" lon="8.3943801763">
				<ele>851.4</ele>
			</trkpt>
			<trkpt lat="47.4816761679" lon="8.3943272155">
				<ele>851.6</ele>
			</trkpt>
			<trkpt lat="47.4816823165" lon="8.3942699648">
				<ele>852.1</ele>
			</trkpt>
			<trkpt lat="47.4816833711" lon="8.3942434994">
				<ele>852.2</ele>
			</trkpt>
			<trkpt lat="47.4816810574" lon="8.3941936377">
				<ele>852.5</ele>
			</trkpt>
			<trkpt lat="47.4816806949" lon="8.3941482295">
				<ele>852.9</ele>
			</trkpt>
			<trkpt lat="47.4816741908" lon="8.3940774706">
				<ele>853.0</ele>
			</trkpt>
			<trkpt lat="47.4816746841" lon="8.3940264025">
				<ele>853.2</ele>
			</trkpt>
			<trkpt lat="47.4816717459" lon="8.3939998655">
				<ele>853.5</ele>
			</trkpt>
			<trkpt lat="47.4816641925" lon="8.3939549372">
				<ele>853.7</ele>
			</trkpt>
			<trkpt lat="47.4816609407" lon="8.3939195577">
				<ele>853.8</ele>
			</trkpt>
			<trkpt lat="47.4816658015" lon="8.3938711076">
				<ele>854.1</ele>
			</trkpt>
			<trkpt lat="47.4816778624" lon="8.3938221778">
				<ele>854.6</ele>
			</trkpt>
			<trkpt lat="47.4816929536" lon="8.3937897060">
				<ele>855.3</ele>
			</trkpt>
			<trkpt lat="47.4817140597" lon="8.3937542065">
				<ele>855.9</ele>
			</trkpt>
			<trkpt lat="47.4817398829" lon="8.3937270064">
				<ele>856.9</ele>
			</trkpt>
			<trkpt lat="47.4817525559" lon="8.3936976397">
				<ele>857.3</ele>
			</trkpt>
			<trkpt lat="47.4817604875" lon="8.3936618649">
				<ele>857.8</ele>
			</trkpt>
			<trkpt lat="47.4817600686" lon="8.3936221308">
				<ele>858.0</ele>
			</trkpt>
			<trkpt lat="47.4817552145" lon="8.3935879794">
				<ele>858.1</ele>
			</trkpt>
			<trkpt lat="47.4817414740" lon="8.3935624665">
				<ele>858.1</ele>
			</trkpt>
			<trkpt lat="47.4817372478" lon="8.3935459740">
				<ele>858.1</ele>
			</trkpt>
			<trkpt lat="47.4817333015" lon="8.3934998665">
				<ele>858.3</ele>
			</trkpt>
			<trkpt lat="47.4817341450" lon="8.3934532360">
				<ele>858.5</ele>
			</trkpt>
			<trkpt lat="47.4817416056" lon="8.3933840233">
				<ele>858.6</ele>
			</trkpt>
			<trkpt lat="47.4817469476" lon="8.3933273929">
				<ele>858.9</ele>
			</trkpt>
			<trkpt lat="47.4817447099" lon="8.3932693307">
				<ele>859.3</ele>
			</trkpt>
			<trkpt lat="47.4817449188" lon="8.3932069070">
				<ele>859.7</ele>
			</trkpt>
			<trkpt lat="47.4817498718" lon="8.3931483778">
				<ele>860.2</ele>
			</trkpt>
			<trkpt lat="47.4817528529" lon="8.3930878956">
				<ele>860.4</ele>
			</trkpt>
			<trkpt lat="47.4817530679" lon="8.3929832318">
				<ele>860.4</ele>
			</trkpt>
			<trkpt lat="47.4817496340" lon="8.3929251482">
				<ele>860.2</ele>
			</trkpt>
			<trkpt lat="47.4817485454" lon="8.3928727819">
				<ele>860.1</ele>
			</trkpt>
			<trkpt lat="47.4817491550" lon="8.3928097435">
				<ele>859.6</ele>
			</trkpt>
			<trkpt lat="47.4817563051" lon="8.3927726976">
				<ele>859.6</ele>
			</trkpt>
			<trkpt lat="47.4817565944" lon="8.3927430569">
				<ele>859.4</ele>
			</trkpt>
			<trkpt lat="47.4817540723" lon="8.3927140137">
				<ele>859.3</ele>
			</trkpt>
			<trkpt lat="47.4817541537" lon="8.3926648299">
				<ele>859.3</ele>
			</trkpt>
			<trkpt lat="47.4817517174" lon="8.3926275733">
				<ele>859.1</ele>
			</trkpt>
			<trkpt lat="47.4817461702" lon="8.3925814243">
				<ele>858.8</ele>
			</trkpt>
			<trkpt lat="47.4817438108" lon="8.3925359673">
				<ele>858.6</ele>
			</trkpt>
			<trkpt lat="47.4817379735" lon="8.3924791105">
				<ele>858.6</ele>
			</trkpt>
			<trkpt lat="47.4817340430" lon="8.3924310987">
				<ele>858.5</ele>
			</trkpt>
			<trkpt lat="47.4817304152" lon="8.3923931860">
				<ele>858.1</ele>
			</trkpt>
			<trkpt lat="47.4817192123" lon="8.3923544896">
				<ele>857.7</ele>
			</trkpt>
			<trkpt lat="47.4817123523" lon="8.3923202895">
				<ele>857.2</ele>
			</trkpt>
			<trkpt lat="47.4817127175" lon="8.3922824742">
				<ele>857.0</ele>
			</trkpt>
			<trkpt lat="47.4817138589" lon="8.3922465516">
				<ele>857.2</ele>
			</trkpt>
			<trkpt lat="47.4817156982" lon="8.3922219920">
				<ele>857.2</ele>
			</trkpt>
			<trkpt lat="47.4817180863" lon="8.3921810644">
				<ele>857.3</ele>
			</trkpt>
			<trkpt lat="47.4817184568" lon="8.3921426143">
				<ele>857.3</ele>
			</trkpt>
			<trkpt lat="47.4817138264" lon="8.3920845094">
				<ele>857.2</ele>
			</trkpt>
			<trkpt lat="47.4817082272" lon="8.3920446567">
				<ele>856.9</ele>
			</trkpt>
			<trkpt lat="47.4817088767" lon="8.3920181840">
				<ele>857.0</ele>
			</trkpt>
			<trkpt lat="47.4817089733" lon="8.3919671087">
				<ele>857.0</ele>
			</trkpt>
			<trkpt lat="47.4817090145" lon="8.3919217078">
				<ele>857.0</ele>
			</trkpt>
			<trkpt lat="47.4817026157" lon="8.3918805969">
				<ele>856.7</ele>
			</trkpt>
			<trkpt lat="47.4816991398" lon="8.3918275530">
				<ele>856.4</ele>
			</trkpt>
			<trkpt lat="47.4817024656" lon="8.3917721302">
				<ele>856.4</ele>
			</trkpt>
			<trkpt lat="47.4817049334" lon="8.3917236370">
				<ele>856.5</ele>
			</trkpt>
			<trkpt lat="47.4817042053" lon="8.3916744388">
				<ele>856.2</ele>
			</trkpt>
			<trkpt lat="47.4816949373" lon="8.3916420874">
				<ele>855.6</ele>
			</trkpt>
			<trkpt lat="47.4816860755" lon="8.3916084735">
				<ele>855.1</ele>
			</trkpt>
			<trkpt lat="47.4816839578" lon="8.3915794246">
				<ele>855.3</ele>
			</trkpt>
			<trkpt lat="47.4816859744" lon="8.3915365856">
				<ele>855.3</ele>
			</trkpt>
			<trkpt lat="47.4816869125" lon="8.3914804982">
				<ele>855.7</ele>
			</trkpt>
			<trkpt lat="47.4816842331" lon="8.3914268337">
				<ele>855.6</ele>
			</trkpt>
			<trkpt lat="47.4816775266" lon="8.3913870779">
				<ele>855.2</ele>
			</trkpt>
			<trkpt lat="47.4816737289" lon="8.3913676390">
				<ele>855.1</ele>
			</trkpt>
			<trkpt lat="47.4816717163" lon="8.3913280190">
				<ele>855.3</ele>
			</trkpt>
			<trkpt lat="47.4816690004" lon="8.3913060729">
				<ele>855.3</ele>
			</trkpt>
			<trkpt lat="47.4816654848" lon="8.3912840995">
				<ele>855.3</ele>
			</trkpt>
			<trkpt lat="47.4816657041" lon="8.3912617913">
				<ele>855.2</ele>
			</trkpt>
			<trkpt lat="47.4816661372" lon="8.3912441127">
				<ele>855.2</ele>
			</trkpt>
			<trkpt lat="47.4816613271" lon="8.3912187473">
				<ele>855.1</ele>
			</trkpt>
			<trkpt lat="47.4816589559" lon="8.3911887998">
				<ele>855.0</ele>
			</trkpt>
			<trkpt lat="47.4816608687" lon="8.3911564154">
				<ele>855.2</ele>
			</trkpt>
			<trkpt lat="47.4816643868" lon="8.3911223623">
				<ele>855.0</ele>
			</trkpt>
			<trkpt lat="47.4816649247" lon="8.3910941514">
				<ele>854.9</ele>
			</trkpt>
			<trkpt lat="47.4816656452" lon="8.3910743658">
				<ele>854.8</ele>
			</trkpt>
			<trkpt lat="47.4816717917" lon="8.3910433269">
				<ele>854.7</ele>
			</trkpt>
			<trkpt lat="47.4816763507" lon="8.3910118061">
				<ele>854.7</ele>
			</trkpt>
			<trkpt lat="47.4816766485" lon="8.3909810772">
				<ele>854.4</ele>
			</trkpt>
			<trkpt lat="47.4816737100" lon="8.3909544885">
				<ele>854.2</ele>
			</trkpt>
			<trkpt lat="47.4816695277" lon="8.3909194554">
				<ele>854.1</ele>
			</trkpt>
			<trkpt lat="47.4816693838" lon="8.3908790137">
				<ele>853.8</ele>
			</trkpt>
			<trkpt lat="47.4816675156" lon="8.3908524442">
				<ele>853.9</ele>
			</trkpt>
			<trkpt lat="47.4816646516" lon="8.3908178622">
				<ele>853.9</ele>
			</trkpt>
			<trkpt lat="47.4816678515" lon="8.3907897119">
				<ele>854.0</ele>
			</trkpt>
			<trkpt lat="47.4816717453" lon="8.3907712399">
				<ele>854.2</ele>
			</trkpt>
			<trkpt lat="47.4816767528" lon="8.3907485898">
				<ele>854.4</ele>
			</trkpt>
			<trkpt lat="47.4816772258" lon="8.3907271154">
				<ele>854.6</ele>
			</trkpt>
			<trkpt lat="47.4816748583" lon="8.3906967664">
				<ele>854.6</ele>
			</trkpt>
			<trkpt lat="47.4816719198" lon="8.3906701777">
				<ele>854.4</ele>
			</trkpt>
			<trkpt lat="47.4816614619" lon="8.3906523042">
				<ele>854.2</ele>
			</trkpt>
			<trkpt lat="47.4816543844" lon="8.3906412159">
				<ele>853.7</ele>
			</trkpt>
			<trkpt lat="47.4816459375" lon="8.3906073763">
				<ele>853.4</ele>
			</trkpt>
			<trkpt lat="47.4816386986" lon="8.3905853364">
				<ele>853.1</ele>
			</trkpt>
			<trkpt lat="47.4816363134" lon="8.3905570732">
				<ele>853.1</ele>
			</trkpt>
			<trkpt lat="47.4816371835" lon="8.3905212883">
				<ele>853.2</ele>
			</trkpt>
			<trkpt lat="47.4816408633" lon="8.3904981998">
				<ele>853.4</ele>
			</trkpt>
			<trkpt lat="47.4816423522" lon="8.3904822244">
				<ele>853.3</ele>
			</trkpt>
			<trkpt lat="47.4816373226" lon="8.3904518149">
				<ele>853.1</ele>
			</trkpt>
			<trkpt lat="47.4816349583" lon="8.3904210125">
				<ele>852.8</ele>
			</trkpt>
			<trkpt lat="47.4816325631" lon="8.3903940189">
				<ele>852.6</ele>
			</trkpt>
			<trkpt lat="47.4816348979" lon="8.3903725908">
				<ele>852.7</ele>
			</trkpt>
			<trkpt lat="47.4816404875" lon="8.3903436279">
				<ele>853.0</ele>
			</trkpt>
			<trkpt lat="47.4816458673" lon="8.3903096081">
				<ele>853.4</ele>
			</trkpt>
			<trkpt lat="47.4816477222" lon="8.3902831051">
				<ele>853.7</ele>
			</trkpt>
			<trkpt lat="47.4816453108" lon="8.3902569535">
				<ele>853.6</ele>
			</trkpt>
			<trkpt lat="47.4816477641" lon="8.3902233089">
				<ele>853.7</ele>
			</trkpt>
			<trkpt lat="47.4816508766" lon="8.3902035661">
				<ele>853.9</ele>
			</trkpt>
			<trkpt lat="47.4816566300" lon="8.3901863971">
				<ele>854.1</ele>
			</trkpt>
			<trkpt lat="47.4816605532" lon="8.3901654120">
				<ele>854.2</ele>
			</trkpt>
			<trkpt lat="47.4816595301" lon="8.3901333897">
				<ele>854.2</ele>
			</trkpt>
			<trkpt lat="47.4816555603" lon="8.3901042689">
				<ele>854.2</ele>
			</trkpt>
			<trkpt lat="47.4816484323" lon="8.3900708547">
				<ele>853.9</ele>
			</trkpt>
			<trkpt lat="47.4816443712" lon="8.3900505691">
				<ele>853.8</ele>
			</trkpt>
			<trkpt lat="47.4816435743" lon="8.3900227489">
				<ele>853.7</ele>
			</trkpt>
			<trkpt lat="47.4816450618" lon="8.3899785529">
				<ele>853.8</ele>
			</trkpt>
			<trkpt lat="47.4816443364" lon="8.3899431671">
				<ele>854.1</ele>
			</trkpt>
			<trkpt lat="47.4816478807" lon="8.3899070154">
				<ele>854.4</ele>
			</trkpt>
			<trkpt lat="47.4816506015" lon="8.3898725333">
				<ele>854.6</ele>
			</trkpt>
			<trkpt lat="47.4816503388" lon="8.3898443081">
				<ele>854.6</ele>
			</trkpt>
			<trkpt lat="47.4816474088" lon="8.3898177196">
				<ele>854.6</ele>
			</trkpt>
			<trkpt lat="47.4816420605" lon="8.3897931999">
				<ele>854.4</ele>
			</trkpt>
			<trkpt lat="47.4816351082" lon="8.3897690662">
				<ele>854.4</ele>
			</trkpt>
			<trkpt lat="47.4816338988" lon="8.3897290331">
				<ele>854.3</ele>
			</trkpt>
			<trkpt lat="47.4816333457" lon="8.3897033293">
				<ele>854.3</ele>
			</trkpt>
			<trkpt lat="47.4816275589" lon="8.3896686952">
				<ele>854.3</ele>
			</trkpt>
			<trkpt lat="47.4816217370" lon="8.3896382716">
				<ele>854.0</ele>
			</trkpt>
			<trkpt lat="47.4816175578" lon="8.3896028241">
				<ele>853.8</ele>
			</trkpt>
			<trkpt lat="47.4816124900" lon="8.3895770267">
				<ele>853.9</ele>
			</trkpt>
			<trkpt lat="47.4816041562" lon="8.3895579346">
				<ele>853.7</ele>
			</trkpt>
			<trkpt lat="47.4815984461" lon="8.3895435020">
				<ele>853.4</ele>
			</trkpt>
			<trkpt lat="47.4815984319" lon="8.3895178208">
				<ele>853.4</ele>
			</trkpt>
			<trkpt lat="47.4815949628" lon="8.3894912228">
				<ele>853.2</ele>
			</trkpt>
			<trkpt lat="47.4815899117" lon="8.3894633266">
				<ele>853.2</ele>
			</trkpt>
			<trkpt lat="47.4815845372" lon="8.3894409185">
				<ele>853.0</ele>
			</trkpt>
			<trkpt lat="47.4815826652" lon="8.3894147766">
				<ele>852.8</ele>
			</trkpt>
			<trkpt lat="47.4815836653" lon="8.3893937392">
				<ele>852.8</ele>
			</trkpt>
			<trkpt lat="47.4815954209" lon="8.3893598332">
				<ele>853.4</ele>
			</trkpt>
			<trkpt lat="47.4816053067" lon="8.3893279928">
				<ele>853.6</ele>
			</trkpt>
			<trkpt lat="47.4816112740" lon="8.3892881009">
				<ele>853.6</ele>
			</trkpt>
			<trkpt lat="47.4816181634" lon="8.3892629447">
				<ele>854.1</ele>
			</trkpt>
			<trkpt lat="47.4816185249" lon="8.3892254663">
				<ele>854.2</ele>
			</trkpt>
			<trkpt lat="47.4816217832" lon="8.3891901516">
				<ele>854.3</ele>
			</trkpt>
			<trkpt lat="47.4816196105" lon="8.3891678007">
				<ele>854.2</ele>
			</trkpt>
			<trkpt lat="47.4816129951" lon="8.3891365078">
				<ele>853.9</ele>
			</trkpt>
			<trkpt lat="47.4816075722" lon="8.3891199944">
				<ele>853.7</ele>
			</trkpt>
			<trkpt lat="47.4816014408" lon="8.3890933488">
				<ele>853.4</ele>
			</trkpt>
			<trkpt lat="47.4815966838" lon="8.3890625167">
				<ele>853.2</ele>
			</trkpt>
			<trkpt lat="47.4815953593" lon="8.3890342725">
				<ele>853.1</ele>
			</trkpt>
			<trkpt lat="47.4815920414" lon="8.3889925174">
				<ele>853.2</ele>
			</trkpt>
			<trkpt lat="47.4815934575" lon="8.3889559001">
				<ele>853.5</ele>
			</trkpt>
			<trkpt lat="47.4815944279" lon="8.3889373888">
				<ele>853.7</ele>
			</trkpt>
			<trkpt lat="47.4816029178" lon="8.3889122740">
				<ele>854.3</ele>
			</trkpt>
			<trkpt lat="47.4816070848" lon="8.3888933922">
				<ele>854.8</ele>
			</trkpt>
			<trkpt lat="47.4816044187" lon="8.3888663939">
				<ele>855.1</ele>
			</trkpt>
			<trkpt lat="47.4816001076" lon="8.3888448341">
				<ele>855.1</ele>
			</trkpt>
			<trkpt lat="47.4815982666" lon="8.3888148963">
				<ele>855.3</ele>
			</trkpt>
			<trkpt lat="47.4815979355" lon="8.3887938351">
				<ele>855.5</ele>
			</trkpt>
			<trkpt lat="47.4815931075" lon="8.3887705817">
				<ele>855.8</ele>
			</trkpt>
			<trkpt lat="47.4815893646" lon="8.3887444064">
				<ele>856.2</ele>
			</trkpt>
			<trkpt lat="47.4815913847" lon="8.3887284404">
				<ele>856.6</ele>
			</trkpt>
			<trkpt lat="47.4815971395" lon="8.3887100016">
				<ele>856.9</ele>
			</trkpt>
			<trkpt lat="47.4815945276" lon="8.3886775363">
				<ele>857.2</ele>
			</trkpt>
			<trkpt lat="47.4815890392" lon="8.3886426227">
				<ele>857.2</ele>
			</trkpt>
			<trkpt lat="47.4815837244" lon="8.3886118584">
				<ele>857.1</ele>
			</trkpt>
			<trkpt lat="47.4815806203" lon="8.3885735926">
				<ele>857.1</ele>
			</trkpt>
			<trkpt lat="47.4815788336" lon="8.3885370348">
				<ele>857.2</ele>
			</trkpt>
			<trkpt lat="47.4815756410" lon="8.3885084204">
				<ele>857.1</ele>
			</trkpt>
			<trkpt lat="47.4815707032" lon="8.3884667530">
				<ele>856.8</ele>
			</trkpt>
			<trkpt lat="47.4815691771" lon="8.3884301998">
				<ele>856.7</ele>
			</trkpt>
			<trkpt lat="47.4815710620" lon="8.3883999916">
				<ele>856.9</ele>
			</trkpt>
			<trkpt lat="47.4815751421" lon="8.3883631238">
				<ele>857.1</ele>
			</trkpt>
			<trkpt lat="47.4815849065" lon="8.3883175337">
				<ele>857.5</ele>
			</trkpt>
			<trkpt lat="47.4815917058" lon="8.3882748189">
				<ele>857.8</ele>
			</trkpt>
			<trkpt lat="47.4815966402" lon="8.3882325114">
				<ele>858.0</ele>
			</trkpt>
			<trkpt lat="47.4816009609" lon="8.3881981485">
				<ele>858.2</ele>
			</trkpt>
			<trkpt lat="47.4816034162" lon="8.3881641800">
				<ele>858.2</ele>
			</trkpt>
			<trkpt lat="47.4816042773" lon="8.3881293408">
				<ele>858.1</ele>
			</trkpt>
			<trkpt lat="47.4816067798" lon="8.3880907604">
				<ele>857.5</ele>
			</trkpt>
			<trkpt lat="47.4816075700" lon="8.3880634869">
				<ele>857.0</ele>
			</trkpt>
			<trkpt lat="47.4816064484" lon="8.3880411937">
				<ele>856.7</ele>
			</trkpt>
			<trkpt lat="47.4816045140" lon="8.3880193394">
				<ele>856.6</ele>
			</trkpt>
			<trkpt lat="47.4816021152" lon="8.3879915815">
				<ele>856.5</ele>
			</trkpt>
			<trkpt lat="47.4815986703" lon="8.3879608506">
				<ele>856.4</ele>
			</trkpt>
			<trkpt lat="47.4816008141" lon="8.3879319298">
				<ele>856.4</ele>
			</trkpt>
			<trkpt lat="47.4816031480" lon="8.3879105534">
				<ele>856.2</ele>
			</trkpt>
			<trkpt lat="47.4816018747" lon="8.3878760907">
				<ele>855.9</ele>
			</trkpt>
			<trkpt lat="47.4815998993" lon="8.3878307057">
				<ele>855.7</ele>
			</trkpt>
			<trkpt lat="47.4815971668" lon="8.3877811091">
				<ele>855.2</ele>
			</trkpt>
			<trkpt lat="47.4815956700" lon="8.3877420298">
				<ele>854.6</ele>
			</trkpt>
			<trkpt lat="47.4815932520" lon="8.3877155413">
				<ele>854.2</ele>
			</trkpt>
			<trkpt lat="47.4815958486" lon="8.3876949988">
				<ele>853.8</ele>
			</trkpt>
			<trkpt lat="47.4816019822" lon="8.3876665637">
				<ele>853.6</ele>
			</trkpt>
			<trkpt lat="47.4816156949" lon="8.3876264988">
				<ele>853.3</ele>
			</trkpt>
			<trkpt lat="47.4816280672" lon="8.3875864099">
				<ele>853.1</ele>
			</trkpt>
			<trkpt lat="47.4816336371" lon="8.3875609060">
				<ele>853.0</ele>
			</trkpt>
			<trkpt lat="47.4816346192" lon="8.3875420191">
				<ele>852.8</ele>
			</trkpt>
			<trkpt lat="47.4816345590" lon="8.3875197577">
				<ele>852.7</ele>
			</trkpt>
			<trkpt lat="47.4816399287" lon="8.3874879402">
				<ele>852.6</ele>
			</trkpt>
			<trkpt lat="47.4816420739" lon="8.3874577625">
				<ele>852.4</ele>
			</trkpt>
			<trkpt lat="47.4816427280" lon="8.3874174646">
				<ele>852.2</ele>
			</trkpt>
			<trkpt lat="47.4816415374" lon="8.3873893136">
				<ele>852.0</ele>
			</trkpt>
			<trkpt lat="47.4816391546" lon="8.3873518769">
				<ele>851.6</ele>
			</trkpt>
			<trkpt lat="47.4816386786" lon="8.3873145002">
				<ele>851.5</ele>
			</trkpt>
			<trkpt lat="47.4816429696" lon="8.3872616859">
				<ele>851.5</ele>
			</trkpt>
			<trkpt lat="47.4816449934" lon="8.3872189117">
				<ele>851.2</ele>
			</trkpt>
			<trkpt lat="47.4816445882" lon="8.3871739564">
				<ele>851.4</ele>
			</trkpt>
			<trkpt lat="47.4816460045" lon="8.3871383108">
				<ele>851.2</ele>
			</trkpt>
			<trkpt lat="47.4816554415" lon="8.3870898121">
				<ele>851.2</ele>
			</trkpt>
			<trkpt lat="47.4816569405" lon="8.3870440744">
				<ele>851.2</ele>
			</trkpt>
			<trkpt lat="47.4816619878" lon="8.3869988404">
				<ele>851.0</ele>
			</trkpt>
			<trkpt lat="47.4816736045" lon="8.3869499789">
				<ele>850.8</ele>
			</trkpt>
			<trkpt lat="47.4816825817" lon="8.3869224754">
				<ele>850.6</ele>
			</trkpt>
			<trkpt lat="47.4816946219" lon="8.3868866433">
				<ele>850.5</ele>
			</trkpt>
			<trkpt lat="47.4817017168" lon="8.3868561650">
				<ele>850.3</ele>
			</trkpt>
			<trkpt lat="47.4817048992" lon="8.3868058445">
				<ele>850.2</ele>
			</trkpt>
			<trkpt lat="47.4817073224" lon="8.3867790276">
				<ele>850.1</ele>
			</trkpt>
			<trkpt lat="47.4817171730" lon="8.3867448278">
				<ele>850.3</ele>
			</trkpt>
			<trkpt lat="47.4817196376" lon="8.3867129584">
				<ele>850.4</ele>
			</trkpt>
			<trkpt lat="47.4817213466" lon="8.3866756205">
				<ele>850.5</ele>
			</trkpt>
			<trkpt lat="47.4817208481" lon="8.3866101135">
				<ele>850.7</ele>
			</trkpt>
			<trkpt lat="47.4817213194" lon="8.3865580473">
				<ele>850.8</ele>
			</trkpt>
			<trkpt lat="47.4817279155" lon="8.3865225068">
				<ele>851.0</ele>
			</trkpt>
			<trkpt lat="47.4817270519" lon="8.3864973028">
				<ele>850.9</ele>
			</trkpt>
			<trkpt lat="47.4817315095" lon="8.3864570856">
				<ele>851.2</ele>
			</trkpt>
			<trkpt lat="47.4817280695" lon="8.3864158466">
				<ele>851.6</ele>
			</trkpt>
			<trkpt lat="47.4817240323" lon="8.3863804926">
				<ele>851.9</ele>
			</trkpt>
			<trkpt lat="47.4817177259" lon="8.3863542976">
				<ele>852.1</ele>
			</trkpt>
			<trkpt lat="47.4817147870" lon="8.3863176933">
				<ele>852.2</ele>
			</trkpt>
			<trkpt lat="47.4817166288" lon="8.3862652498">
				<ele>852.5</ele>
			</trkpt>
			<trkpt lat="47.4817166193" lon="8.3862366922">
				<ele>852.6</ele>
			</trkpt>
			<trkpt lat="47.4817203660" lon="8.3862141099">
				<ele>853.0</ele>
			</trkpt>
			<trkpt lat="47.4817205732" lon="8.3861910111">
				<ele>853.1</ele>
			</trkpt>
			<trkpt lat="47.4817144152" lon="8.3861488816">
				<ele>853.2</ele>
			</trkpt>
			<trkpt lat="47.4817104383" lon="8.3861072185">
				<ele>853.5</ele>
			</trkpt>
			<trkpt lat="47.4817071950" lon="8.3860441504">
				<ele>853.7</ele>
			</trkpt>
			<trkpt lat="47.4817052757" lon="8.3860159734">
				<ele>853.7</ele>
			</trkpt>
			<trkpt lat="47.4817103873" lon="8.3859925602">
				<ele>854.0</ele>
			</trkpt>
			<trkpt lat="47.4817117293" lon="8.3859648818">
				<ele>854.2</ele>
			</trkpt>
			<trkpt lat="47.4817131248" lon="8.3859317364">
				<ele>854.3</ele>
			</trkpt>
			<trkpt lat="47.4817198531" lon="8.3858810903">
				<ele>854.4</ele>
			</trkpt>
			<trkpt lat="47.4817205024" lon="8.3858391078">
				<ele>854.3</ele>
			</trkpt>
			<trkpt lat="47.4817215290" lon="8.3857862287">
				<ele>854.2</ele>
			</trkpt>
			<trkpt lat="47.4817211971" lon="8.3857333125">
				<ele>854.0</ele>
			</trkpt>
			<trkpt lat="47.4817174333" lon="8.3856975293">
				<ele>853.7</ele>
			</trkpt>
			<trkpt lat="47.4817153701" lon="8.3856550581">
				<ele>853.7</ele>
			</trkpt>
			<trkpt lat="47.4817168411" lon="8.3856126821">
				<ele>853.4</ele>
			</trkpt>
			<trkpt lat="47.4817151952" lon="8.3855840889">
				<ele>852.8</ele>
			</trkpt>
			<trkpt lat="47.4817168669" lon="8.3855501257">
				<ele>853.1</ele>
			</trkpt>
			<trkpt lat="47.4817231679" lon="8.3854868517">
				<ele>853.1</ele>
			</trkpt>
			<trkpt lat="47.4817234351" lon="8.3854574697">
				<ele>853.0</ele>
			</trkpt>
			<trkpt lat="47.4817221068" lon="8.3854229996">
				<ele>852.8</ele>
			</trkpt>
			<trkpt lat="47.4817251698" lon="8.3853861199">
				<ele>852.8</ele>
			</trkpt>
			<trkpt lat="47.4817316594" lon="8.3853316729">
				<ele>852.8</ele>
			</trkpt>
			<trkpt lat="47.4817372852" lon="8.3853124993">
				<ele>853.0</ele>
			</trkpt>
			<trkpt lat="47.4817429988" lon="8.3852836612">
				<ele>853.1</ele>
			</trkpt>
			<trkpt lat="47.4817490354" lon="8.3852493610">
				<ele>853.4</ele>
			</trkpt>
			<trkpt lat="47.4817524355" lon="8.3852053478">
				<ele>853.8</ele>
			</trkpt>
			<trkpt lat="47.4817527061" lon="8.3851755384">
				<ele>853.8</ele>
			</trkpt>
			<trkpt lat="47.4817528498" lon="8.3851293553">
				<ele>853.8</ele>
			</trkpt>
			<trkpt lat="47.4817535596" lon="8.3850810703">
				<ele>854.0</ele>
			</trkpt>
			<trkpt lat="47.4817542550" lon="8.3850344889">
				<ele>853.9</ele>
			</trkpt>
			<trkpt lat="47.4817518372" lon="8.3850012498">
				<ele>853.9</ele>
			</trkpt>
			<trkpt lat="47.4817491480" lon="8.3849671636">
				<ele>853.9</ele>
			</trkpt>
			<trkpt lat="47.4817489132" lon="8.3849331535">
				<ele>853.7</ele>
			</trkpt>
			<trkpt lat="47.4817447350" lon="8.3848830907">
				<ele>853.3</ele>
			</trkpt>
			<trkpt lat="47.4817386712" lon="8.3848304548">
				<ele>853.4</ele>
			</trkpt>
			<trkpt lat="47.4817339584" lon="8.3847786917">
				<ele>853.7</ele>
			</trkpt>
			<trkpt lat="47.4817335105" lon="8.3847387823">
				<ele>853.8</ele>
			</trkpt>
			<trkpt lat="47.4817321413" lon="8.3847093583">
				<ele>853.9</ele>
			</trkpt>
			<trkpt lat="47.4817307956" lon="8.3846769870">
				<ele>854.0</ele>
			</trkpt>
			<trkpt lat="47.4817318280" lon="8.3846232657">
				<ele>854.3</ele>
			</trkpt>
			<trkpt lat="47.4817364433" lon="8.3845956584">
				<ele>854.8</ele>
			</trkpt>
			<trkpt lat="47.4817381491" lon="8.3845574782">
				<ele>854.9</ele>
			</trkpt>
			<trkpt lat="47.4817329465" lon="8.3845006790">
				<ele>854.8</ele>
			</trkpt>
			<trkpt lat="47.4817225569" lon="8.3844743988">
				<ele>854.2</ele>
			</trkpt>
			<trkpt lat="47.4817153297" lon="8.3844595252">
				<ele>854.1</ele>
			</trkpt>
			<trkpt lat="47.4817099203" lon="8.3844258119">
				<ele>854.3</ele>
			</trkpt>
			<trkpt lat="47.4817075949" lon="8.3843812370">
				<ele>854.8</ele>
			</trkpt>
			<trkpt lat="47.4816999068" lon="8.3843281512">
				<ele>854.6</ele>
			</trkpt>
			<trkpt lat="47.4816962783" lon="8.3842768285">
				<ele>854.4</ele>
			</trkpt>
			<trkpt lat="47.4816931089" lon="8.3842364433">
				<ele>854.7</ele>
			</trkpt>
			<trkpt lat="47.4816858016" lon="8.3842005778">
				<ele>854.3</ele>
			</trkpt>
			<trkpt lat="47.4816811033" lon="8.3841777935">
				<ele>854.2</ele>
			</trkpt>
			<trkpt lat="47.4816837120" lon="8.3841304104">
				<ele>854.3</ele>
			</trkpt>
			<trkpt lat="47.4816829460" lon="8.3840942660">
				<ele>854.7</ele>
			</trkpt>
			<trkpt lat="47.4816779225" lon="8.3840177234">
				<ele>854.8</ele>
			</trkpt>
			<trkpt lat="47.4816753033" lon="8.3839760976">
				<ele>855.0</ele>
			</trkpt>
			<trkpt lat="47.4816710906" lon="8.3839302195">
				<ele>855.0</ele>
			</trkpt>
			<trkpt lat="47.4816704462" lon="8.3838802390">
				<ele>855.1</ele>
			</trkpt>
			<trkpt lat="47.4816734659" lon="8.3838177359">
				<ele>855.4</ele>
			</trkpt>
			<trkpt lat="47.4816728774" lon="8.3837631307">
				<ele>855.3</ele>
			</trkpt>
			<trkpt lat="47.4816738217" lon="8.3837190675">
				<ele>855.2</ele>
			</trkpt>
			<trkpt lat="47.4816719636" lon="8.3836833312">
				<ele>855.1</ele>
			</trkpt>
			<trkpt lat="47.4816640806" lon="8.3836209908">
				<ele>854.9</ele>
			</trkpt>
			<trkpt lat="47.4816571151" lon="8.3835784068">
				<ele>854.4</ele>
			</trkpt>
			<trkpt lat="47.4816497783" lon="8.3835152533">
				<ele>854.0</ele>
			</trkpt>
			<trkpt lat="47.4816427702" lon="8.3834768796">
				<ele>853.4</ele>
			</trkpt>
			<trkpt lat="47.4816382687" lon="8.3834024455">
				<ele>853.0</ele>
			</trkpt>
			<trkpt lat="47.4816370538" lon="8.3833264112">
				<ele>852.7</ele>
			</trkpt>
			<trkpt lat="47.4816379552" lon="8.3832567181">
				<ele>853.0</ele>
			</trkpt>
			<trkpt lat="47.4816419944" lon="8.3832026422">
				<ele>853.4</ele>
			</trkpt>
			<trkpt lat="47.4816447109" lon="8.3831728891">
				<ele>853.4</ele>
			</trkpt>
			<trkpt lat="47.4816419794" lon="8.3831140350">
				<ele>853.3</ele>
			</trkpt>
			<trkpt lat="47.4816381860" lon="8.3830509574">
				<ele>853.1</ele>
			</trkpt>
			<trkpt lat="47.4816336460" lon="8.3829811548">
				<ele>852.7</ele>
			</trkpt>
			<trkpt lat="47.4816298765" lon="8.3828853222">
				<ele>852.6</ele>
			</trkpt>
			<trkpt lat="47.4816273744" lon="8.3828315124">
				<ele>852.2</ele>
			</trkpt>
			<trkpt lat="47.4816244589" lon="8.3827621468">
				<ele>851.7</ele>
			</trkpt>
			<trkpt lat="47.4816211084" lon="8.3827108487">
				<ele>851.4</ele>
			</trkpt>
			<trkpt lat="47.4816166560" lon="8.3826909972">
				<ele>851.1</ele>
			</trkpt>
			<trkpt lat="47.4816067742" lon="8.3826685099">
				<ele>850.7</ele>
			</trkpt>
			<trkpt lat="47.4816023217" lon="8.3826486714">
				<ele>850.3</ele>
			</trkpt>
			<trkpt lat="47.4816013799" lon="8.3826020481">
				<ele>850.2</ele>
			</trkpt>
			<trkpt lat="47.4816006358" lon="8.3825642327">
				<ele>850.0</ele>
			</trkpt>
			<trkpt lat="47.4815996508" lon="8.3824919860">
				<ele>850.2</ele>
			</trkpt>
			<trkpt lat="47.4815999608" lon="8.3824285796">
				<ele>850.2</ele>
			</trkpt>
			<trkpt lat="47.4815990121" lon="8.3823827790">
				<ele>850.7</ele>
			</trkpt>
			<trkpt lat="47.4815969074" lon="8.3823441037">
				<ele>850.9</ele>
			</trkpt>
			<trkpt lat="47.4815891509" lon="8.3822981501">
				<ele>850.8</ele>
			</trkpt>
			<trkpt lat="47.4815846313" lon="8.3822556226">
				<ele>850.8</ele>
			</trkpt>
			<trkpt lat="47.4815842445" lon="8.3822081734">
				<ele>850.6</ele>
			</trkpt>
			<trkpt lat="47.4815843769" lon="8.3821632342">
				<ele>850.6</ele>
			</trkpt>
			<trkpt lat="47.4815869007" lon="8.3821250815">
				<ele>850.6</ele>
			</trkpt>
			<trkpt lat="47.4815849478" lon="8.3820998390">
				<ele>850.4</ele>
			</trkpt>
			<trkpt lat="47.4815756680" lon="8.3820719140">
				<ele>850.2</ele>
			</trkpt>
			<trkpt lat="47.4815713474" lon="8.3820369570">
				<ele>849.8</ele>
			</trkpt>
			<trkpt lat="47.4815715126" lon="8.3820189043">
				<ele>849.8</ele>
			</trkpt>
			<trkpt lat="47.4815797612" lon="8.3819813001">
				<ele>849.0</ele>
			</trkpt>
			<trkpt lat="47.4815854808" lon="8.3819516196">
				<ele>848.4</ele>
			</trkpt>
			<trkpt lat="47.4815883981" lon="8.3819302663">
				<ele>848.0</ele>
			</trkpt>
			<trkpt lat="47.4815873338" lon="8.3818974920">
				<ele>847.6</ele>
			</trkpt>
			<trkpt lat="47.4815855905" lon="8.3818487360">
				<ele>847.4</ele>
			</trkpt>
			<trkpt lat="47.4815900842" lon="8.3817741052">
				<ele>847.3</ele>
			</trkpt>
			<trkpt lat="47.4815915367" lon="8.3817338216">
				<ele>847.3</ele>
			</trkpt>
			<trkpt lat="47.4815875119" lon="8.3816967773">
				<ele>847.0</ele>
			</trkpt>
			<trkpt lat="47.4815805633" lon="8.3816520948">
				<ele>846.0</ele>
			</trkpt>
			<trkpt lat="47.4815752591" lon="8.3816053684">
				<ele>845.5</ele>
			</trkpt>
			<trkpt lat="47.4815720766" lon="8.3815653978">
				<ele>845.2</ele>
			</trkpt>
			<trkpt lat="47.4815674658" lon="8.3815329559">
				<ele>845.1</ele>
			</trkpt>
			<trkpt lat="47.4815599209" lon="8.3814941454">
				<ele>845.2</ele>
			</trkpt>
			<trkpt lat="47.4815610363" lon="8.3814609951">
				<ele>845.6</ele>
			</trkpt>
			<trkpt lat="47.4815649295" lon="8.3814224585">
				<ele>846.2</ele>
			</trkpt>
			<trkpt lat="47.4815704513" lon="8.3813839443">
				<ele>846.9</ele>
			</trkpt>
			<trkpt lat="47.4815764063" lon="8.3813286519">
				<ele>847.8</ele>
			</trkpt>
			<trkpt lat="47.4815842849" lon="8.3813011281">
				<ele>848.2</ele>
			</trkpt>
			<trkpt lat="47.4815911528" lon="8.3812850016">
				<ele>847.9</ele>
			</trkpt>
			<trkpt lat="47.4816024186" lon="8.3812590472">
				<ele>847.7</ele>
			</trkpt>
			<trkpt lat="47.4816109451" lon="8.3812381171">
				<ele>847.5</ele>
			</trkpt>
			<trkpt lat="47.4816179634" lon="8.3812057451">
				<ele>847.2</ele>
			</trkpt>
			<trkpt lat="47.4816164259" lon="8.3811681553">
				<ele>847.2</ele>
			</trkpt>
			<trkpt lat="47.4816151109" lon="8.3811352016">
				<ele>847.4</ele>
			</trkpt>
			<trkpt lat="47.4816075743" lon="8.3811063553">
				<ele>847.5</ele>
			</trkpt>
			<trkpt lat="47.4816021371" lon="8.3810826189">
				<ele>847.6</ele>
			</trkpt>
			<trkpt lat="47.4816024476" lon="8.3810488583">
				<ele>847.4</ele>
			</trkpt>
			<trkpt lat="47.4816030625" lon="8.3810108790">
				<ele>847.2</ele>
			</trkpt>
			<trkpt lat="47.4816051451" lon="8.3809594375">
				<ele>847.0</ele>
			</trkpt>
			<trkpt lat="47.4816048598" lon="8.3809315683">
				<ele>846.5</ele>
			</trkpt>
			<trkpt lat="47.4816017576" lon="8.3808584874">
				<ele>845.8</ele>
			</trkpt>
			<trkpt lat="47.4815984221" lon="8.3807820335">
				<ele>845.3</ele>
			</trkpt>
			<trkpt lat="47.4815958393" lon="8.3807401883">
				<ele>845.0</ele>
			</trkpt>
			<trkpt lat="47.4815990170" lon="8.3807166173">
				<ele>845.3</ele>
			</trkpt>
			<trkpt lat="47.4816079116" lon="8.3806847190">
				<ele>846.2</ele>
			</trkpt>
			<trkpt lat="47.4816114953" lon="8.3806455354">
				<ele>846.5</ele>
			</trkpt>
			<trkpt lat="47.4816097048" lon="8.3806058163">
				<ele>846.7</ele>
			</trkpt>
			<trkpt lat="47.4816049110" lon="8.3805715442">
				<ele>846.1</ele>
			</trkpt>
			<trkpt lat="47.4816038359" lon="8.3805411279">
				<ele>845.8</ele>
			</trkpt>
			<trkpt lat="47.4816059042" lon="8.3805213273">
				<ele>845.3</ele>
			</trkpt>
			<trkpt lat="47.4816102160" lon="8.3804910192">
				<ele>845.0</ele>
			</trkpt>
			<trkpt lat="47.4816105817" lon="8.3804505155">
				<ele>844.8</ele>
			</trkpt>
			<trkpt lat="47.4816083922" lon="8.3804255603">
				<ele>844.7</ele>
			</trkpt>
			<trkpt lat="47.4816019532" lon="8.3803933647">
				<ele>844.6</ele>
			</trkpt>
			<trkpt lat="47.4815976072" lon="8.3803692200">
				<ele>844.6</ele>
			</trkpt>
			<trkpt lat="47.4815990084" lon="8.3803329586">
				<ele>844.8</ele>
			</trkpt>
			<trkpt lat="47.4816003821" lon="8.3803000655">
				<ele>844.8</ele>
			</trkpt>
			<trkpt lat="47.4816041171" lon="8.3802743923">
				<ele>844.4</ele>
			</trkpt>
			<trkpt lat="47.4816098433" lon="8.3802360824">
				<ele>843.6</ele>
			</trkpt>
			<trkpt lat="47.4816144217" lon="8.3802062002">
				<ele>843.2</ele>
			</trkpt>
			<trkpt lat="47.4816138552" lon="8.3801796023">
				<ele>842.9</ele>
			</trkpt>
			<trkpt lat="47.4816104785" lon="8.3801369138">
				<ele>842.6</ele>
			</trkpt>
			<trkpt lat="47.4816082675" lon="8.3800836795">
				<ele>842.4</ele>
			</trkpt>
			<trkpt lat="47.4816090540" lon="8.3800267212">
				<ele>843.1</ele>
			</trkpt>
			<trkpt lat="47.4816075299" lon="8.3799874343">
				<ele>843.6</ele>
			</trkpt>
			<trkpt lat="47.4816060998" lon="8.3799376021">
				<ele>843.9</ele>
			</trkpt>
			<trkpt lat="47.4816056043" lon="8.3799033996">
				<ele>844.0</ele>
			</trkpt>
			<trkpt lat="47.4816023079" lon="8.3798818261">
				<ele>844.2</ele>
			</trkpt>
			<trkpt lat="47.4815968294" lon="8.3798631359">
				<ele>843.9</ele>
			</trkpt>
			<trkpt lat="47.4815953150" lon="8.3798225924">
				<ele>843.1</ele>
			</trkpt>
			<trkpt lat="47.4815920431" lon="8.3797680825">
				<ele>842.4</ele>
			</trkpt>
			<trkpt lat="47.4815909986" lon="8.3797051705">
				<ele>842.2</ele>
			</trkpt>
			<trkpt lat="47.4815934013" lon="8.3796773682">
				<ele>842.3</ele>
			</trkpt>
			<trkpt lat="47.4815953546" lon="8.3796406889">
				<ele>842.4</ele>
			</trkpt>
			<trkpt lat="47.4815905444" lon="8.3796072459">
				<ele>842.0</ele>
			</trkpt>
			<trkpt lat="47.4815822348" lon="8.3795450477">
				<ele>841.5</ele>
			</trkpt>
			<trkpt lat="47.4815750873" lon="8.3794727246">
				<ele>840.8</ele>
			</trkpt>
			<trkpt lat="47.4815730091" lon="8.3794351254">
				<ele>840.6</ele>
			</trkpt>
			<trkpt lat="47.4815727393" lon="8.3793764511">
				<ele>840.5</ele>
			</trkpt>
			<trkpt lat="47.4815744641" lon="8.3793347016">
				<ele>840.5</ele>
			</trkpt>
			<trkpt lat="47.4815790494" lon="8.3792740140">
				<ele>840.2</ele>
			</trkpt>
			<trkpt lat="47.4815846644" lon="8.3792184044">
				<ele>840.1</ele>
			</trkpt>
			<trkpt lat="47.4815841514" lon="8.3791863266">
				<ele>840.0</ele>
			</trkpt>
			<trkpt lat="47.4815793979" lon="8.3791469828">
				<ele>839.8</ele>
			</trkpt>
			<trkpt lat="47.4815748679" lon="8.3791122815">
				<ele>839.6</ele>
			</trkpt>
			<trkpt lat="47.4815709910" lon="8.3790657749">
				<ele>839.2</ele>
			</trkpt>
			<trkpt lat="47.4815717477" lon="8.3790113362">
				<ele>839.2</ele>
			</trkpt>
			<trkpt lat="47.4815776183" lon="8.3789574285">
				<ele>839.5</ele>
			</trkpt>
			<trkpt lat="47.4815798861" lon="8.3789152610">
				<ele>839.6</ele>
			</trkpt>
			<trkpt lat="47.4815813059" lon="8.3788777235">
				<ele>839.8</ele>
			</trkpt>
			<trkpt lat="47.4815859353" lon="8.3788415191">
				<ele>840.0</ele>
			</trkpt>
			<trkpt lat="47.4815932058" lon="8.3788112632">
				<ele>840.4</ele>
			</trkpt>
			<trkpt lat="47.4815956359" lon="8.3787800731">
				<ele>840.8</ele>
			</trkpt>
			<trkpt lat="47.4815942892" lon="8.3787509284">
				<ele>841.2</ele>
			</trkpt>
			<trkpt lat="47.4815924809" lon="8.3787133339">
				<ele>841.2</ele>
			</trkpt>
			<trkpt lat="47.4815919317" lon="8.3786846243">
				<ele>841.1</ele>
			</trkpt>
			<trkpt lat="47.4815936954" lon="8.3786390661">
				<ele>841.2</ele>
			</trkpt>
			<trkpt lat="47.4815989689" lon="8.3786210258">
				<ele>841.4</ele>
			</trkpt>
			<trkpt lat="47.4816085209" lon="8.3786055877">
				<ele>841.5</ele>
			</trkpt>
			<trkpt lat="47.4816127413" lon="8.3785854039">
				<ele>841.6</ele>
			</trkpt>
			<trkpt lat="47.4816167195" lon="8.3785618405">
				<ele>841.8</ele>
			</trkpt>
			<trkpt lat="47.4816218678" lon="8.3785281782">
				<ele>841.5</ele>
			</trkpt>
			<trkpt lat="47.4816284058" lon="8.3784894743">
				<ele>841.2</ele>
			</trkpt>
			<trkpt lat="47.4816358388" lon="8.3784115328">
				<ele>841.1</ele>
			</trkpt>
			<trkpt lat="47.4816384154" lon="8.3783655807">
				<ele>840.7</ele>
			</trkpt>
			<trkpt lat="47.4816390888" lon="8.3783357783">
				<ele>840.7</ele>
			</trkpt>
			<trkpt lat="47.4816431133" lon="8.3782921063">
				<ele>840.7</ele>
			</trkpt>
			<trkpt lat="47.4816465247" lon="8.3782274978">
				<ele>840.7</ele>
			</trkpt>
			<trkpt lat="47.4816487071" lon="8.3781647658">
				<ele>840.6</ele>
			</trkpt>
			<trkpt lat="47.4816465945" lon="8.3780848158">
				<ele>840.3</ele>
			</trkpt>
			<trkpt lat="47.4816463181" lon="8.3780379582">
				<ele>840.0</ele>
			</trkpt>
			<trkpt lat="47.4816522416" lon="8.3779874200">
				<ele>840.0</ele>
			</trkpt>
			<trkpt lat="47.4816559066" lon="8.3779447912">
				<ele>840.4</ele>
			</trkpt>
			<trkpt lat="47.4816570047" lon="8.3778836661">
				<ele>840.9</ele>
			</trkpt>
			<trkpt lat="47.4816583956" lon="8.3778208942">
				<ele>841.1</ele>
			</trkpt>
			<trkpt lat="47.4816615117" lon="8.3777782557">
				<ele>841.3</ele>
			</trkpt>
			<trkpt lat="47.4816651564" lon="8.3777381271">
				<ele>841.2</ele>
			</trkpt>
			<trkpt lat="47.4816688247" lon="8.3776950837">
				<ele>841.2</ele>
			</trkpt>
			<trkpt lat="47.4816731066" lon="8.3776750757">
				<ele>841.3</ele>
			</trkpt>
			<trkpt lat="47.4816844215" lon="8.3776640092">
				<ele>841.4</ele>
			</trkpt>
			<trkpt lat="47.4816864511" lon="8.3776510814">
				<ele>841.5</ele>
			</trkpt>
			<trkpt lat="47.4816864882" lon="8.3775866012">
				<ele>841.6</ele>
			</trkpt>
			<trkpt lat="47.4816857959" lon="8.3775421916">
				<ele>841.6</ele>
			</trkpt>
			<trkpt lat="47.4816915727" lon="8.3775075555">
				<ele>841.9</ele>
			</trkpt>
			<trkpt lat="47.4816970624" lon="8.3774750135">
				<ele>842.1</ele>
			</trkpt>
			<trkpt lat="47.4816975765" lon="8.3774482338">
				<ele>842.4</ele>
			</trkpt>
			<trkpt lat="47.4816980018" lon="8.3774013432">
				<ele>842.6</ele>
			</trkpt>
			<trkpt lat="47.4816926325" lon="8.3773601940">
				<ele>842.7</ele>
			</trkpt>
			<trkpt lat="47.4816906398" lon="8.3773086544">
				<ele>842.7</ele>
			</trkpt>
			<trkpt lat="47.4816898605" lon="8.3772738768">
				<ele>842.5</ele>
			</trkpt>
			<trkpt lat="47.4816909705" lon="8.3772412446">
				<ele>842.4</ele>
			</trkpt>
			<trkpt lat="47.4816957461" lon="8.3771969638">
				<ele>842.5</ele>
			</trkpt>
			<trkpt lat="47.4816972523" lon="8.3771509344">
				<ele>842.5</ele>
			</trkpt>
			<trkpt lat="47.4816915838" lon="8.3770524125">
				<ele>842.5</ele>
			</trkpt>
			<trkpt lat="47.4816874443" lon="8.3769660713">
				<ele>842.4</ele>
			</trkpt>
			<trkpt lat="47.4816830714" lon="8.3769052644">
				<ele>842.2</ele>
			</trkpt>
			<trkpt lat="47.4816801011" lon="8.3768411393">
				<ele>842.2</ele>
			</trkpt>
			<trkpt lat="47.4816804979" lon="8.3767666237">
				<ele>841.9</ele>
			</trkpt>
			<trkpt lat="47.4816780053" lon="8.3766790483">
				<ele>841.5</ele>
			</trkpt>
			<trkpt lat="47.4816767551" lon="8.3766057475">
				<ele>841.4</ele>
			</trkpt>
			<trkpt lat="47.4816724280" lon="8.3765403417">
				<ele>841.1</ele>
			</trkpt>
			<trkpt lat="47.4816660723" lon="8.3764866133">
				<ele>840.7</ele>
			</trkpt>
			<trkpt lat="47.4816636424" lon="8.3764534782">
				<ele>840.5</ele>
			</trkpt>
			<trkpt lat="47.4816622486" lon="8.3763956586">
				<ele>840.7</ele>
			</trkpt>
			<trkpt lat="47.4816629410" lon="8.3763190492">
				<ele>841.0</ele>
			</trkpt>
			<trkpt lat="47.4816693274" lon="8.3762480015">
				<ele>841.4</ele>
			</trkpt>
			<trkpt lat="47.4816724327" lon="8.3762066195">
				<ele>841.8</ele>
			</trkpt>
			<trkpt lat="47.4816684744" lon="8.3761600598">
				<ele>841.8</ele>
			</trkpt>
			<trkpt lat="47.4816697737" lon="8.3761073280">
				<ele>842.0</ele>
			</trkpt>
			<trkpt lat="47.4816688257" lon="8.3760311043">
				<ele>842.0</ele>
			</trkpt>
			<trkpt lat="47.4816668246" lon="8.3759494006">
				<ele>842.1</ele>
			</trkpt>
			<trkpt lat="47.4816606188" lon="8.3758793426">
				<ele>842.1</ele>
			</trkpt>
			<trkpt lat="47.4816523072" lon="8.3757405751">
				<ele>842.1</ele>
			</trkpt>
			<trkpt lat="47.4816496408" lon="8.3757032572">
				<ele>842.2</ele>
			</trkpt>
			<trkpt lat="47.4816507741" lon="8.3756676905">
				<ele>842.3</ele>
			</trkpt>
			<trkpt lat="47.4816521490" lon="8.3756367344">
				<ele>842.4</ele>
			</trkpt>
			<trkpt lat="47.4816453934" lon="8.3755679106">
				<ele>842.5</ele>
			</trkpt>
			<trkpt lat="47.4816405664" lon="8.3755263631">
				<ele>842.3</ele>
			</trkpt>
			<trkpt lat="47.4816375981" lon="8.3754919617">
				<ele>842.7</ele>
			</trkpt>
			<trkpt lat="47.4816362694" lon="8.3754571745">
				<ele>842.9</ele>
			</trkpt>
			<trkpt lat="47.4816331243" lon="8.3754123136">
				<ele>842.6</ele>
			</trkpt>
			<trkpt lat="47.4816273821" lon="8.3753816210">
				<ele>842.5</ele>
			</trkpt>
			<trkpt lat="47.4816174658" lon="8.3753299097">
				<ele>842.5</ele>
			</trkpt>
			<trkpt lat="47.4816094165" lon="8.3752820019">
				<ele>842.4</ele>
			</trkpt>
			<trkpt lat="47.4816010997" lon="8.3752349316">
				<ele>842.2</ele>
			</trkpt>
			<trkpt lat="47.4815960559" lon="8.3751879254">
				<ele>842.2</ele>
			</trkpt>
			<trkpt lat="47.4815943120" lon="8.3751388976">
				<ele>842.3</ele>
			</trkpt>
			<trkpt lat="47.4816004840" lon="8.3750908772">
				<ele>843.0</ele>
			</trkpt>
			<trkpt lat="47.4815999736" lon="8.3750561110">
				<ele>843.4</ele>
			</trkpt>
			<trkpt lat="47.4815919993" lon="8.3750010911">
				<ele>843.8</ele>
			</trkpt>
			<trkpt lat="47.4815815582" lon="8.3749464295">
				<ele>843.9</ele>
			</trkpt>
			<trkpt lat="47.4815715829" lon="8.3748997512">
				<ele>843.9</ele>
			</trkpt>
			<trkpt lat="47.4815740218" lon="8.3748717421">
				<ele>844.3</ele>
			</trkpt>
			<trkpt lat="47.4815817153" lon="8.3748379948">
				<ele>845.2</ele>
			</trkpt>
			<trkpt lat="47.4815848575" lon="8.3747919942">
				<ele>845.9</ele>
			</trkpt>
			<trkpt lat="47.4815830174" lon="8.3747103649">
				<ele>846.7</ele>
			</trkpt>
			<trkpt lat="47.4815753472" lon="8.3746310884">
				<ele>847.1</ele>
			</trkpt>
			<trkpt lat="47.4815633480" lon="8.3745398801">
				<ele>847.3</ele>
			</trkpt>
			<trkpt lat="47.4815627473" lon="8.3744806688">
				<ele>847.6</ele>
			</trkpt>
			<trkpt lat="47.4815575623" lon="8.3744344570">
				<ele>847.8</ele>
			</trkpt>
			<trkpt lat="47.4815520407" lon="8.3743820071">
				<ele>848.1</ele>
			</trkpt>
			<trkpt lat="47.4815481579" lon="8.3743271046">
				<ele>848.3</ele>
			</trkpt>
			<trkpt lat="47.4815538906" lon="8.3742810848">
				<ele>848.6</ele>
			</trkpt>
			<trkpt lat="47.4815514153" lon="8.3742467699">
				<ele>849.1</ele>
			</trkpt>
			<trkpt lat="47.4815400805" lon="8.3742091832">
				<ele>849.4</ele>
			</trkpt>
			<trkpt lat="47.4815384930" lon="8.3741673818">
				<ele>850.0</ele>
			</trkpt>
			<trkpt lat="47.4815386672" lon="8.3741113068">
				<ele>851.1</ele>
			</trkpt>
			<trkpt lat="47.4815378997" lon="8.3740682889">
				<ele>851.6</ele>
			</trkpt>
			<trkpt lat="47.4815292530" lon="8.3740051917">
				<ele>851.8</ele>
			</trkpt>
			<trkpt lat="47.4815206061" lon="8.3739421010">
				<ele>852.1</ele>
			</trkpt>
			<trkpt lat="47.4815166401" lon="8.3738952824">
				<ele>852.4</ele>
			</trkpt>
			<trkpt lat="47.4815114493" lon="8.3738496990">
				<ele>852.9</ele>
			</trkpt>
			<trkpt lat="47.4815125875" lon="8.3738179419">
				<ele>853.4</ele>
			</trkpt>
			<trkpt lat="47.4815055573" lon="8.3737941330">
				<ele>853.4</ele>
			</trkpt>
			<trkpt lat="47.4814972464" lon="8.3737372805">
				<ele>853.4</ele>
			</trkpt>
			<trkpt lat="47.4814848249" lon="8.3736872037">
				<ele>853.4</ele>
			</trkpt>
			<trkpt lat="47.4814820284" lon="8.3736447722">
				<ele>853.5</ele>
			</trkpt>
			<trkpt lat="47.4814827446" lon="8.3735749853">
				<ele>853.7</ele>
			</trkpt>
			<trkpt lat="47.4814761502" lon="8.3735094430">
				<ele>853.5</ele>
			</trkpt>
			<trkpt lat="47.4814773186" lon="8.3734739354">
				<ele>853.4</ele>
			</trkpt>
			<trkpt lat="47.4814748330" lon="8.3734408643">
				<ele>853.2</ele>
			</trkpt>
			<trkpt lat="47.4814726891" lon="8.3734134031">
				<ele>853.2</ele>
			</trkpt>
			<trkpt lat="47.4814708172" lon="8.3733990398">
				<ele>853.2</ele>
			</trkpt>
			<trkpt lat="47.4814647781" lon="8.3733571798">
				<ele>853.4</ele>
			</trkpt>
			<trkpt lat="47.4814586717" lon="8.3732835285">
				<ele>853.2</ele>
			</trkpt>
			<trkpt lat="47.4814497230" lon="8.3732098404">
				<ele>853.0</ele>
			</trkpt>
			<trkpt lat="47.4814453760" lon="8.3731611493">
				<ele>852.9</ele>
			</trkpt>
			<trkpt lat="47.4814463150" lon="8.3731094350">
				<ele>853.1</ele>
			</trkpt>
			<trkpt lat="47.4814419703" lon="8.3730214843">
				<ele>853.1</ele>
			</trkpt>
			<trkpt lat="47.4814382243" lon="8.3729528759">
				<ele>853.0</ele>
			</trkpt>
			<trkpt lat="47.4814342206" lon="8.3728705416">
				<ele>852.9</ele>
			</trkpt>
			<trkpt lat="47.4814269387" lon="8.3727931318">
				<ele>852.7</ele>
			</trkpt>
			<trkpt lat="47.4814191310" lon="8.3727263115">
				<ele>852.4</ele>
			</trkpt>
			<trkpt lat="47.4814104634" lon="8.3726657086">
				<ele>852.1</ele>
			</trkpt>
			<trkpt lat="47.4814018698" lon="8.3725970152">
				<ele>851.9</ele>
			</trkpt>
			<trkpt lat="47.4813868678" lon="8.3724853672">
				<ele>851.6</ele>
			</trkpt>
			<trkpt lat="47.4813824059" lon="8.3724285697">
				<ele>851.4</ele>
			</trkpt>
			<trkpt lat="47.4813707465" lon="8.3723764983">
				<ele>850.8</ele>
			</trkpt>
			<trkpt lat="47.4813638993" lon="8.3723399043">
				<ele>850.6</ele>
			</trkpt>
			<trkpt lat="47.4813638023" lon="8.3722839932">
				<ele>850.2</ele>
			</trkpt>
			<trkpt lat="47.4813576934" lon="8.3722239146">
				<ele>850.3</ele>
			</trkpt>
			<trkpt lat="47.4813465146" lon="8.3721791530">
				<ele>849.8</ele>
			</trkpt>
			<trkpt lat="47.4813486895" lon="8.3721135381">
				<ele>851.1</ele>
			</trkpt>
			<trkpt lat="47.4813478921" lon="8.3720762534">
				<ele>851.2</ele>
			</trkpt>
			<trkpt lat="47.4813395701" lon="8.3720185655">
				<ele>851.1</ele>
			</trkpt>
			<trkpt lat="47.4813413070" lon="8.3719391762">
				<ele>851.6</ele>
			</trkpt>
			<trkpt lat="47.4813400075" lon="8.3718962075">
				<ele>851.5</ele>
			</trkpt>
			<trkpt lat="47.4813353677" lon="8.3718580326">
				<ele>851.7</ele>
			</trkpt>
			<trkpt lat="47.4813358698" lon="8.3717812972">
				<ele>852.2</ele>
			</trkpt>
			<trkpt lat="47.4813368395" lon="8.3717278731">
				<ele>853.0</ele>
			</trkpt>
			<trkpt lat="47.4813347528" lon="8.3716520512">
				<ele>853.0</ele>
			</trkpt>
			<trkpt lat="47.4813283822" lon="8.3715697793">
				<ele>853.3</ele>
			</trkpt>
			<trkpt lat="47.4813218252" lon="8.3715106259">
				<ele>853.0</ele>
			</trkpt>
			<trkpt lat="47.4813179420" lon="8.3714555231">
				<ele>853.0</ele>
			</trkpt>
			<trkpt lat="47.4813116126" lon="8.3714362618">
				<ele>852.9</ele>
			</trkpt>
			<trkpt lat="47.4812986863" lon="8.3713626405">
				<ele>852.4</ele>
			</trkpt>
			<trkpt lat="47.4813007361" lon="8.3713092290">
				<ele>852.9</ele>
			</trkpt>
			<trkpt lat="47.4813065840" lon="8.3712542837">
				<ele>853.1</ele>
			</trkpt>
			<trkpt lat="47.4813047020" lon="8.3712199537">
				<ele>853.2</ele>
			</trkpt>
			<trkpt lat="47.4812947145" lon="8.3711846847">
				<ele>852.8</ele>
			</trkpt>
			<trkpt lat="47.4812869754" lon="8.3711382733">
				<ele>852.5</ele>
			</trkpt>
			<trkpt lat="47.4812822418" lon="8.3710536333">
				<ele>852.2</ele>
			</trkpt>
			<trkpt lat="47.4812731788" lon="8.3709705111">
				<ele>852.2</ele>
			</trkpt>
			<trkpt lat="47.4812661617" lon="8.3709025909">
				<ele>852.1</ele>
			</trkpt>
			<trkpt lat="47.4812540253" lon="8.3708648809">
				<ele>851.6</ele>
			</trkpt>
			<trkpt lat="47.4812437843" lon="8.3707929070">
				<ele>851.0</ele>
			</trkpt>
			<trkpt lat="47.4812410967" lon="8.3707234560">
				<ele>850.9</ele>
			</trkpt>
			<trkpt lat="47.4812315903" lon="8.3706953738">
				<ele>850.2</ele>
			</trkpt>
			<trkpt lat="47.4812178678" lon="8.3706536454">
				<ele>849.4</ele>
			</trkpt>
			<trkpt lat="47.4812067538" lon="8.3706231315">
				<ele>848.6</ele>
			</trkpt>
			<trkpt lat="47.4812033975" lon="8.3705696318">
				<ele>848.4</ele>
			</trkpt>
			<trkpt lat="47.4812040138" lon="8.3704930606">
				<ele>848.9</ele>
			</trkpt>
			<trkpt lat="47.4812042578" lon="8.3704627456">
				<ele>849.1</ele>
			</trkpt>
			<trkpt lat="47.4812202889" lon="8.3704199574">
				<ele>850.4</ele>
			</trkpt>
			<trkpt lat="47.4812325209" lon="8.3703786833">
				<ele>851.1</ele>
			</trkpt>
			<trkpt lat="47.4812404648" lon="8.3703325596">
				<ele>851.7</ele>
			</trkpt>
			<trkpt lat="47.4812451539" lon="8.3702193590">
				<ele>852.2</ele>
			</trkpt>
			<trkpt lat="47.4812416819" lon="8.3701132067">
				<ele>852.1</ele>
			</trkpt>
			<trkpt lat="47.4812308577" lon="8.3700476106">
				<ele>851.6</ele>
			</trkpt>
			<trkpt lat="47.4812161946" lon="8.3699875124">
				<ele>850.8</ele>
			</trkpt>
			<trkpt lat="47.4812172351" lon="8.3699253178">
				<ele>850.5</ele>
			</trkpt>
			<trkpt lat="47.4812205969" lon="8.3699110074">
				<ele>850.5</ele>
			</trkpt>
			<trkpt lat="47.4812246386" lon="8.3698121648">
				<ele>850.0</ele>
			</trkpt>
			<trkpt lat="47.4812105241" lon="8.3697520956">
				<ele>849.6</ele>
			</trkpt>
			<trkpt lat="47.4812097302" lon="8.3697153812">
				<ele>849.5</ele>
			</trkpt>
			<trkpt lat="47.4812103715" lon="8.3696356295">
				<ele>849.3</ele>
			</trkpt>
			<trkpt lat="47.4812047860" lon="8.3695908562">
				<ele>849.4</ele>
			</trkpt>
			<trkpt lat="47.4811952897" lon="8.3695515213">
				<ele>849.0</ele>
			</trkpt>
			<trkpt lat="47.4811918032" lon="8.3694917548">
				<ele>848.7</ele>
			</trkpt>
			<trkpt lat="47.4811787642" lon="8.3693963710">
				<ele>848.2</ele>
			</trkpt>
			<trkpt lat="47.4811882545" lon="8.3693536948">
				<ele>848.7</ele>
			</trkpt>
			<trkpt lat="47.4811963483" lon="8.3692788999">
				<ele>849.3</ele>
			</trkpt>
			<trkpt lat="47.4811808694" lon="8.3692026303">
				<ele>849.0</ele>
			</trkpt>
			<trkpt lat="47.4811695609" lon="8.3691827446">
				<ele>848.5</ele>
			</trkpt>
			<trkpt lat="47.4811649179" lon="8.3691471809">
				<ele>848.4</ele>
			</trkpt>
			<trkpt lat="47.4811696835" lon="8.3690790977">
				<ele>849.0</ele>
			</trkpt>
			<trkpt lat="47.4811627671" lon="8.3689088783">
				<ele>849.3</ele>
			</trkpt>
			<trkpt lat="47.4811730662" lon="8.3688014444">
				<ele>850.3</ele>
			</trkpt>
			<trkpt lat="47.4811667290" lon="8.3687292478">
				<ele>850.4</ele>
			</trkpt>
			<trkpt lat="47.4811504896" lon="8.3685808534">
				<ele>850.0</ele>
			</trkpt>
			<trkpt lat="47.4811371870" lon="8.3685203713">
				<ele>849.5</ele>
			</trkpt>
			<trkpt lat="47.4811360159" lon="8.3684578337">
				<ele>849.6</ele>
			</trkpt>
			<trkpt lat="47.4811312393" lon="8.3683963604">
				<ele>849.4</ele>
			</trkpt>
			<trkpt lat="47.4811245098" lon="8.3683337386">
				<ele>849.1</ele>
			</trkpt>
			<trkpt lat="47.4811426410" lon="8.3682286831">
				<ele>850.1</ele>
			</trkpt>
			<trkpt lat="47.4811413848" lon="8.3681779607">
				<ele>850.2</ele>
			</trkpt>
			<trkpt lat="47.4811241831" lon="8.3681146120">
				<ele>849.6</ele>
			</trkpt>
			<trkpt lat="47.4811220835" lon="8.3680881108">
				<ele>849.5</ele>
			</trkpt>
			<trkpt lat="47.4811282567" lon="8.3680070824">
				<ele>849.7</ele>
			</trkpt>
			<trkpt lat="47.4811331982" lon="8.3679159130">
				<ele>850.3</ele>
			</trkpt>
			<trkpt lat="47.4811176970" lon="8.3678424423">
				<ele>849.6</ele>
			</trkpt>
			<trkpt lat="47.4811113638" lon="8.3677696758">
				<ele>849.6</ele>
			</trkpt>
			<trkpt lat="47.4810964596" lon="8.3677058102">
				<ele>849.2</ele>
			</trkpt>
			<trkpt lat="47.4811078467" lon="8.3676710512">
				<ele>850.2</ele>
			</trkpt>
			<trkpt lat="47.4811029474" lon="8.3676259210">
				<ele>850.1</ele>
			</trkpt>
			<trkpt lat="47.4811119117" lon="8.3675657889">
				<ele>850.8</ele>
			</trkpt>
			<trkpt lat="47.4811220005" lon="8.3674853859">
				<ele>851.7</ele>
			</trkpt>
			<trkpt lat="47.4811230509" lon="8.3674330129">
				<ele>851.9</ele>
			</trkpt>
			<trkpt lat="47.4811340166" lon="8.3673678301">
				<ele>852.2</ele>
			</trkpt>
			<trkpt lat="47.4811188090" lon="8.3672115765">
				<ele>852.4</ele>
			</trkpt>
			<trkpt lat="47.4811216266" lon="8.3671406411">
				<ele>852.5</ele>
			</trkpt>
			<trkpt lat="47.4811180855" lon="8.3670887647">
				<ele>852.6</ele>
			</trkpt>
			<trkpt lat="47.4811050997" lon="8.3669426757">
				<ele>852.2</ele>
			</trkpt>
			<trkpt lat="47.4810965810" lon="8.3668552364">
				<ele>851.9</ele>
			</trkpt>
			<trkpt lat="47.4810911569" lon="8.3667486944">
				<ele>852.0</ele>
			</trkpt>
			<trkpt lat="47.4810881527" lon="8.3666252922">
				<ele>852.3</ele>
			</trkpt>
			<trkpt lat="47.4810948540" lon="8.3665600479">
				<ele>853.3</ele>
			</trkpt>
			<trkpt lat="47.4810963135" lon="8.3664969862">
				<ele>853.6</ele>
			</trkpt>
			<trkpt lat="47.4810788767" lon="8.3664201134">
				<ele>853.1</ele>
			</trkpt>
			<trkpt lat="47.4810811864" lon="8.3663294553">
				<ele>853.5</ele>
			</trkpt>
			<trkpt lat="47.4810873448" lon="8.3662501238">
				<ele>854.2</ele>
			</trkpt>
			<trkpt lat="47.4810820225" lon="8.3661734363">
				<ele>854.2</ele>
			</trkpt>
			<trkpt lat="47.4810719848" lon="8.3660713230">
				<ele>854.1</ele>
			</trkpt>
			<trkpt lat="47.4810742886" lon="8.3659812349">
				<ele>854.9</ele>
			</trkpt>
			<trkpt lat="47.4810579411" lon="8.3658908673">
				<ele>854.6</ele>
			</trkpt>
			<trkpt lat="47.4810587565" lon="8.3658249633">
				<ele>854.6</ele>
			</trkpt>
			<trkpt lat="47.4810440374" lon="8.3656906872">
				<ele>854.3</ele>
			</trkpt>
			<trkpt lat="47.4810392372" lon="8.3655880951">
				<ele>854.8</ele>
			</trkpt>
			<trkpt lat="47.4810407736" lon="8.3654703826">
				<ele>855.8</ele>
			</trkpt>
			<trkpt lat="47.4810256040" lon="8.3653090643">
				<ele>855.3</ele>
			</trkpt>
			<trkpt lat="47.4810172558" lon="8.3651990835">
				<ele>855.7</ele>
			</trkpt>
			<trkpt lat="47.4810098168" lon="8.3650542191">
				<ele>856.0</ele>
			</trkpt>
			<trkpt lat="47.4810040478" lon="8.3650377865">
				<ele>856.0</ele>
			</trkpt>
			<trkpt lat="47.4809987652" lon="8.3649560273">
				<ele>856.2</ele>
			</trkpt>
			<trkpt lat="47.4809918545" lon="8.3649170623">
				<ele>856.0</ele>
			</trkpt>
			<trkpt lat="47.4809884331" lon="8.3648488561">
				<ele>856.2</ele>
			</trkpt>
			<trkpt lat="47.4809750700" lon="8.3647957012">
				<ele>855.9</ele>
			</trkpt>
			<trkpt lat="47.4809656504" lon="8.3647420384">
				<ele>855.5</ele>
			</trkpt>
			<trkpt lat="47.4809721122" lon="8.3647100307">
				<ele>856.2</ele>
			</trkpt>
			<trkpt lat="47.4809617034" lon="8.3646563636">
				<ele>855.8</ele>
			</trkpt>
			<trkpt lat="47.4809616910" lon="8.3645701808">
				<ele>856.4</ele>
			</trkpt>
			<trkpt lat="47.4809659227" lon="8.3645291228">
				<ele>856.9</ele>
			</trkpt>
			<trkpt lat="47.4809642689" lon="8.3644874183">
				<ele>857.2</ele>
			</trkpt>
			<trkpt lat="47.4809685690" lon="8.3643939833">
				<ele>858.1</ele>
			</trkpt>
			<trkpt lat="47.4809605697" lon="8.3643245702">
				<ele>858.0</ele>
			</trkpt>
			<trkpt lat="47.4809504211" lon="8.3642810465">
				<ele>857.5</ele>
			</trkpt>
			<trkpt lat="47.4809443914" lon="8.3642105470">
				<ele>857.6</ele>
			</trkpt>
			<trkpt lat="47.4809285493" lon="8.3641838266">
				<ele>856.9</ele>
			</trkpt>
			<trkpt lat="47.4809211704" lon="8.3641628831">
				<ele>856.3</ele>
			</trkpt>
			<trkpt lat="47.4809176461" lon="8.3641087399">
				<ele>856.4</ele>
			</trkpt>
			<trkpt lat="47.4809019707" lon="8.3640150095">
				<ele>855.5</ele>
			</trkpt>
			<trkpt lat="47.4808894204" lon="8.3639860789">
				<ele>854.8</ele>
			</trkpt>
			<trkpt lat="47.4808872046" lon="8.3639314143">
				<ele>855.3</ele>
			</trkpt>
			<trkpt lat="47.4808677026" lon="8.3638685974">
				<ele>855.6</ele>
			</trkpt>
			<trkpt lat="47.4808613896" lon="8.3638369507">
				<ele>855.9</ele>
			</trkpt>
			<trkpt lat="47.4808673705" lon="8.3637807183">
				<ele>856.6</ele>
			</trkpt>
			<trkpt lat="47.4808704374" lon="8.3637210535">
				<ele>857.1</ele>
			</trkpt>
			<trkpt lat="47.4808824031" lon="8.3636970127">
				<ele>857.7</ele>
			</trkpt>
			<trkpt lat="47.4808842654" lon="8.3636666223">
				<ele>858.0</ele>
			</trkpt>
			<trkpt lat="47.4808806411" lon="8.3635370103">
				<ele>858.6</ele>
			</trkpt>
			<trkpt lat="47.4808775212" lon="8.3634727549">
				<ele>858.5</ele>
			</trkpt>
			<trkpt lat="47.4808493623" lon="8.3634283873">
				<ele>858.7</ele>
			</trkpt>
			<trkpt lat="47.4808330577" lon="8.3633323918">
				<ele>857.9</ele>
			</trkpt>
			<trkpt lat="47.4808355936" lon="8.3632986250">
				<ele>858.3</ele>
			</trkpt>
			<trkpt lat="47.4808335525" lon="8.3632647981">
				<ele>858.6</ele>
			</trkpt>
			<trkpt lat="47.4808387189" lon="8.3632305134">
				<ele>858.8</ele>
			</trkpt>
			<trkpt lat="47.4808339350" lon="8.3631696109">
				<ele>858.7</ele>
			</trkpt>
			<trkpt lat="47.4808316411" lon="8.3631256409">
				<ele>858.1</ele>
			</trkpt>
			<trkpt lat="47.4808160195" lon="8.3630690721">
				<ele>857.4</ele>
			</trkpt>
			<trkpt lat="47.4808159479" lon="8.3630352794">
				<ele>857.3</ele>
			</trkpt>
			<trkpt lat="47.4808013873" lon="8.3630113933">
				<ele>857.1</ele>
			</trkpt>
			<trkpt lat="47.4807922411" lon="8.3629650628">
				<ele>857.0</ele>
			</trkpt>
			<trkpt lat="47.4807769839" lon="8.3629023071">
				<ele>857.1</ele>
			</trkpt>
			<trkpt lat="47.4807618205" lon="8.3628727873">
				<ele>856.5</ele>
			</trkpt>
			<trkpt lat="47.4807484784" lon="8.3628607649">
				<ele>856.0</ele>
			</trkpt>
			<trkpt lat="47.4807367425" lon="8.3628549444">
				<ele>855.5</ele>
			</trkpt>
			<trkpt lat="47.4807033844" lon="8.3628488197">
				<ele>853.7</ele>
			</trkpt>
			<trkpt lat="47.4806809552" lon="8.3628270709">
				<ele>852.4</ele>
			</trkpt>
			<trkpt lat="47.4806674151" lon="8.3627992638">
				<ele>851.8</ele>
			</trkpt>
			<trkpt lat="47.4806429300" lon="8.3627453854">
				<ele>849.6</ele>
			</trkpt>
			<trkpt lat="47.4806243358" lon="8.3626915964">
				<ele>848.0</ele>
			</trkpt>
			<trkpt lat="47.4806050541" lon="8.3626867981">
				<ele>847.1</ele>
			</trkpt>
			<trkpt lat="47.4805983629" lon="8.3626619150">
				<ele>846.5</ele>
			</trkpt>
			<trkpt lat="47.4805828399" lon="8.3626357579">
				<ele>845.5</ele>
			</trkpt>
			<trkpt lat="47.4805807174" lon="8.3626132087">
				<ele>845.3</ele>
			</trkpt>
			<trkpt lat="47.4805902998" lon="8.3625575831">
				<ele>845.1</ele>
			</trkpt>
			<trkpt lat="47.4805875030" lon="8.3625372572">
				<ele>844.5</ele>
			</trkpt>
			<trkpt lat="47.4805743001" lon="8.3625077781">
				<ele>843.5</ele>
			</trkpt>
			<trkpt lat="47.4805595551" lon="8.3624653026">
				<ele>841.9</ele>
			</trkpt>
			<trkpt lat="47.4805200958" lon="8.3624438675">
				<ele>840.1</ele>
			</trkpt>
			<trkpt lat="47.4805091330" lon="8.3625124711">
				<ele>839.9</ele>
			</trkpt>
			<trkpt lat="47.4805021232" lon="8.3625781439">
				<ele>839.2</ele>
			</trkpt>
			<trkpt lat="47.4804881076" lon="8.3626066257">
				<ele>838.3</ele>
			</trkpt>
			<trkpt lat="47.4804653323" lon="8.3626146004">
				<ele>837.8</ele>
			</trkpt>
			<trkpt lat="47.4804289425" lon="8.3626008047">
				<ele>836.9</ele>
			</trkpt>
			<trkpt lat="47.4803893052" lon="8.3625869591">
				<ele>835.7</ele>
			</trkpt>
			<trkpt lat="47.4803427395" lon="8.3626119411">
				<ele>834.2</ele>
			</trkpt>
			<trkpt lat="47.4803119612" lon="8.3626467398">
				<ele>833.5</ele>
			</trkpt>
			<trkpt lat="47.4802862131" lon="8.3626664859">
				<ele>832.6</ele>
			</trkpt>
			<trkpt lat="47.4802746019" lon="8.3627746282">
				<ele>830.1</ele>
			</trkpt>
			<trkpt lat="47.4802807929" lon="8.3629409767">
				<ele>827.5</ele>
			</trkpt>
			<trkpt lat="47.4802894904" lon="8.3630334702">
				<ele>825.9</ele>
			</trkpt>
			<trkpt lat="47.4802802045" lon="8.3630912772">
				<ele>825.0</ele>
			</trkpt>
			<trkpt lat="47.4802894072" lon="8.3631812594">
				<ele>823.1</ele>
			</trkpt>
			<trkpt lat="47.4802708226" lon="8.3633707458">
				<ele>819.7</ele>
			</trkpt>
			<trkpt lat="47.4802478676" lon="8.3634812239">
				<ele>816.4</ele>
			</trkpt>
			<trkpt lat="47.4802466411" lon="8.3636516545">
				<ele>812.5</ele>
			</trkpt>
			<trkpt lat="47.4802466411" lon="8.3636516545">
				<ele>812.5</ele>
			</trkpt>
			<trkpt lat="47.4802478676" lon="8.3634812239">
				<ele>816.4</ele>
			</trkpt>
			<trkpt lat="47.4802708226" lon="8.3633707458">
				<ele>819.7</ele>
			</trkpt>
			<trkpt lat="47.4802894072" lon="8.3631812594">
				<ele>823.1</ele>
			</trkpt>
			<trkpt lat="47.4802802045" lon="8.3630912772">
				<ele>825.0</ele>
			</trkpt>
			<trkpt lat="47.4802894904" lon="8.3630334702">
				<ele>825.9</ele>
			</trkpt>
			<trkpt lat="47.4802807929" lon="8.3629409767">
				<ele>827.5</ele>
			</trkpt>
			<trkpt lat="47.4802746019" lon="8.3627746282">
				<ele>830.1</ele>
			</trkpt>
			<trkpt lat="47.4802862131" lon="8.3626664859">
				<ele>832.6</ele>
			</trkpt>
			<trkpt lat="47.4803119612" lon="8.3626467398">
				<ele>833.5</ele>
			</trkpt>
			<trkpt lat="47.4803427395" lon="8.3626119411">
				<ele>834.2</ele>
			</trkpt>
			<trkpt lat="47.4803893052" lon="8.3625869591">
				<ele>835.7</ele>
			</trkpt>
			<trkpt lat="47.4804289425" lon="8.3626008047">
				<ele>836.9</ele>
			</trkpt>
			<trkpt lat="47.4804653323" lon="8.3626146004">
				<ele>837.8</ele>
			</trkpt>
			<trkpt lat="47.4804881076" lon="8.3626066257">
				<ele>838.3</ele>
			</trkpt>
			<trkpt lat="47.4805021232" lon="8.3625781439">
				<ele>839.2</ele>
			</trkpt>
			<trkpt lat="47.4805091330" lon="8.3625124711">
				<ele>839.9</ele>
			</trkpt>
			<trkpt lat="47.4805200958" lon="8.3624438675">
				<ele>840.1</ele>
			</trkpt>
			<trkpt lat="47.4805189431" lon="8.3624113778">
				<ele>839.6</ele>
			</trkpt>
			<trkpt lat="47.4805195729" lon="8.3623324367">
				<ele>838.2</ele>
			</trkpt>
			<trkpt lat="47.4805192591" lon="8.3622702065">
				<ele>837.5</ele>
			</trkpt>
			<trkpt lat="47.4805022952" lon="8.3621598380">
				<ele>836.7</ele>
			</trkpt>
			<trkpt lat="47.4804849962" lon="8.3620913464">
				<ele>836.1</ele>
			</trkpt>
			<trkpt lat="47.4804732192" lon="8.3620420749">
				<ele>835.1</ele>
			</trkpt>
			<trkpt lat="47.4804763146" lon="8.3619595812">
				<ele>833.7</ele>
			</trkpt>
			<trkpt lat="47.4804733356" lon="8.3619260233">
				<ele>833.4</ele>
			</trkpt>
			<trkpt lat="47.4804614153" lon="8.3618947074">
				<ele>833.2</ele>
			</trkpt>
			<trkpt lat="47.4804567093" lon="8.3618103228">
				<ele>830.2</ele>
			</trkpt>
			<trkpt lat="47.4804542519" lon="8.3617880269">
				<ele>829.6</ele>
			</trkpt>
			<trkpt lat="47.4804111035" lon="8.3616482723">
				<ele>827.9</ele>
			</trkpt>
			<trkpt lat="47.4803665929" lon="8.3615000594">
				<ele>825.4</ele>
			</trkpt>
			<trkpt lat="47.4803379509" lon="8.3613310608">
				<ele>822.0</ele>
			</trkpt>
			<trkpt lat="47.4803234737" lon="8.3611770655">
				<ele>819.9</ele>
			</trkpt>
			<trkpt lat="47.4803304448" lon="8.3610879081">
				<ele>818.7</ele>
			</trkpt>
			<trkpt lat="47.4803110827" lon="8.3610750110">
				<ele>818.6</ele>
			</trkpt>
			<trkpt lat="47.4802979059" lon="8.3610478587">
				<ele>818.1</ele>
			</trkpt>
			<trkpt lat="47.4802816111" lon="8.3609560437">
				<ele>817.0</ele>
			</trkpt>
			<trkpt lat="47.4802771228" lon="8.3609075014">
				<ele>816.4</ele>
			</trkpt>
			<trkpt lat="47.4802860256" lon="8.3608592041">
				<ele>816.0</ele>
			</trkpt>
			<trkpt lat="47.4802998501" lon="8.3608037945">
				<ele>815.4</ele>
			</trkpt>
			<trkpt lat="47.4802943432" lon="8.3607319060">
				<ele>814.3</ele>
			</trkpt>
			<trkpt lat="47.4802997233" lon="8.3606673906">
				<ele>813.2</ele>
			</trkpt>
			<trkpt lat="47.4803027892" lon="8.3605884726">
				<ele>811.3</ele>
			</trkpt>
			<trkpt lat="47.4802924068" lon="8.3605164997">
				<ele>810.4</ele>
			</trkpt>
			<trkpt lat="47.4802724592" lon="8.3604246087">
				<ele>809.4</ele>
			</trkpt>
			<trkpt lat="47.4802586109" lon="8.3603292538">
				<ele>808.0</ele>
			</trkpt>
			<trkpt lat="47.4802481810" lon="8.3602644582">
				<ele>807.1</ele>
			</trkpt>
			<trkpt lat="47.4802321756" lon="8.3601349576">
				<ele>804.9</ele>
			</trkpt>
			<trkpt lat="47.4802147429" lon="8.3600323498">
				<ele>803.7</ele>
			</trkpt>
			<trkpt lat="47.4802047314" lon="8.3599137071">
				<ele>801.8</ele>
			</trkpt>
			<trkpt lat="47.4801966571" lon="8.3598579379">
				<ele>801.1</ele>
			</trkpt>
			<trkpt lat="47.4802007226" lon="8.3598059548">
				<ele>800.3</ele>
			</trkpt>
			<trkpt lat="47.4801998226" lon="8.3597664473">
				<ele>799.9</ele>
			</trkpt>
			<trkpt lat="47.4801830458" lon="8.3597338495">
				<ele>799.8</ele>
			</trkpt>
			<trkpt lat="47.4801760285" lon="8.3596978381">
				<ele>799.5</ele>
			</trkpt>
			<trkpt lat="47.4801608096" lon="8.3596221864">
				<ele>799.0</ele>
			</trkpt>
			<trkpt lat="47.4801465271" lon="8.3595824538">
				<ele>799.1</ele>
			</trkpt>
			<trkpt lat="47.4801105746" lon="8.3595136215">
				<ele>798.2</ele>
			</trkpt>
			<trkpt lat="47.4800759647" lon="8.3594286685">
				<ele>796.5</ele>
			</trkpt>
			<trkpt lat="47.4800740842" lon="8.3593586376">
				<ele>796.1</ele>
			</trkpt>
			<trkpt lat="47.4800599727" lon="8.3592973742">
				<ele>795.2</ele>
			</trkpt>
			<trkpt lat="47.4800602438" lon="8.3592632835">
				<ele>794.9</ele>
			</trkpt>
			<trkpt lat="47.4800483324" lon="8.3592307701">
				<ele>794.2</ele>
			</trkpt>
			<trkpt lat="47.4800414150" lon="8.3591821862">
				<ele>793.6</ele>
			</trkpt>
			<trkpt lat="47.4800457655" lon="8.3590943053">
				<ele>793.8</ele>
			</trkpt>
			<trkpt lat="47.4800619275" lon="8.3590515234">
				<ele>794.2</ele>
			</trkpt>
			<trkpt lat="47.4800710150" lon="8.3589798878">
				<ele>794.3</ele>
			</trkpt>
			<trkpt lat="47.4800823455" lon="8.3589316193">
				<ele>794.7</ele>
			</trkpt>
			<trkpt lat="47.4800789367" lon="8.3589010410">
				<ele>794.5</ele>
			</trkpt>
			<trkpt lat="47.4800621826" lon="8.3588666559">
				<ele>793.2</ele>
			</trkpt>
			<trkpt lat="47.4800600593" lon="8.3588271339">
				<ele>792.9</ele>
			</trkpt>
			<trkpt lat="47.4800678755" lon="8.3587626542">
				<ele>793.1</ele>
			</trkpt>
			<trkpt lat="47.4800731404" lon="8.3587124864">
				<ele>792.9</ele>
			</trkpt>
			<trkpt lat="47.4801018028" lon="8.3586268396">
				<ele>793.1</ele>
			</trkpt>
			<trkpt lat="47.4800960796" lon="8.3585818653">
				<ele>792.6</ele>
			</trkpt>
			<trkpt lat="47.4800713285" lon="8.3584809264">
				<ele>790.7</ele>
			</trkpt>
			<trkpt lat="47.4800705135" lon="8.3584306535">
				<ele>790.2</ele>
			</trkpt>
			<trkpt lat="47.4800829438" lon="8.3583967728">
				<ele>790.3</ele>
			</trkpt>
			<trkpt lat="47.4800898735" lon="8.3582909979">
				<ele>789.5</ele>
			</trkpt>
			<trkpt lat="47.4800758525" lon="8.3582171619">
				<ele>789.4</ele>
			</trkpt>
			<trkpt lat="47.4800663780" lon="8.3581846908">
				<ele>789.4</ele>
			</trkpt>
			<trkpt lat="47.4800680713" lon="8.3581254953">
				<ele>789.4</ele>
			</trkpt>
			<trkpt lat="47.4800802279" lon="8.3579731408">
				<ele>789.7</ele>
			</trkpt>
			<trkpt lat="47.4800793272" lon="8.3579336399">
				<ele>789.7</ele>
			</trkpt>
			<trkpt lat="47.4800725374" lon="8.3578689143">
				<ele>789.8</ele>
			</trkpt>
			<trkpt lat="47.4800709212" lon="8.3577665743">
				<ele>789.2</ele>
			</trkpt>
			<trkpt lat="47.4800688828" lon="8.3577162997">
				<ele>788.9</ele>
			</trkpt>
			<trkpt lat="47.4800734459" lon="8.3576015049">
				<ele>788.3</ele>
			</trkpt>
			<trkpt lat="47.4800781941" lon="8.3574633784">
				<ele>788.4</ele>
			</trkpt>
			<trkpt lat="47.4800776119" lon="8.3573826096">
				<ele>788.6</ele>
			</trkpt>
			<trkpt lat="47.4800720164" lon="8.3573214807">
				<ele>788.7</ele>
			</trkpt>
			<trkpt lat="47.4800727284" lon="8.3572317489">
				<ele>788.9</ele>
			</trkpt>
			<trkpt lat="47.4800682472" lon="8.3571832202">
				<ele>788.8</ele>
			</trkpt>
			<trkpt lat="47.4800585033" lon="8.3570304876">
				<ele>788.3</ele>
			</trkpt>
			<trkpt lat="47.4800423958" lon="8.3569135482">
				<ele>787.4</ele>
			</trkpt>
			<trkpt lat="47.4800314033" lon="8.3567661842">
				<ele>786.1</ele>
			</trkpt>
			<trkpt lat="47.4800243141" lon="8.3567391380">
				<ele>785.8</ele>
			</trkpt>
			<trkpt lat="47.4800246983" lon="8.3566906804">
				<ele>785.5</ele>
			</trkpt>
			<trkpt lat="47.4800298343" lon="8.3566566671">
				<ele>785.3</ele>
			</trkpt>
			<trkpt lat="47.4800388492" lon="8.3565940024">
				<ele>785.4</ele>
			</trkpt>
			<trkpt lat="47.4800443266" lon="8.3565169207">
				<ele>785.3</ele>
			</trkpt>
			<trkpt lat="47.4800544702" lon="8.3564650488">
				<ele>784.9</ele>
			</trkpt>
			<trkpt lat="47.4800550820" lon="8.3563878766">
				<ele>783.3</ele>
			</trkpt>
			<trkpt lat="47.4800606959" lon="8.3562946533">
				<ele>781.1</ele>
			</trkpt>
			<trkpt lat="47.4800505241" lon="8.3561957678">
				<ele>778.8</ele>
			</trkpt>
			<trkpt lat="47.4800449563" lon="8.3561310571">
				<ele>777.3</ele>
			</trkpt>
			<trkpt lat="47.4800430169" lon="8.3560682034">
				<ele>776.1</ele>
			</trkpt>
			<trkpt lat="47.4800336130" lon="8.3560267486">
				<ele>775.1</ele>
			</trkpt>
			<trkpt lat="47.4800278373" lon="8.3559871637">
				<ele>774.4</ele>
			</trkpt>
			<trkpt lat="47.4800309427" lon="8.3559028631">
				<ele>773.7</ele>
			</trkpt>
			<trkpt lat="47.4800197695" lon="8.3557770431">
				<ele>773.4</ele>
			</trkpt>
			<trkpt lat="47.4799894195" lon="8.3556149836">
				<ele>774.0</ele>
			</trkpt>
			<trkpt lat="47.4799723523" lon="8.3554657079">
				<ele>774.9</ele>
			</trkpt>
			<trkpt lat="47.4799671021" lon="8.3553597296">
				<ele>775.6</ele>
			</trkpt>
			<trkpt lat="47.4799589120" lon="8.3553183153">
				<ele>775.6</ele>
			</trkpt>
			<trkpt lat="47.4799399045" lon="8.3552605513">
				<ele>775.8</ele>
			</trkpt>
			<trkpt lat="47.4799258062" lon="8.3551974885">
				<ele>776.4</ele>
			</trkpt>
			<trkpt lat="47.4799085154" lon="8.3550751396">
				<ele>776.5</ele>
			</trkpt>
			<trkpt lat="47.4799101788" lon="8.3550195261">
				<ele>776.7</ele>
			</trkpt>
			<trkpt lat="47.4799193348" lon="8.3549389253">
				<ele>777.3</ele>
			</trkpt>
			<trkpt lat="47.4799371781" lon="8.3548369271">
				<ele>777.9</ele>
			</trkpt>
			<trkpt lat="47.4799431218" lon="8.3547006223">
				<ele>778.1</ele>
			</trkpt>
			<trkpt lat="47.4799520221" lon="8.3546523113">
				<ele>778.6</ele>
			</trkpt>
			<trkpt lat="47.4799696665" lon="8.3545754389">
				<ele>779.5</ele>
			</trkpt>
			<trkpt lat="47.4799629316" lon="8.3545035304">
				<ele>779.6</ele>
			</trkpt>
			<trkpt lat="47.4799612326" lon="8.3544101747">
				<ele>780.1</ele>
			</trkpt>
			<trkpt lat="47.4799558342" lon="8.3543239269">
				<ele>780.5</ele>
			</trkpt>
			<trkpt lat="47.4799673188" lon="8.3542559273">
				<ele>781.2</ele>
			</trkpt>
			<trkpt lat="47.4799658128" lon="8.3541392401">
				<ele>781.1</ele>
			</trkpt>
			<trkpt lat="47.4799480161" lon="8.3539271454">
				<ele>781.1</ele>
			</trkpt>
			<trkpt lat="47.4799358265" lon="8.3537761598">
				<ele>782.3</ele>
			</trkpt>
			<trkpt lat="47.4799135071" lon="8.3536752783">
				<ele>782.9</ele>
			</trkpt>
			<trkpt lat="47.4798996066" lon="8.3535870835">
				<ele>782.9</ele>
			</trkpt>
			<trkpt lat="47.4798834236" lon="8.3534791167">
				<ele>783.0</ele>
			</trkpt>
			<trkpt lat="47.4798819364" lon="8.3533588475">
				<ele>783.7</ele>
			</trkpt>
			<trkpt lat="47.4798861266" lon="8.3532907096">
				<ele>784.2</ele>
			</trkpt>
			<trkpt lat="47.4798767358" lon="8.3532474676">
				<ele>784.3</ele>
			</trkpt>
			<trkpt lat="47.4798615824" lon="8.3531628534">
				<ele>784.6</ele>
			</trkpt>
			<trkpt lat="47.4798610911" lon="8.3530713132">
				<ele>784.6</ele>
			</trkpt>
			<trkpt lat="47.4798665661" lon="8.3529942313">
				<ele>784.4</ele>
			</trkpt>
			<trkpt lat="47.4798474451" lon="8.3529508223">
				<ele>784.7</ele>
			</trkpt>
			<trkpt lat="47.4798332931" lon="8.3528931556">
				<ele>784.8</ele>
			</trkpt>
			<trkpt lat="47.4798229997" lon="8.3528104131">
				<ele>784.8</ele>
			</trkpt>
			<trkpt lat="47.4798100576" lon="8.3527545488">
				<ele>784.8</ele>
			</trkpt>
			<trkpt lat="47.4798034208" lon="8.3526700811">
				<ele>785.0</ele>
			</trkpt>
			<trkpt lat="47.4797862778" lon="8.3525297846">
				<ele>785.4</ele>
			</trkpt>
			<trkpt lat="47.4797760745" lon="8.3524344824">
				<ele>785.6</ele>
			</trkpt>
			<trkpt lat="47.4797644260" lon="8.3523696681">
				<ele>785.9</ele>
			</trkpt>
			<trkpt lat="47.4797636278" lon="8.3523158199">
				<ele>786.0</ele>
			</trkpt>
			<trkpt lat="47.4797593571" lon="8.3522403589">
				<ele>786.5</ele>
			</trkpt>
			<trkpt lat="47.4797392808" lon="8.3521628386">
				<ele>786.9</ele>
			</trkpt>
			<trkpt lat="47.4797338382" lon="8.3520819806">
				<ele>787.8</ele>
			</trkpt>
			<trkpt lat="47.4797164974" lon="8.3519668168">
				<ele>788.9</ele>
			</trkpt>
			<trkpt lat="47.4797051785" lon="8.3518589278">
				<ele>790.1</ele>
			</trkpt>
			<trkpt lat="47.4796911763" lon="8.3517833129">
				<ele>790.8</ele>
			</trkpt>
			<trkpt lat="47.4796639396" lon="8.3516877188">
				<ele>792.2</ele>
			</trkpt>
			<trkpt lat="47.4796558189" lon="8.3516373276">
				<ele>793.0</ele>
			</trkpt>
			<trkpt lat="47.4796509420" lon="8.3514846809">
				<ele>795.9</ele>
			</trkpt>
			<trkpt lat="47.4796529203" lon="8.3513877935">
				<ele>797.5</ele>
			</trkpt>
			<trkpt lat="47.4796609020" lon="8.3513017824">
				<ele>798.8</ele>
			</trkpt>
			<trkpt lat="47.4796503723" lon="8.3512477611">
				<ele>800.0</ele>
			</trkpt>
			<trkpt lat="47.4796462705" lon="8.3511507759">
				<ele>801.0</ele>
			</trkpt>
			<trkpt lat="47.4796424375" lon="8.3510196809">
				<ele>801.5</ele>
			</trkpt>
			<trkpt lat="47.4796238107" lon="8.3509134745">
				<ele>801.6</ele>
			</trkpt>
			<trkpt lat="47.4796059303" lon="8.3508665052">
				<ele>801.6</ele>
			</trkpt>
			<trkpt lat="47.4795723586" lon="8.3508031102">
				<ele>801.5</ele>
			</trkpt>
			<trkpt lat="47.4795423676" lon="8.3507487426">
				<ele>801.2</ele>
			</trkpt>
			<trkpt lat="47.4794885629" lon="8.3506275779">
				<ele>800.4</ele>
			</trkpt>
			<trkpt lat="47.4794673562" lon="8.3505392660">
				<ele>799.9</ele>
			</trkpt>
			<trkpt lat="47.4794475431" lon="8.3504294379">
				<ele>799.7</ele>
			</trkpt>
			<trkpt lat="47.4794420058" lon="8.3503593457">
				<ele>799.5</ele>
			</trkpt>
			<trkpt lat="47.4794393294" lon="8.3502354619">
				<ele>799.0</ele>
			</trkpt>
			<trkpt lat="47.4794349442" lon="8.3501743683">
				<ele>799.0</ele>
			</trkpt>
			<trkpt lat="47.4794219716" lon="8.3501220871">
				<ele>799.1</ele>
			</trkpt>
			<trkpt lat="47.4793885831" lon="8.3500353678">
				<ele>799.5</ele>
			</trkpt>
			<trkpt lat="47.4793747951" lon="8.3499633465">
				<ele>799.5</ele>
			</trkpt>
			<trkpt lat="47.4793859314" lon="8.3497883270">
				<ele>799.7</ele>
			</trkpt>
			<trkpt lat="47.4793856158" lon="8.3496215202">
				<ele>800.4</ele>
			</trkpt>
			<trkpt lat="47.4793729740" lon="8.3494700825">
				<ele>800.4</ele>
			</trkpt>
			<trkpt lat="47.4793557972" lon="8.3492753836">
				<ele>800.2</ele>
			</trkpt>
			<trkpt lat="47.4793379332" lon="8.3490638750">
				<ele>799.8</ele>
			</trkpt>
			<trkpt lat="47.4793288551" lon="8.3489773067">
				<ele>799.7</ele>
			</trkpt>
			<trkpt lat="47.4793021062" lon="8.3488604421">
				<ele>799.6</ele>
			</trkpt>
			<trkpt lat="47.4792908455" lon="8.3487414391">
				<ele>799.4</ele>
			</trkpt>
			<trkpt lat="47.4792940843" lon="8.3486394949">
				<ele>799.1</ele>
			</trkpt>
			<trkpt lat="47.4792929297" lon="8.3484762630">
				<ele>799.0</ele>
			</trkpt>
			<trkpt lat="47.4792917555" lon="8.3483142357">
				<ele>798.6</ele>
			</trkpt>
			<trkpt lat="47.4792816044" lon="8.3482600598">
				<ele>798.8</ele>
			</trkpt>
			<trkpt lat="47.4792760635" lon="8.3481375593">
				<ele>799.8</ele>
			</trkpt>
			<trkpt lat="47.4792736746" lon="8.3480271103">
				<ele>800.3</ele>
			</trkpt>
			<trkpt lat="47.4792644078" lon="8.3479633489">
				<ele>800.5</ele>
			</trkpt>
			<trkpt lat="47.4792559401" lon="8.3479019981">
				<ele>800.7</ele>
			</trkpt>
			<trkpt lat="47.4792514333" lon="8.3478551160">
				<ele>800.8</ele>
			</trkpt>
			<trkpt lat="47.4792485163" lon="8.3478118695">
				<ele>800.9</ele>
			</trkpt>
			<trkpt lat="47.4792451860" lon="8.3477182090">
				<ele>801.0</ele>
			</trkpt>
			<trkpt lat="47.4792344230" lon="8.3476376112">
				<ele>801.2</ele>
			</trkpt>
			<trkpt lat="47.4792218615" lon="8.3475798054">
				<ele>802.0</ele>
			</trkpt>
			<trkpt lat="47.4792069665" lon="8.3475087443">
				<ele>802.3</ele>
			</trkpt>
			<trkpt lat="47.4791905958" lon="8.3474172646">
				<ele>801.9</ele>
			</trkpt>
			<trkpt lat="47.4791766228" lon="8.3473318183">
				<ele>802.7</ele>
			</trkpt>
			<trkpt lat="47.4791609852" lon="8.3472511374">
				<ele>802.9</ele>
			</trkpt>
			<trkpt lat="47.4791228583" lon="8.3471328880">
				<ele>803.1</ele>
			</trkpt>
			<trkpt lat="47.4791167144" lon="8.3470859781">
				<ele>803.4</ele>
			</trkpt>
			<trkpt lat="47.4790977632" lon="8.3470136496">
				<ele>804.1</ele>
			</trkpt>
			<trkpt lat="47.4790894267" lon="8.3469355100">
				<ele>804.4</ele>
			</trkpt>
			<trkpt lat="47.4790746168" lon="8.3468524401">
				<ele>805.2</ele>
			</trkpt>
			<trkpt lat="47.4790688491" lon="8.3467575464">
				<ele>805.5</ele>
			</trkpt>
			<trkpt lat="47.4790457872" lon="8.3466899418">
				<ele>805.1</ele>
			</trkpt>
			<trkpt lat="47.4790467564" lon="8.3465663610">
				<ele>803.1</ele>
			</trkpt>
			<trkpt lat="47.4790373743" lon="8.3465181976">
				<ele>802.8</ele>
			</trkpt>
			<trkpt lat="47.4790278338" lon="8.3464892329">
				<ele>802.6</ele>
			</trkpt>
			<trkpt lat="47.4790307503" lon="8.3464292753">
				<ele>802.3</ele>
			</trkpt>
			<trkpt lat="47.4790286994" lon="8.3463788400">
				<ele>802.1</ele>
			</trkpt>
			<trkpt lat="47.4790159680" lon="8.3463426237">
				<ele>802.4</ele>
			</trkpt>
			<trkpt lat="47.4790025404" lon="8.3462919945">
				<ele>802.6</ele>
			</trkpt>
			<trkpt lat="47.4790023893" lon="8.3462067909">
				<ele>801.9</ele>
			</trkpt>
			<trkpt lat="47.4789865721" lon="8.3461489108">
				<ele>801.7</ele>
			</trkpt>
			<trkpt lat="47.4789839848" lon="8.3460636657">
				<ele>801.1</ele>
			</trkpt>
			<trkpt lat="47.4789617957" lon="8.3459888856">
				<ele>800.6</ele>
			</trkpt>
			<trkpt lat="47.4789488482" lon="8.3458758540">
				<ele>799.6</ele>
			</trkpt>
			<trkpt lat="47.4789310549" lon="8.3457579461">
				<ele>798.2</ele>
			</trkpt>
			<trkpt lat="47.4789267634" lon="8.3456834712">
				<ele>798.4</ele>
			</trkpt>
			<trkpt lat="47.4789286913" lon="8.3456450949">
				<ele>797.9</ele>
			</trkpt>
			<trkpt lat="47.4789567319" lon="8.3455963775">
				<ele>795.7</ele>
			</trkpt>
			<trkpt lat="47.4789970889" lon="8.3455334624">
				<ele>792.3</ele>
			</trkpt>
			<trkpt lat="47.4790283564" lon="8.3454883952">
				<ele>790.2</ele>
			</trkpt>
			<trkpt lat="47.4790678560" lon="8.3454314641">
				<ele>787.8</ele>
			</trkpt>
			<trkpt lat="47.4791023046" lon="8.3453960387">
				<ele>786.0</ele>
			</trkpt>
			<trkpt lat="47.4791417383" lon="8.3453475150">
				<ele>784.6</ele>
			</trkpt>
			<trkpt lat="47.4791541076" lon="8.3452886899">
				<ele>784.7</ele>
			</trkpt>
			<trkpt lat="47.4791714188" lon="8.3452064590">
				<ele>783.9</ele>
			</trkpt>
			<trkpt lat="47.4791714944" lon="8.3451463231">
				<ele>784.5</ele>
			</trkpt>
			<trkpt lat="47.4791585775" lon="8.3450406252">
				<ele>785.2</ele>
			</trkpt>
			<trkpt lat="47.4791458353" lon="8.3449598778">
				<ele>784.1</ele>
			</trkpt>
			<trkpt lat="47.4791237016" lon="8.3448194230">
				<ele>782.7</ele>
			</trkpt>
			<trkpt lat="47.4791008884" lon="8.3446761322">
				<ele>781.1</ele>
			</trkpt>
			<trkpt lat="47.4790962722" lon="8.3445671553">
				<ele>780.9</ele>
			</trkpt>
			<trkpt lat="47.4789367010" lon="8.3436043231">
				<ele>773.2</ele>
			</trkpt>
			<trkpt lat="47.4789175531" lon="8.3434983128">
				<ele>772.4</ele>
			</trkpt>
			<trkpt lat="47.4789133734" lon="8.3434472845">
				<ele>772.1</ele>
			</trkpt>
			<trkpt lat="47.4789087135" lon="8.3434035943">
				<ele>771.4</ele>
			</trkpt>
			<trkpt lat="47.4789018941" lon="8.3433716901">
				<ele>771.0</ele>
			</trkpt>
			<trkpt lat="47.4788915312" lon="8.3433131392">
				<ele>771.1</ele>
			</trkpt>
			<trkpt lat="47.4788881493" lon="8.3432657976">
				<ele>770.9</ele>
			</trkpt>
			<trkpt lat="47.4788793294" lon="8.3432227817">
				<ele>770.5</ele>
			</trkpt>
			<trkpt lat="47.4788632204" lon="8.3431537294">
				<ele>769.3</ele>
			</trkpt>
			<trkpt lat="47.4788487773" lon="8.3430854763">
				<ele>768.6</ele>
			</trkpt>
			<trkpt lat="47.4788271861" lon="8.3429720008">
				<ele>767.6</ele>
			</trkpt>
			<trkpt lat="47.4788107005" lon="8.3428992691">
				<ele>766.5</ele>
			</trkpt>
			<trkpt lat="47.4787891090" lon="8.3427858003">
				<ele>766.0</ele>
			</trkpt>
			<trkpt lat="47.4787763903" lon="8.3427087275">
				<ele>765.4</ele>
			</trkpt>
			<trkpt lat="47.4787577928" lon="8.3425850030">
				<ele>764.2</ele>
			</trkpt>
			<trkpt lat="47.4787377626" lon="8.3424317010">
				<ele>761.9</ele>
			</trkpt>
			<trkpt lat="47.4787068511" lon="8.3422331135">
				<ele>760.5</ele>
			</trkpt>
			<trkpt lat="47.4786811289" lon="8.3420634485">
				<ele>759.8</ele>
			</trkpt>
			<trkpt lat="47.4786695350" lon="8.3420011653">
				<ele>759.5</ele>
			</trkpt>
			<trkpt lat="47.4786588843" lon="8.3419263565">
				<ele>759.0</ele>
			</trkpt>
			<trkpt lat="47.4786412714" lon="8.3418366076">
				<ele>758.9</ele>
			</trkpt>
			<trkpt lat="47.4786296732" lon="8.3417772655">
				<ele>758.0</ele>
			</trkpt>
			<trkpt lat="47.4786206075" lon="8.3417113587">
				<ele>757.8</ele>
			</trkpt>
			<trkpt lat="47.4786051677" lon="8.3416105886">
				<ele>756.9</ele>
			</trkpt>
			<trkpt lat="47.4785948872" lon="8.3415402173">
				<ele>756.6</ele>
			</trkpt>
			<trkpt lat="47.4785834488" lon="8.3414602193">
				<ele>756.0</ele>
			</trkpt>
			<trkpt lat="47.4785692832" lon="8.3414081994">
				<ele>755.6</ele>
			</trkpt>
			<trkpt lat="47.4785585815" lon="8.3413400235">
				<ele>755.0</ele>
			</trkpt>
			<trkpt lat="47.4785356951" lon="8.3412331740">
				<ele>753.9</ele>
			</trkpt>
			<trkpt lat="47.4785250754" lon="8.3411531966">
				<ele>753.7</ele>
			</trkpt>
			<trkpt lat="47.4785122320" lon="8.3410931016">
				<ele>753.4</ele>
			</trkpt>
			<trkpt lat="47.4784980092" lon="8.3409953066">
				<ele>752.9</ele>
			</trkpt>
			<trkpt lat="47.4784780398" lon="8.3408870428">
				<ele>752.1</ele>
			</trkpt>
			<trkpt lat="47.4784692078" lon="8.3407923515">
				<ele>751.7</ele>
			</trkpt>
			<trkpt lat="47.4784467809" lon="8.3406795958">
				<ele>750.7</ele>
			</trkpt>
			<trkpt lat="47.4784413851" lon="8.3406241165">
				<ele>751.3</ele>
			</trkpt>
			<trkpt lat="47.4784330290" lon="8.3405744434">
				<ele>750.3</ele>
			</trkpt>
			<trkpt lat="47.4784204152" lon="8.3405379717">
				<ele>749.6</ele>
			</trkpt>
			<trkpt lat="47.4784065254" lon="8.3405058965">
				<ele>748.8</ele>
			</trkpt>
			<trkpt lat="47.4783956264" lon="8.3404074391">
				<ele>747.5</ele>
			</trkpt>
			<trkpt lat="47.4783771253" lon="8.3403265576">
				<ele>746.7</ele>
			</trkpt>
			<trkpt lat="47.4783734701" lon="8.3402600304">
				<ele>745.7</ele>
			</trkpt>
			<trkpt lat="47.4783640848" lon="8.3401830218">
				<ele>745.3</ele>
			</trkpt>
			<trkpt lat="47.4783469361" lon="8.3400866547">
				<ele>743.9</ele>
			</trkpt>
			<trkpt lat="47.4783346296" lon="8.3400095773">
				<ele>743.0</ele>
			</trkpt>
			<trkpt lat="47.4783158296" lon="8.3399299607">
				<ele>742.1</ele>
			</trkpt>
			<trkpt lat="47.4783037854" lon="8.3398480810">
				<ele>741.7</ele>
			</trkpt>
			<trkpt lat="47.4782880788" lon="8.3397905553">
				<ele>741.0</ele>
			</trkpt>
			<trkpt lat="47.4782873605" lon="8.3397429033">
				<ele>740.8</ele>
			</trkpt>
			<trkpt lat="47.4782776703" lon="8.3396763908">
				<ele>740.4</ele>
			</trkpt>
			<trkpt lat="47.4782637013" lon="8.3395689680">
				<ele>739.0</ele>
			</trkpt>
			<trkpt lat="47.4782558383" lon="8.3394917004">
				<ele>738.9</ele>
			</trkpt>
			<trkpt lat="47.4782489671" lon="8.3393724716">
				<ele>738.4</ele>
			</trkpt>
			<trkpt lat="47.4782318352" lon="8.3393166193">
				<ele>737.6</ele>
			</trkpt>
			<trkpt lat="47.4782181721" lon="8.3392670770">
				<ele>737.1</ele>
			</trkpt>
			<trkpt lat="47.4781867988" lon="8.3390935816">
				<ele>735.7</ele>
			</trkpt>
			<trkpt lat="47.4781701835" lon="8.3389157885">
				<ele>735.2</ele>
			</trkpt>
			<trkpt lat="47.4781548091" lon="8.3388593895">
				<ele>734.2</ele>
			</trkpt>
			<trkpt lat="47.4781468276" lon="8.3387985745">
				<ele>733.8</ele>
			</trkpt>
			<trkpt lat="47.4781321987" lon="8.3387365264">
				<ele>732.7</ele>
			</trkpt>
			<trkpt lat="47.4781270149" lon="8.3386258322">
				<ele>732.8</ele>
			</trkpt>
			<trkpt lat="47.4781038908" lon="8.3385262168">
				<ele>731.0</ele>
			</trkpt>
			<trkpt lat="47.4780836330" lon="8.3384663604">
				<ele>729.5</ele>
			</trkpt>
			<trkpt lat="47.4780708658" lon="8.3382886199">
				<ele>728.9</ele>
			</trkpt>
			<trkpt lat="47.4780593151" lon="8.3381869006">
				<ele>728.4</ele>
			</trkpt>
			<trkpt lat="47.4780608473" lon="8.3381182850">
				<ele>728.5</ele>
			</trkpt>
			<trkpt lat="47.4780473182" lon="8.3380488838">
				<ele>728.1</ele>
			</trkpt>
			<trkpt lat="47.4780200977" lon="8.3380331486">
				<ele>726.5</ele>
			</trkpt>
			<trkpt lat="47.4780002325" lon="8.3380186843">
				<ele>724.9</ele>
			</trkpt>
			<trkpt lat="47.4779859765" lon="8.3379526654">
				<ele>724.1</ele>
			</trkpt>
			<trkpt lat="47.4779836466" lon="8.3378346414">
				<ele>724.2</ele>
			</trkpt>
			<trkpt lat="47.4779743101" lon="8.3377176456">
				<ele>723.3</ele>
			</trkpt>
			<trkpt lat="47.4779603689" lon="8.3376573069">
				<ele>722.5</ele>
			</trkpt>
			<trkpt lat="47.4779316227" lon="8.3375542546">
				<ele>720.8</ele>
			</trkpt>
			<trkpt lat="47.4779133596" lon="8.3374539123">
				<ele>719.6</ele>
			</trkpt>
			<trkpt lat="47.4778837951" lon="8.3373438048">
				<ele>717.9</ele>
			</trkpt>
			<trkpt lat="47.4778201438" lon="8.3371371047">
				<ele>714.0</ele>
			</trkpt>
			<trkpt lat="47.4778001665" lon="8.3370756733">
				<ele>713.3</ele>
			</trkpt>
			<trkpt lat="47.4777948081" lon="8.3370220873">
				<ele>712.9</ele>
			</trkpt>
			<trkpt lat="47.4777896201" lon="8.3369858718">
				<ele>712.6</ele>
			</trkpt>
			<trkpt lat="47.4777936868" lon="8.3369277419">
				<ele>712.6</ele>
			</trkpt>
			<trkpt lat="47.4777737275" lon="8.3368420313">
				<ele>711.7</ele>
			</trkpt>
			<trkpt lat="47.4777593599" lon="8.3366963444">
				<ele>711.4</ele>
			</trkpt>
			<trkpt lat="47.4777310949" lon="8.3365856441">
				<ele>711.0</ele>
			</trkpt>
			<trkpt lat="47.4777127488" lon="8.3364854178">
				<ele>709.8</ele>
			</trkpt>
			<trkpt lat="47.4776855939" lon="8.3363892796">
				<ele>708.6</ele>
			</trkpt>
			<trkpt lat="47.4776568520" lon="8.3362203862">
				<ele>707.2</ele>
			</trkpt>
			<trkpt lat="47.4776379647" lon="8.3360718122">
				<ele>706.2</ele>
			</trkpt>
			<trkpt lat="47.4775970796" lon="8.3359876733">
				<ele>705.0</ele>
			</trkpt>
			<trkpt lat="47.4775719770" lon="8.3358587203">
				<ele>704.0</ele>
			</trkpt>
			<trkpt lat="47.4775680987" lon="8.3357694983">
				<ele>703.8</ele>
			</trkpt>
			<trkpt lat="47.4775602218" lon="8.3357285542">
				<ele>703.3</ele>
			</trkpt>
			<trkpt lat="47.4775351058" lon="8.3356024190">
				<ele>701.7</ele>
			</trkpt>
			<trkpt lat="47.4775174368" lon="8.3354519745">
				<ele>701.3</ele>
			</trkpt>
			<trkpt lat="47.4774900882" lon="8.3353807224">
				<ele>700.4</ele>
			</trkpt>
			<trkpt lat="47.4774724192" lon="8.3352720481">
				<ele>700.0</ele>
			</trkpt>
			<trkpt lat="47.4774355447" lon="8.3351368211">
				<ele>697.5</ele>
			</trkpt>
			<trkpt lat="47.4774174119" lon="8.3350497368">
				<ele>696.5</ele>
			</trkpt>
			<trkpt lat="47.4774114425" lon="8.3349970999">
				<ele>695.9</ele>
			</trkpt>
			<trkpt lat="47.4773878428" lon="8.3349108629">
				<ele>694.7</ele>
			</trkpt>
			<trkpt lat="47.4773731655" lon="8.3348059966">
				<ele>694.1</ele>
			</trkpt>
			<trkpt lat="47.4773583501" lon="8.3346795370">
				<ele>692.7</ele>
			</trkpt>
			<trkpt lat="47.4773422657" lon="8.3345601040">
				<ele>692.1</ele>
			</trkpt>
			<trkpt lat="47.4773162568" lon="8.3344724406">
				<ele>692.2</ele>
			</trkpt>
			<trkpt lat="47.4772889756" lon="8.3343922572">
				<ele>692.0</ele>
			</trkpt>
			<trkpt lat="47.4772855091" lon="8.3343288509">
				<ele>692.3</ele>
			</trkpt>
			<trkpt lat="47.4772831685" lon="8.3342767288">
				<ele>691.5</ele>
			</trkpt>
			<trkpt lat="47.4772641500" lon="8.3341854065">
				<ele>689.4</ele>
			</trkpt>
			<trkpt lat="47.4772433061" lon="8.3340964115">
				<ele>688.6</ele>
			</trkpt>
			<trkpt lat="47.4772364112" lon="8.3340446857">
				<ele>687.7</ele>
			</trkpt>
			<trkpt lat="47.4772279643" lon="8.3339586784">
				<ele>687.1</ele>
			</trkpt>
			<trkpt lat="47.4772184436" lon="8.3338942570">
				<ele>686.6</ele>
			</trkpt>
			<trkpt lat="47.4771990359" lon="8.3338554840">
				<ele>686.2</ele>
			</trkpt>
			<trkpt lat="47.4771709682" lon="8.3337583999">
				<ele>685.6</ele>
			</trkpt>
			<trkpt lat="47.4771712786" lon="8.3337171083">
				<ele>685.8</ele>
			</trkpt>
			<trkpt lat="47.4771833156" lon="8.3336877259">
				<ele>686.3</ele>
			</trkpt>
			<trkpt lat="47.4771913954" lon="8.3336606220">
				<ele>686.8</ele>
			</trkpt>
			<trkpt lat="47.4771763854" lon="8.3335590222">
				<ele>685.7</ele>
			</trkpt>
			<trkpt lat="47.4771633326" lon="8.3334405738">
				<ele>684.8</ele>
			</trkpt>
			<trkpt lat="47.4771682884" lon="8.3333847978">
				<ele>684.8</ele>
			</trkpt>
			<trkpt lat="47.4771427087" lon="8.3333206120">
				<ele>683.9</ele>
			</trkpt>
			<trkpt lat="47.4771189569" lon="8.3332132685">
				<ele>682.6</ele>
			</trkpt>
			<trkpt lat="47.4771160458" lon="8.3331569005">
				<ele>682.1</ele>
			</trkpt>
			<trkpt lat="47.4770947680" lon="8.3330843204">
				<ele>681.1</ele>
			</trkpt>
			<trkpt lat="47.4770866759" lon="8.3329908115">
				<ele>680.9</ele>
			</trkpt>
			<trkpt lat="47.4770773863" lon="8.3329357680">
				<ele>680.5</ele>
			</trkpt>
			<trkpt lat="47.4770602089" lon="8.3328411931">
				<ele>679.6</ele>
			</trkpt>
			<trkpt lat="47.4770514776" lon="8.3327523701">
				<ele>679.0</ele>
			</trkpt>
			<trkpt lat="47.4770356001" lon="8.3326873760">
				<ele>679.2</ele>
			</trkpt>
			<trkpt lat="47.4770258904" lon="8.3326065109">
				<ele>679.2</ele>
			</trkpt>
			<trkpt lat="47.4770051477" lon="8.3325029758">
				<ele>678.0</ele>
			</trkpt>
			<trkpt lat="47.4769902609" lon="8.3323854366">
				<ele>677.5</ele>
			</trkpt>
			<trkpt lat="47.4769737406" lon="8.3323255883">
				<ele>676.7</ele>
			</trkpt>
			<trkpt lat="47.4769714292" lon="8.3322697098">
				<ele>676.1</ele>
			</trkpt>
			<trkpt lat="47.4769404992" lon="8.3321913520">
				<ele>674.7</ele>
			</trkpt>
			<trkpt lat="47.4769233128" lon="8.3321385536">
				<ele>674.0</ele>
			</trkpt>
			<trkpt lat="47.4769153722" lon="8.3320661592">
				<ele>673.7</ele>
			</trkpt>
			<trkpt lat="47.4769113062" lon="8.3320008714">
				<ele>673.3</ele>
			</trkpt>
			<trkpt lat="47.4768915926" lon="8.3319212704">
				<ele>672.1</ele>
			</trkpt>
			<trkpt lat="47.4768630979" lon="8.3318011907">
				<ele>671.0</ele>
			</trkpt>
			<trkpt lat="47.4768482929" lon="8.3317545087">
				<ele>670.0</ele>
			</trkpt>
			<trkpt lat="47.4768364646" lon="8.3317149246">
				<ele>669.5</ele>
			</trkpt>
			<trkpt lat="47.4768181952" lon="8.3316452074">
				<ele>668.5</ele>
			</trkpt>
			<trkpt lat="47.4768179584" lon="8.3315546295">
				<ele>668.5</ele>
			</trkpt>
			<trkpt lat="47.4767963198" lon="8.3314482557">
				<ele>667.6</ele>
			</trkpt>
			<trkpt lat="47.4767958528" lon="8.3313886513">
				<ele>667.5</ele>
			</trkpt>
			<trkpt lat="47.4767955691" lon="8.3313449985">
				<ele>667.3</ele>
			</trkpt>
			<trkpt lat="47.4767832248" lon="8.3312941376">
				<ele>666.6</ele>
			</trkpt>
			<trkpt lat="47.4767560985" lon="8.3312740352">
				<ele>665.4</ele>
			</trkpt>
			<trkpt lat="47.4767548742" lon="8.3312346000">
				<ele>665.4</ele>
			</trkpt>
			<trkpt lat="47.4767563319" lon="8.3312017621">
				<ele>665.2</ele>
			</trkpt>
			<trkpt lat="47.4767374418" lon="8.3311752034">
				<ele>664.4</ele>
			</trkpt>
			<trkpt lat="47.4767347383" lon="8.3311315263">
				<ele>664.2</ele>
			</trkpt>
			<trkpt lat="47.4767229533" lon="8.3310863009">
				<ele>663.6</ele>
			</trkpt>
			<trkpt lat="47.4767238076" lon="8.3310525234">
				<ele>663.3</ele>
			</trkpt>
			<trkpt lat="47.4767230919" lon="8.3309854102">
				<ele>663.3</ele>
			</trkpt>
			<trkpt lat="47.4767162144" lon="8.3308905170">
				<ele>662.7</ele>
			</trkpt>
			<trkpt lat="47.4766936750" lon="8.3307841254">
				<ele>661.5</ele>
			</trkpt>
			<trkpt lat="47.4766786800" lon="8.3307224346">
				<ele>660.8</ele>
			</trkpt>
			<trkpt lat="47.4766814282" lon="8.3306774141">
				<ele>660.9</ele>
			</trkpt>
			<trkpt lat="47.4766847145" lon="8.3306432012">
				<ele>661.0</ele>
			</trkpt>
			<trkpt lat="47.4766713313" lon="8.3305683906">
				<ele>660.4</ele>
			</trkpt>
			<trkpt lat="47.4766690814" lon="8.3305031336">
				<ele>660.3</ele>
			</trkpt>
			<trkpt lat="47.4766461809" lon="8.3304460102">
				<ele>659.7</ele>
			</trkpt>
			<trkpt lat="47.4766319885" lon="8.3303162895">
				<ele>659.6</ele>
			</trkpt>
			<trkpt lat="47.4766228298" lon="8.3302429426">
				<ele>659.1</ele>
			</trkpt>
			<trkpt lat="47.4766133211" lon="8.3302174581">
				<ele>658.7</ele>
			</trkpt>
			<trkpt lat="47.4766056829" lon="8.3301441367">
				<ele>658.4</ele>
			</trkpt>
			<trkpt lat="47.4765842658" lon="8.3300086853">
				<ele>657.3</ele>
			</trkpt>
			<trkpt lat="47.4765582582" lon="8.3299205428">
				<ele>655.8</ele>
			</trkpt>
			<trkpt lat="47.4765512141" lon="8.3298481740">
				<ele>655.3</ele>
			</trkpt>
			<trkpt lat="47.4765422675" lon="8.3297870384">
				<ele>654.6</ele>
			</trkpt>
			<trkpt lat="47.4765155848" lon="8.3297082776">
				<ele>653.4</ele>
			</trkpt>
			<trkpt lat="47.4765152164" lon="8.3296345890">
				<ele>653.3</ele>
			</trkpt>
			<trkpt lat="47.4765031969" lon="8.3295391472">
				<ele>652.7</ele>
			</trkpt>
			<trkpt lat="47.4764778871" lon="8.3293975258">
				<ele>651.5</ele>
			</trkpt>
			<trkpt lat="47.4764547349" lon="8.3292503049">
				<ele>650.0</ele>
			</trkpt>
			<trkpt lat="47.4764298335" lon="8.3291748651">
				<ele>648.6</ele>
			</trkpt>
			<trkpt lat="47.4764176311" lon="8.3291042954">
				<ele>647.7</ele>
			</trkpt>
			<trkpt lat="47.4763918548" lon="8.3289847140">
				<ele>646.1</ele>
			</trkpt>
			<trkpt lat="47.4763626061" lon="8.3288008015">
				<ele>644.3</ele>
			</trkpt>
			<trkpt lat="47.4763360389" lon="8.3286647988">
				<ele>642.8</ele>
			</trkpt>
			<trkpt lat="47.4763153561" lon="8.3285518747">
				<ele>641.2</ele>
			</trkpt>
			<trkpt lat="47.4762904969" lon="8.3285130230">
				<ele>639.8</ele>
			</trkpt>
			<trkpt lat="47.4762845268" lon="8.3284190886">
				<ele>640.0</ele>
			</trkpt>
			<trkpt lat="47.4762779357" lon="8.3283673728">
				<ele>639.7</ele>
			</trkpt>
			<trkpt lat="47.4762739147" lon="8.3282959717">
				<ele>638.9</ele>
			</trkpt>
			<trkpt lat="47.4762628754" lon="8.3282320001">
				<ele>638.0</ele>
			</trkpt>
			<trkpt lat="47.4762543928" lon="8.3281502183">
				<ele>637.4</ele>
			</trkpt>
			<trkpt lat="47.4762390635" lon="8.3280509777">
				<ele>636.7</ele>
			</trkpt>
			<trkpt lat="47.4762253647" lon="8.3279362728">
				<ele>635.9</ele>
			</trkpt>
			<trkpt lat="47.4762121372" lon="8.3278807021">
				<ele>635.1</ele>
			</trkpt>
			<trkpt lat="47.4762059387" lon="8.3278177280">
				<ele>634.6</ele>
			</trkpt>
			<trkpt lat="47.4761921984" lon="8.3276673622">
				<ele>633.6</ele>
			</trkpt>
			<trkpt lat="47.4761521209" lon="8.3275546170">
				<ele>629.8</ele>
			</trkpt>
			<trkpt lat="47.4761570430" lon="8.3275040070">
				<ele>629.6</ele>
			</trkpt>
			<trkpt lat="47.4761486509" lon="8.3274090900">
				<ele>627.8</ele>
			</trkpt>
			<trkpt lat="47.4761347747" lon="8.3273596140">
				<ele>627.1</ele>
			</trkpt>
			<trkpt lat="47.4761247421" lon="8.3272815703">
				<ele>627.5</ele>
			</trkpt>
			<trkpt lat="47.4761039425" lon="8.3271437705">
				<ele>628.2</ele>
			</trkpt>
			<trkpt lat="47.4760910292" lon="8.3270051437">
				<ele>628.0</ele>
			</trkpt>
			<trkpt lat="47.4760768627" lon="8.3269124918">
				<ele>628.4</ele>
			</trkpt>
			<trkpt lat="47.4760786643" lon="8.3267914387">
				<ele>628.5</ele>
			</trkpt>
			<trkpt lat="47.4760694665" lon="8.3266819691">
				<ele>628.7</ele>
			</trkpt>
			<trkpt lat="47.4760440220" lon="8.3265985381">
				<ele>628.3</ele>
			</trkpt>
			<trkpt lat="47.4760411040" lon="8.3265426508">
				<ele>628.9</ele>
			</trkpt>
			<trkpt lat="47.4760444107" lon="8.3264633854">
				<ele>629.7</ele>
			</trkpt>
			<trkpt lat="47.4760427089" lon="8.3264061094">
				<ele>629.8</ele>
			</trkpt>
			<trkpt lat="47.4760336316" lon="8.3263642087">
				<ele>629.3</ele>
			</trkpt>
			<trkpt lat="47.4760289778" lon="8.3262965644">
				<ele>628.6</ele>
			</trkpt>
			<trkpt lat="47.4760259136" lon="8.3262528529">
				<ele>627.7</ele>
			</trkpt>
			<trkpt lat="47.4760203058" lon="8.3262181227">
				<ele>626.6</ele>
			</trkpt>
			<trkpt lat="47.4760128945" lon="8.3261840360">
				<ele>625.6</ele>
			</trkpt>
			<trkpt lat="47.4760106506" lon="8.3261517619">
				<ele>624.8</ele>
			</trkpt>
			<trkpt lat="47.4760130862" lon="8.3261086183">
				<ele>624.4</ele>
			</trkpt>
			<trkpt lat="47.4760247922" lon="8.3260412209">
				<ele>624.2</ele>
			</trkpt>
			<trkpt lat="47.4760148905" lon="8.3259871022">
				<ele>623.4</ele>
			</trkpt>
			<trkpt lat="47.4759970760" lon="8.3258962717">
				<ele>623.1</ele>
			</trkpt>
			<trkpt lat="47.4759883106" lon="8.3258112082">
				<ele>624.0</ele>
			</trkpt>
			<trkpt lat="47.4759734074" lon="8.3257359114">
				<ele>623.9</ele>
			</trkpt>
			<trkpt lat="47.4759660546" lon="8.3256649446">
				<ele>623.7</ele>
			</trkpt>
			<trkpt lat="47.4759677195" lon="8.3256025556">
				<ele>623.5</ele>
			</trkpt>
			<trkpt lat="47.4759571142" lon="8.3255615688">
				<ele>622.4</ele>
			</trkpt>
			<trkpt lat="47.4759431214" lon="8.3254872169">
				<ele>621.4</ele>
			</trkpt>
			<trkpt lat="47.4759346019" lon="8.3254087229">
				<ele>621.3</ele>
			</trkpt>
			<trkpt lat="47.4759314284" lon="8.3253462631">
				<ele>621.5</ele>
			</trkpt>
			<trkpt lat="47.4759220752" lon="8.3252991984">
				<ele>621.8</ele>
			</trkpt>
			<trkpt lat="47.4759126480" lon="8.3252629310">
				<ele>621.5</ele>
			</trkpt>
			<trkpt lat="47.4759052758" lon="8.3251943121">
				<ele>621.4</ele>
			</trkpt>
			<trkpt lat="47.4758960718" lon="8.3251266053">
				<ele>621.2</ele>
			</trkpt>
			<trkpt lat="47.4758815355" lon="8.3250433279">
				<ele>621.3</ele>
			</trkpt>
			<trkpt lat="47.4758566043" lon="8.3249725738">
				<ele>621.2</ele>
			</trkpt>
			<trkpt lat="47.4758571615" lon="8.3248974960">
				<ele>621.9</ele>
			</trkpt>
			<trkpt lat="47.4758396523" lon="8.3248465678">
				<ele>621.2</ele>
			</trkpt>
			<trkpt lat="47.4758366581" lon="8.3248005354">
				<ele>620.9</ele>
			</trkpt>
			<trkpt lat="47.4758233815" lon="8.3247524761">
				<ele>621.2</ele>
			</trkpt>
			<trkpt lat="47.4758230609" lon="8.3247062875">
				<ele>621.2</ele>
			</trkpt>
			<trkpt lat="47.4758126563" lon="8.3246800607">
				<ele>620.5</ele>
			</trkpt>
			<trkpt lat="47.4758011180" lon="8.3246328239">
				<ele>620.4</ele>
			</trkpt>
			<trkpt lat="47.4757943805" lon="8.3245800734">
				<ele>620.2</ele>
			</trkpt>
			<trkpt lat="47.4757947834" lon="8.3245274256">
				<ele>620.2</ele>
			</trkpt>
			<trkpt lat="47.4757922600" lon="8.3244845591">
				<ele>620.2</ele>
			</trkpt>
			<trkpt lat="47.4757745182" lon="8.3244393276">
				<ele>619.0</ele>
			</trkpt>
			<trkpt lat="47.4757673084" lon="8.3243858633">
				<ele>618.8</ele>
			</trkpt>
			<trkpt lat="47.4757534437" lon="8.3243322753">
				<ele>617.9</ele>
			</trkpt>
			<trkpt lat="47.4757340724" lon="8.3242884808">
				<ele>617.1</ele>
			</trkpt>
			<trkpt lat="47.4757133727" lon="8.3242182608">
				<ele>615.5</ele>
			</trkpt>
			<trkpt lat="47.4757015023" lon="8.3241439449">
				<ele>614.2</ele>
			</trkpt>
			<trkpt lat="47.4756903496" lon="8.3240944993">
				<ele>613.5</ele>
			</trkpt>
			<trkpt lat="47.4756660815" lon="8.3240157861">
				<ele>612.6</ele>
			</trkpt>
			<trkpt lat="47.4756593349" lon="8.3239417919">
				<ele>613.2</ele>
			</trkpt>
			<trkpt lat="47.4756592449" lon="8.3238912446">
				<ele>612.8</ele>
			</trkpt>
			<trkpt lat="47.4756624115" lon="8.3238498817">
				<ele>612.9</ele>
			</trkpt>
			<trkpt lat="47.4756664723" lon="8.3238176577">
				<ele>613.2</ele>
			</trkpt>
			<trkpt lat="47.4756640740" lon="8.3237572419">
				<ele>613.1</ele>
			</trkpt>
			<trkpt lat="47.4756574718" lon="8.3237078592">
				<ele>612.2</ele>
			</trkpt>
			<trkpt lat="47.4756501443" lon="8.3236250877">
				<ele>611.0</ele>
			</trkpt>
			<trkpt lat="47.4756525173" lon="8.3235558121">
				<ele>610.8</ele>
			</trkpt>
			<trkpt lat="47.4756439500" lon="8.3235128453">
				<ele>610.3</ele>
			</trkpt>
			<trkpt lat="47.4756376050" lon="8.3234721697">
				<ele>609.7</ele>
			</trkpt>
			<trkpt lat="47.4756239543" lon="8.3233988576">
				<ele>608.5</ele>
			</trkpt>
			<trkpt lat="47.4756041541" lon="8.3233121511">
				<ele>607.0</ele>
			</trkpt>
			<trkpt lat="47.4755926057" lon="8.3232543850">
				<ele>606.1</ele>
			</trkpt>
			<trkpt lat="47.4755816861" lon="8.3232261161">
				<ele>605.4</ele>
			</trkpt>
			<trkpt lat="47.4755590676" lon="8.3231563183">
				<ele>603.5</ele>
			</trkpt>
			<trkpt lat="47.4755372349" lon="8.3230990681">
				<ele>601.8</ele>
			</trkpt>
			<trkpt lat="47.4755167267" lon="8.3229931954">
				<ele>601.4</ele>
			</trkpt>
			<trkpt lat="47.4754897323" lon="8.3227884556">
				<ele>600.2</ele>
			</trkpt>
			<trkpt lat="47.4754642645" lon="8.3225711164">
				<ele>597.4</ele>
			</trkpt>
			<trkpt lat="47.4754406828" lon="8.3224801695">
				<ele>595.4</ele>
			</trkpt>
			<trkpt lat="47.4753965720" lon="8.3222730377">
				<ele>592.1</ele>
			</trkpt>
			<trkpt lat="47.4753687406" lon="8.3221778132">
				<ele>590.6</ele>
			</trkpt>
			<trkpt lat="47.4753268464" lon="8.3220549613">
				<ele>588.4</ele>
			</trkpt>
			<trkpt lat="47.4752722516" lon="8.3219108463">
				<ele>586.1</ele>
			</trkpt>
			<trkpt lat="47.4752678476" lon="8.3218055042">
				<ele>584.1</ele>
			</trkpt>
			<trkpt lat="47.4752835537" lon="8.3217450978">
				<ele>583.4</ele>
			</trkpt>
			<trkpt lat="47.4752847778" lon="8.3216411899">
				<ele>581.2</ele>
			</trkpt>
			<trkpt lat="47.4752770279" lon="8.3215629370">
				<ele>580.0</ele>
			</trkpt>
			<trkpt lat="47.4752732421" lon="8.3214484781">
				<ele>578.4</ele>
			</trkpt>
			<trkpt lat="47.4752549980" lon="8.3214146794">
				<ele>577.3</ele>
			</trkpt>
			<trkpt lat="47.4752514683" lon="8.3213916023">
				<ele>576.9</ele>
			</trkpt>
			<trkpt lat="47.4752556033" lon="8.3213316939">
				<ele>576.3</ele>
			</trkpt>
			<trkpt lat="47.4752632552" lon="8.3212341792">
				<ele>575.3</ele>
			</trkpt>
			<trkpt lat="47.4752758193" lon="8.3211611571">
				<ele>574.0</ele>
			</trkpt>
			<trkpt lat="47.4752730576" lon="8.3210962404">
				<ele>573.2</ele>
			</trkpt>
			<trkpt lat="47.4752581575" lon="8.3209836798">
				<ele>571.9</ele>
			</trkpt>
			<trkpt lat="47.4752387422" lon="8.3209205697">
				<ele>571.4</ele>
			</trkpt>
			<trkpt lat="47.4752345518" lon="8.3207977350">
				<ele>570.2</ele>
			</trkpt>
			<trkpt lat="47.4752266826" lon="8.3207362188">
				<ele>569.5</ele>
			</trkpt>
			<trkpt lat="47.4752092080" lon="8.3206591848">
				<ele>568.5</ele>
			</trkpt>
			<trkpt lat="47.4752166112" lon="8.3205965451">
				<ele>567.6</ele>
			</trkpt>
			<trkpt lat="47.4752118731" lon="8.3205490272">
				<ele>567.3</ele>
			</trkpt>
			<trkpt lat="47.4751964286" lon="8.3204476157">
				<ele>565.8</ele>
			</trkpt>
			<trkpt lat="47.4751864633" lon="8.3203553801">
				<ele>564.3</ele>
			</trkpt>
			<trkpt lat="47.4751646481" lon="8.3202412997">
				<ele>562.3</ele>
			</trkpt>
			<trkpt lat="47.4751449809" lon="8.3201474881">
				<ele>560.9</ele>
			</trkpt>
			<trkpt lat="47.4751307585" lon="8.3200698184">
				<ele>560.1</ele>
			</trkpt>
			<trkpt lat="47.4751123635" lon="8.3199293012">
				<ele>558.9</ele>
			</trkpt>
			<trkpt lat="47.4750873957" lon="8.3198653937">
				<ele>558.2</ele>
			</trkpt>
			<trkpt lat="47.4750755536" lon="8.3198400740">
				<ele>557.8</ele>
			</trkpt>
			<trkpt lat="47.4750777802" lon="8.3197898960">
				<ele>557.6</ele>
			</trkpt>
			<trkpt lat="47.4750778406" lon="8.3197180466">
				<ele>557.1</ele>
			</trkpt>
			<trkpt lat="47.4750731180" lon="8.3196684466">
				<ele>556.4</ele>
			</trkpt>
			<trkpt lat="47.4750630187" lon="8.3195950364">
				<ele>555.6</ele>
			</trkpt>
			<trkpt lat="47.4750588665" lon="8.3195307837">
				<ele>554.7</ele>
			</trkpt>
			<trkpt lat="47.4750517109" lon="8.3194971822">
				<ele>554.4</ele>
			</trkpt>
			<trkpt lat="47.4750484003" lon="8.3193813391">
				<ele>553.7</ele>
			</trkpt>
			<trkpt lat="47.4750341898" lon="8.3193008845">
				<ele>552.8</ele>
			</trkpt>
			<trkpt lat="47.4750247390" lon="8.3192023713">
				<ele>551.4</ele>
			</trkpt>
			<trkpt lat="47.4750259387" lon="8.3191640239">
				<ele>550.9</ele>
			</trkpt>
			<trkpt lat="47.4750157205" lon="8.3191073567">
				<ele>549.7</ele>
			</trkpt>
			<trkpt lat="47.4750196522" lon="8.3190753281">
				<ele>548.8</ele>
			</trkpt>
			<trkpt lat="47.4750097838" lon="8.3190340156">
				<ele>548.3</ele>
			</trkpt>
			<trkpt lat="47.4750009087" lon="8.3189829381">
				<ele>548.3</ele>
			</trkpt>
			<trkpt lat="47.4749943486" lon="8.3189312092">
				<ele>547.8</ele>
			</trkpt>
			<trkpt lat="47.4749951275" lon="8.3188879739">
				<ele>547.3</ele>
			</trkpt>
			<trkpt lat="47.4750041174" lon="8.3187974612">
				<ele>546.9</ele>
			</trkpt>
			<trkpt lat="47.4749989587" lon="8.3187436631">
				<ele>546.4</ele>
			</trkpt>
			<trkpt lat="47.4749860625" lon="8.3186736822">
				<ele>545.4</ele>
			</trkpt>
			<trkpt lat="47.4749769198" lon="8.3185961101">
				<ele>544.3</ele>
			</trkpt>
			<trkpt lat="47.4749798652" lon="8.3185103654">
				<ele>543.9</ele>
			</trkpt>
			<trkpt lat="47.4749677895" lon="8.3183901866">
				<ele>542.7</ele>
			</trkpt>
			<trkpt lat="47.4749592811" lon="8.3183523687">
				<ele>542.4</ele>
			</trkpt>
			<trkpt lat="47.4749509116" lon="8.3182322512">
				<ele>541.7</ele>
			</trkpt>
			<trkpt lat="47.4749408739" lon="8.3181504702">
				<ele>540.9</ele>
			</trkpt>
			<trkpt lat="47.4749252188" lon="8.3180776585">
				<ele>539.3</ele>
			</trkpt>
			<trkpt lat="47.4749180737" lon="8.3179798867">
				<ele>538.2</ele>
			</trkpt>
			<trkpt lat="47.4749149856" lon="8.3178961282">
				<ele>537.2</ele>
			</trkpt>
			<trkpt lat="47.4749091922" lon="8.3178039624">
				<ele>536.5</ele>
			</trkpt>
			<trkpt lat="47.4749087501" lon="8.3177376920">
				<ele>536.8</ele>
			</trkpt>
			<trkpt lat="47.4749071276" lon="8.3177062777">
				<ele>536.8</ele>
			</trkpt>
			<trkpt lat="47.4748935590" lon="8.3176641854">
				<ele>536.8</ele>
			</trkpt>
			<trkpt lat="47.4748837654" lon="8.3176131061">
				<ele>536.1</ele>
			</trkpt>
			<trkpt lat="47.4748686010" lon="8.3175383790">
				<ele>535.5</ele>
			</trkpt>
			<trkpt lat="47.4748552145" lon="8.3174202227">
				<ele>534.2</ele>
			</trkpt>
			<trkpt lat="47.4748368460" lon="8.3172072229">
				<ele>530.1</ele>
			</trkpt>
			<trkpt lat="47.4748230651" lon="8.3170912206">
				<ele>526.4</ele>
			</trkpt>
			<trkpt lat="47.4748101796" lon="8.3169791877">
				<ele>524.7</ele>
			</trkpt>
			<trkpt lat="47.4748008552" lon="8.3169052989">
				<ele>523.8</ele>
			</trkpt>
			<trkpt lat="47.4747905543" lon="8.3168143740">
				<ele>522.2</ele>
			</trkpt>
			<trkpt lat="47.4747710894" lon="8.3167006166">
				<ele>519.7</ele>
			</trkpt>
			<trkpt lat="47.4747599697" lon="8.3165740190">
				<ele>517.9</ele>
			</trkpt>
			<trkpt lat="47.4747567560" lon="8.3165470822">
				<ele>458.1</ele>
			</trkpt>
			<trkpt lat="47.4761996050" lon="8.3090834533">
				<ele>367.6</ele>
			</trkpt>
		</trkseg>
	</trk>
</gpx>
