<?xml version="1.0"?>
<gpx version="1.1" xmlns="http://www.topografix.com/GPX/1/1" xmlns:xsi="http://www.w3.org/2001/XMLSchema-instance" xsi:schemaLocation="http://www.topografix.com/GPX/1/1 http://www.topografix.com/GPX/1/1/gpx.xsd">
	<metadata>
		<name>Reichenbach Falls</name>
	</metadata>
	<trk type="hiking">
		<trkseg>
			<trkpt lat="46.7268746515" lon="8.1836193807">
				<ele>595.1</ele>
			</trkpt>
			<trkpt lat="46.7268502223" lon="8.1837348485">
				<ele>595.1</ele>
			</trkpt>
			<trkpt lat="46.7268047659" lon="8.1839731380">
				<ele>595.2</ele>
			</trkpt>
			<trkpt lat="46.7267916042" lon="8.1840696193">
				<ele>595.1</ele>
			</trkpt>
			<trkpt lat="46.7267988142" lon="8.1841171413">
				<ele>595.0</ele>
			</trkpt>
			<trkpt lat="46.7268161986" lon="8.1841495243">
				<ele>595.0</ele>
			</trkpt>
			<trkpt lat="46.7268837099" lon="8.1843014639">
				<ele>595.2</ele>
			</trkpt>
			<trkpt lat="46.7269027085" lon="8.1843621527">
				<ele>595.3</ele>
			</trkpt>
			<trkpt lat="46.7269147715" lon="8.1844282662">
				<ele>595.2</ele>
			</trkpt>
			<trkpt lat="46.7269172034" lon="8.1844869469">
				<ele>595.2</ele>
			</trkpt>
			<trkpt lat="46.7269040474" lon="8.1846197050">
				<ele>595.4</ele>
			</trkpt>
			<trkpt lat="46.7268447610" lon="8.1846078437">
				<ele>595.2</ele>
			</trkpt>
			<trkpt lat="46.7268322529" lon="8.1847294908">
				<ele>595.2</ele>
			</trkpt>
			<trkpt lat="46.7266129429" lon="8.1846838358">
				<ele>596.3</ele>
			</trkpt>
			<trkpt lat="46.7266098977" lon="8.1847038483">
				<ele>596.3</ele>
			</trkpt>
			<trkpt lat="46.7264562668" lon="8.1846678800">
				<ele>596.3</ele>
			</trkpt>
			<trkpt lat="46.7264479947" lon="8.1847525890">
				<ele>596.3</ele>
			</trkpt>
			<trkpt lat="46.7264170590" lon="8.1847510229">
				<ele>596.4</ele>
			</trkpt>
			<trkpt lat="46.7264080871" lon="8.1848023370">
				<ele>596.3</ele>
			</trkpt>
			<trkpt lat="46.7263607887" lon="8.1847964891">
				<ele>596.4</ele>
			</trkpt>
			<trkpt lat="46.7263424849" lon="8.1848305104">
				<ele>596.3</ele>
			</trkpt>
			<trkpt lat="46.7263101509" lon="8.1849147948">
				<ele>596.2</ele>
			</trkpt>
			<trkpt lat="46.7262779374" lon="8.1849242389">
				<ele>596.1</ele>
			</trkpt>
			<trkpt lat="46.7262414620" lon="8.1848138331">
				<ele>596.1</ele>
			</trkpt>
			<trkpt lat="46.7261798654" lon="8.1845967240">
				<ele>596.0</ele>
			</trkpt>
			<trkpt lat="46.7261507107" lon="8.1846171864">
				<ele>596.0</ele>
			</trkpt>
			<trkpt lat="46.7261347143" lon="8.1846298376">
				<ele>596.0</ele>
			</trkpt>
			<trkpt lat="46.7261068244" lon="8.1846577350">
				<ele>596.0</ele>
			</trkpt>
			<trkpt lat="46.7260883872" lon="8.1846831989">
				<ele>596.0</ele>
			</trkpt>
			<trkpt lat="46.7260473322" lon="8.1847392101">
				<ele>596.0</ele>
			</trkpt>
			<trkpt lat="46.7260116159" lon="8.1847918676">
				<ele>596.0</ele>
			</trkpt>
			<trkpt lat="46.7259580189" lon="8.1848742873">
				<ele>596.0</ele>
			</trkpt>
			<trkpt lat="46.7259140291" lon="8.1849485330">
				<ele>596.0</ele>
			</trkpt>
			<trkpt lat="46.7258085766" lon="8.1848306586">
				<ele>596.2</ele>
			</trkpt>
			<trkpt lat="46.7256412212" lon="8.1846470298">
				<ele>596.3</ele>
			</trkpt>
			<trkpt lat="46.7254227141" lon="8.1843988690">
				<ele>596.3</ele>
			</trkpt>
			<trkpt lat="46.7253088474" lon="8.1842730578">
				<ele>596.2</ele>
			</trkpt>
			<trkpt lat="46.7252483696" lon="8.1842218572">
				<ele>596.2</ele>
			</trkpt>
			<trkpt lat="46.7251413998" lon="8.1841006158">
				<ele>596.2</ele>
			</trkpt>
			<trkpt lat="46.7248548252" lon="8.1837854833">
				<ele>596.3</ele>
			</trkpt>
			<trkpt lat="46.7247861462" lon="8.1836938793">
				<ele>596.2</ele>
			</trkpt>
			<trkpt lat="46.7246866884" lon="8.1835848834">
				<ele>596.2</ele>
			</trkpt>
			<trkpt lat="46.7245419971" lon="8.1838632869">
				<ele>596.6</ele>
			</trkpt>
			<trkpt lat="46.7245118738" lon="8.1838861167">
				<ele>596.4</ele>
			</trkpt>
			<trkpt lat="46.7243662698" lon="8.1841732571">
				<ele>596.6</ele>
			</trkpt>
			<trkpt lat="46.7242761548" lon="8.1843705879">
				<ele>596.5</ele>
			</trkpt>
			<trkpt lat="46.7242160676" lon="8.1845073475">
				<ele>596.7</ele>
			</trkpt>
			<trkpt lat="46.7241099220" lon="8.1847663956">
				<ele>597.0</ele>
			</trkpt>
			<trkpt lat="46.7240279172" lon="8.1849751780">
				<ele>597.1</ele>
			</trkpt>
			<trkpt lat="46.7239463186" lon="8.1851864116">
				<ele>597.3</ele>
			</trkpt>
			<trkpt lat="46.7239272245" lon="8.1852187724">
				<ele>597.3</ele>
			</trkpt>
			<trkpt lat="46.7238991722" lon="8.1852425843">
				<ele>597.3</ele>
			</trkpt>
			<trkpt lat="46.7238783641" lon="8.1852536773">
				<ele>597.3</ele>
			</trkpt>
			<trkpt lat="46.7238595521" lon="8.1852553268">
				<ele>597.3</ele>
			</trkpt>
			<trkpt lat="46.7238379036" lon="8.1852532218">
				<ele>597.3</ele>
			</trkpt>
			<trkpt lat="46.7238086897" lon="8.1852428623">
				<ele>597.3</ele>
			</trkpt>
			<trkpt lat="46.7237606527" lon="8.1852124375">
				<ele>597.3</ele>
			</trkpt>
			<trkpt lat="46.7236997757" lon="8.1851687012">
				<ele>597.5</ele>
			</trkpt>
			<trkpt lat="46.7236417704" lon="8.1851370136">
				<ele>597.6</ele>
			</trkpt>
			<trkpt lat="46.7235489996" lon="8.1850924434">
				<ele>597.6</ele>
			</trkpt>
			<trkpt lat="46.7235448563" lon="8.1853653792">
				<ele>597.9</ele>
			</trkpt>
			<trkpt lat="46.7232821732" lon="8.1853273387">
				<ele>597.2</ele>
			</trkpt>
			<trkpt lat="46.7231667706" lon="8.1853085129">
				<ele>597.4</ele>
			</trkpt>
			<trkpt lat="46.7230501104" lon="8.1852867791">
				<ele>597.9</ele>
			</trkpt>
			<trkpt lat="46.7229595262" lon="8.1852750735">
				<ele>598.0</ele>
			</trkpt>
			<trkpt lat="46.7229257452" lon="8.1852725257">
				<ele>598.1</ele>
			</trkpt>
			<trkpt lat="46.7228969467" lon="8.1852866996">
				<ele>598.3</ele>
			</trkpt>
			<trkpt lat="46.7228536207" lon="8.1853253954">
				<ele>597.9</ele>
			</trkpt>
			<trkpt lat="46.7228041744" lon="8.1853577145">
				<ele>597.9</ele>
			</trkpt>
			<trkpt lat="46.7227721728" lon="8.1853856967">
				<ele>597.9</ele>
			</trkpt>
			<trkpt lat="46.7227539910" lon="8.1854215880">
				<ele>597.9</ele>
			</trkpt>
			<trkpt lat="46.7227422096" lon="8.1854582609">
				<ele>597.9</ele>
			</trkpt>
			<trkpt lat="46.7227292093" lon="8.1855724097">
				<ele>597.9</ele>
			</trkpt>
			<trkpt lat="46.7227159759" lon="8.1857702735">
				<ele>598.0</ele>
			</trkpt>
			<trkpt lat="46.7227172137" lon="8.1858807340">
				<ele>598.2</ele>
			</trkpt>
			<trkpt lat="46.7227283179" lon="8.1859489881">
				<ele>598.1</ele>
			</trkpt>
			<trkpt lat="46.7227123913" lon="8.1859976515">
				<ele>598.1</ele>
			</trkpt>
			<trkpt lat="46.7226986603" lon="8.1860777655">
				<ele>598.2</ele>
			</trkpt>
			<trkpt lat="46.7226587176" lon="8.1865843382">
				<ele>598.4</ele>
			</trkpt>
			<trkpt lat="46.7226401128" lon="8.1868590045">
				<ele>598.6</ele>
			</trkpt>
			<trkpt lat="46.7226107052" lon="8.1871318075">
				<ele>598.7</ele>
			</trkpt>
			<trkpt lat="46.7225851987" lon="8.1874517815">
				<ele>598.7</ele>
			</trkpt>
			<trkpt lat="46.7225564025" lon="8.1878162250">
				<ele>599.0</ele>
			</trkpt>
			<trkpt lat="46.7225379166" lon="8.1880708387">
				<ele>599.2</ele>
			</trkpt>
			<trkpt lat="46.7225310109" lon="8.1882086691">
				<ele>599.3</ele>
			</trkpt>
			<trkpt lat="46.7225236056" lon="8.1883307564">
				<ele>599.4</ele>
			</trkpt>
			<trkpt lat="46.7225038112" lon="8.1886036777">
				<ele>599.5</ele>
			</trkpt>
			<trkpt lat="46.7224903111" lon="8.1888304324">
				<ele>599.5</ele>
			</trkpt>
			<trkpt lat="46.7224879770" lon="8.1890936690">
				<ele>600.8</ele>
			</trkpt>
			<trkpt lat="46.7224900226" lon="8.1892162138">
				<ele>601.5</ele>
			</trkpt>
			<trkpt lat="46.7224974648" lon="8.1892786222">
				<ele>601.7</ele>
			</trkpt>
			<trkpt lat="46.7225002406" lon="8.1892915063">
				<ele>601.7</ele>
			</trkpt>
			<trkpt lat="46.7225162090" lon="8.1893598681">
				<ele>601.6</ele>
			</trkpt>
			<trkpt lat="46.7225229953" lon="8.1894139610">
				<ele>601.6</ele>
			</trkpt>
			<trkpt lat="46.7225253842" lon="8.1894856261">
				<ele>601.4</ele>
			</trkpt>
			<trkpt lat="46.7225248127" lon="8.1895793042">
				<ele>601.4</ele>
			</trkpt>
			<trkpt lat="46.7224944457" lon="8.1895706795">
				<ele>601.4</ele>
			</trkpt>
			<trkpt lat="46.7224312898" lon="8.1895563271">
				<ele>601.5</ele>
			</trkpt>
			<trkpt lat="46.7222461993" lon="8.1895234678">
				<ele>601.5</ele>
			</trkpt>
			<trkpt lat="46.7220578653" lon="8.1894900398">
				<ele>601.5</ele>
			</trkpt>
			<trkpt lat="46.7220537760" lon="8.1895672524">
				<ele>601.7</ele>
			</trkpt>
			<trkpt lat="46.7220145298" lon="8.1895641024">
				<ele>601.7</ele>
			</trkpt>
			<trkpt lat="46.7219342326" lon="8.1895586676">
				<ele>601.8</ele>
			</trkpt>
			<trkpt lat="46.7218712582" lon="8.1895439387">
				<ele>601.9</ele>
			</trkpt>
			<trkpt lat="46.7217672456" lon="8.1895251847">
				<ele>602.2</ele>
			</trkpt>
			<trkpt lat="46.7217238255" lon="8.1895219903">
				<ele>602.4</ele>
			</trkpt>
			<trkpt lat="46.7216857262" lon="8.1895249257">
				<ele>602.5</ele>
			</trkpt>
			<trkpt lat="46.7216618797" lon="8.1895315141">
				<ele>602.5</ele>
			</trkpt>
			<trkpt lat="46.7216212314" lon="8.1895595034">
				<ele>602.6</ele>
			</trkpt>
			<trkpt lat="46.7215363455" lon="8.1896197488">
				<ele>602.8</ele>
			</trkpt>
			<trkpt lat="46.7214395674" lon="8.1896772384">
				<ele>603.0</ele>
			</trkpt>
			<trkpt lat="46.7213434391" lon="8.1897260775">
				<ele>603.2</ele>
			</trkpt>
			<trkpt lat="46.7212622663" lon="8.1897647522">
				<ele>603.4</ele>
			</trkpt>
			<trkpt lat="46.7211960557" lon="8.1897880555">
				<ele>603.5</ele>
			</trkpt>
			<trkpt lat="46.7211787406" lon="8.1897973374">
				<ele>603.5</ele>
			</trkpt>
			<trkpt lat="46.7211625843" lon="8.1898109516">
				<ele>603.5</ele>
			</trkpt>
			<trkpt lat="46.7211506210" lon="8.1898203073">
				<ele>603.5</ele>
			</trkpt>
			<trkpt lat="46.7211250517" lon="8.1898288595">
				<ele>603.3</ele>
			</trkpt>
			<trkpt lat="46.7211075330" lon="8.1897188166">
				<ele>603.4</ele>
			</trkpt>
			<trkpt lat="46.7209824093" lon="8.1897583696">
				<ele>603.8</ele>
			</trkpt>
			<trkpt lat="46.7209895984" lon="8.1898401455">
				<ele>603.9</ele>
			</trkpt>
			<trkpt lat="46.7210006091" lon="8.1899507515">
				<ele>603.9</ele>
			</trkpt>
			<trkpt lat="46.7210033377" lon="8.1899707898">
				<ele>603.8</ele>
			</trkpt>
			<trkpt lat="46.7210055949" lon="8.1900147329">
				<ele>603.9</ele>
			</trkpt>
			<trkpt lat="46.7211606649" lon="8.1899453157">
				<ele>603.2</ele>
			</trkpt>
			<trkpt lat="46.7212425854" lon="8.1899173653">
				<ele>603.0</ele>
			</trkpt>
			<trkpt lat="46.7214098393" lon="8.1898802827">
				<ele>602.3</ele>
			</trkpt>
			<trkpt lat="46.7216555022" lon="8.1898225125">
				<ele>601.2</ele>
			</trkpt>
			<trkpt lat="46.7216955601" lon="8.1898158234">
				<ele>601.2</ele>
			</trkpt>
			<trkpt lat="46.7217321274" lon="8.1898132454">
				<ele>601.0</ele>
			</trkpt>
			<trkpt lat="46.7217608297" lon="8.1898178446">
				<ele>600.8</ele>
			</trkpt>
			<trkpt lat="46.7217321274" lon="8.1898132454">
				<ele>601.0</ele>
			</trkpt>
			<trkpt lat="46.7216955601" lon="8.1898158234">
				<ele>601.2</ele>
			</trkpt>
			<trkpt lat="46.7216555022" lon="8.1898225125">
				<ele>601.2</ele>
			</trkpt>
			<trkpt lat="46.7214098393" lon="8.1898802827">
				<ele>602.3</ele>
			</trkpt>
			<trkpt lat="46.7212425854" lon="8.1899173653">
				<ele>603.0</ele>
			</trkpt>
			<trkpt lat="46.7211606649" lon="8.1899453157">
				<ele>603.2</ele>
			</trkpt>
			<trkpt lat="46.7210055949" lon="8.1900147329">
				<ele>603.9</ele>
			</trkpt>
			<trkpt lat="46.7210033377" lon="8.1899707898">
				<ele>603.8</ele>
			</trkpt>
			<trkpt lat="46.7210006091" lon="8.1899507515">
				<ele>603.9</ele>
			</trkpt>
			<trkpt lat="46.7208852611" lon="8.1899757508">
				<ele>604.0</ele>
			</trkpt>
			<trkpt lat="46.7207828690" lon="8.1899962343">
				<ele>604.4</ele>
			</trkpt>
			<trkpt lat="46.7206405464" lon="8.1900302496">
				<ele>604.9</ele>
			</trkpt>
			<trkpt lat="46.7205077842" lon="8.1900549277">
				<ele>605.4</ele>
			</trkpt>
			<trkpt lat="46.7202643164" lon="8.1901126622">
				<ele>606.2</ele>
			</trkpt>
			<trkpt lat="46.7199856946" lon="8.1901798349">
				<ele>607.2</ele>
			</trkpt>
			<trkpt lat="46.7199357688" lon="8.1901892051">
				<ele>607.3</ele>
			</trkpt>
			<trkpt lat="46.7199056869" lon="8.1901988070">
				<ele>607.3</ele>
			</trkpt>
			<trkpt lat="46.7198605081" lon="8.1902237123">
				<ele>607.8</ele>
			</trkpt>
			<trkpt lat="46.7197867221" lon="8.1902677437">
				<ele>608.1</ele>
			</trkpt>
			<trkpt lat="46.7197419017" lon="8.1903035882">
				<ele>608.3</ele>
			</trkpt>
			<trkpt lat="46.7197164809" lon="8.1903244257">
				<ele>608.4</ele>
			</trkpt>
			<trkpt lat="46.7196691665" lon="8.1903694453">
				<ele>608.7</ele>
			</trkpt>
			<trkpt lat="46.7195951969" lon="8.1904306609">
				<ele>609.0</ele>
			</trkpt>
			<trkpt lat="46.7194436375" lon="8.1905571797">
				<ele>609.8</ele>
			</trkpt>
			<trkpt lat="46.7193645355" lon="8.1906186682">
				<ele>610.1</ele>
			</trkpt>
			<trkpt lat="46.7190646826" lon="8.1908666199">
				<ele>611.5</ele>
			</trkpt>
			<trkpt lat="46.7189341421" lon="8.1909709863">
				<ele>612.5</ele>
			</trkpt>
			<trkpt lat="46.7187537455" lon="8.1911167455">
				<ele>613.4</ele>
			</trkpt>
			<trkpt lat="46.7186235153" lon="8.1912259881">
				<ele>614.1</ele>
			</trkpt>
			<trkpt lat="46.7185399226" lon="8.1913116113">
				<ele>614.8</ele>
			</trkpt>
			<trkpt lat="46.7185299598" lon="8.1912903960">
				<ele>614.4</ele>
			</trkpt>
			<trkpt lat="46.7185050044" lon="8.1912313344">
				<ele>614.4</ele>
			</trkpt>
			<trkpt lat="46.7184884035" lon="8.1911922969">
				<ele>614.4</ele>
			</trkpt>
			<trkpt lat="46.7185201867" lon="8.1911618413">
				<ele>614.1</ele>
			</trkpt>
			<trkpt lat="46.7184693797" lon="8.1909491694">
				<ele>614.1</ele>
			</trkpt>
			<trkpt lat="46.7184427069" lon="8.1908587828">
				<ele>613.9</ele>
			</trkpt>
			<trkpt lat="46.7184201841" lon="8.1908091694">
				<ele>613.8</ele>
			</trkpt>
			<trkpt lat="46.7184075795" lon="8.1907768940">
				<ele>613.7</ele>
			</trkpt>
			<trkpt lat="46.7183933150" lon="8.1907498708">
				<ele>613.7</ele>
			</trkpt>
			<trkpt lat="46.7183685166" lon="8.1907109364">
				<ele>613.7</ele>
			</trkpt>
			<trkpt lat="46.7183451302" lon="8.1906816913">
				<ele>613.8</ele>
			</trkpt>
			<trkpt lat="46.7183143423" lon="8.1906544632">
				<ele>613.8</ele>
			</trkpt>
			<trkpt lat="46.7182850633" lon="8.1906302326">
				<ele>613.8</ele>
			</trkpt>
			<trkpt lat="46.7182388849" lon="8.1906028668">
				<ele>614.0</ele>
			</trkpt>
			<trkpt lat="46.7181505311" lon="8.1905472268">
				<ele>614.3</ele>
			</trkpt>
			<trkpt lat="46.7180825396" lon="8.1904904912">
				<ele>614.5</ele>
			</trkpt>
			<trkpt lat="46.7180510578" lon="8.1904579146">
				<ele>614.6</ele>
			</trkpt>
			<trkpt lat="46.7180218620" lon="8.1904157196">
				<ele>614.8</ele>
			</trkpt>
			<trkpt lat="46.7179773648" lon="8.1903465065">
				<ele>615.0</ele>
			</trkpt>
			<trkpt lat="46.7179105999" lon="8.1902422588">
				<ele>615.3</ele>
			</trkpt>
			<trkpt lat="46.7178837267" lon="8.1901995408">
				<ele>615.3</ele>
			</trkpt>
			<trkpt lat="46.7178224430" lon="8.1901113685">
				<ele>615.7</ele>
			</trkpt>
			<trkpt lat="46.7177858414" lon="8.1900664776">
				<ele>616.0</ele>
			</trkpt>
			<trkpt lat="46.7177533209" lon="8.1900315303">
				<ele>616.1</ele>
			</trkpt>
			<trkpt lat="46.7176644591" lon="8.1899462953">
				<ele>616.9</ele>
			</trkpt>
			<trkpt lat="46.7175928806" lon="8.1898938987">
				<ele>617.7</ele>
			</trkpt>
			<trkpt lat="46.7175067920" lon="8.1898397737">
				<ele>618.9</ele>
			</trkpt>
			<trkpt lat="46.7174909559" lon="8.1898245765">
				<ele>619.1</ele>
			</trkpt>
			<trkpt lat="46.7174809315" lon="8.1897953268">
				<ele>619.7</ele>
			</trkpt>
			<trkpt lat="46.7174751333" lon="8.1897392865">
				<ele>620.5</ele>
			</trkpt>
			<trkpt lat="46.7174799416" lon="8.1896468049">
				<ele>622.7</ele>
			</trkpt>
			<trkpt lat="46.7174883910" lon="8.1895883636">
				<ele>623.8</ele>
			</trkpt>
			<trkpt lat="46.7175014834" lon="8.1895465857">
				<ele>624.9</ele>
			</trkpt>
			<trkpt lat="46.7175203422" lon="8.1895083113">
				<ele>625.8</ele>
			</trkpt>
			<trkpt lat="46.7175485380" lon="8.1894742543">
				<ele>627.5</ele>
			</trkpt>
			<trkpt lat="46.7176213749" lon="8.1893634892">
				<ele>629.7</ele>
			</trkpt>
			<trkpt lat="46.7176339244" lon="8.1893347835">
				<ele>630.2</ele>
			</trkpt>
			<trkpt lat="46.7176404154" lon="8.1892989298">
				<ele>630.7</ele>
			</trkpt>
			<trkpt lat="46.7176460501" lon="8.1892703642">
				<ele>631.1</ele>
			</trkpt>
			<trkpt lat="46.7176473555" lon="8.1892308554">
				<ele>632.0</ele>
			</trkpt>
			<trkpt lat="46.7176480648" lon="8.1891711119">
				<ele>632.5</ele>
			</trkpt>
			<trkpt lat="46.7176564936" lon="8.1890997498">
				<ele>633.2</ele>
			</trkpt>
			<trkpt lat="46.7176846131" lon="8.1889624130">
				<ele>634.7</ele>
			</trkpt>
			<trkpt lat="46.7177009982" lon="8.1889102002">
				<ele>635.3</ele>
			</trkpt>
			<trkpt lat="46.7177150540" lon="8.1888781814">
				<ele>635.8</ele>
			</trkpt>
			<trkpt lat="46.7177352475" lon="8.1888466376">
				<ele>636.4</ele>
			</trkpt>
			<trkpt lat="46.7177552057" lon="8.1888134683">
				<ele>637.3</ele>
			</trkpt>
			<trkpt lat="46.7177697020" lon="8.1887438637">
				<ele>638.3</ele>
			</trkpt>
			<trkpt lat="46.7177946003" lon="8.1886006826">
				<ele>638.3</ele>
			</trkpt>
			<trkpt lat="46.7178070994" lon="8.1885074451">
				<ele>639.0</ele>
			</trkpt>
			<trkpt lat="46.7178073323" lon="8.1884519738">
				<ele>639.2</ele>
			</trkpt>
			<trkpt lat="46.7178039525" lon="8.1884195273">
				<ele>639.2</ele>
			</trkpt>
			<trkpt lat="46.7177980144" lon="8.1883873582">
				<ele>639.2</ele>
			</trkpt>
			<trkpt lat="46.7177910221" lon="8.1883337919">
				<ele>639.0</ele>
			</trkpt>
			<trkpt lat="46.7177915469" lon="8.1882820035">
				<ele>639.0</ele>
			</trkpt>
			<trkpt lat="46.7178010692" lon="8.1881845348">
				<ele>639.2</ele>
			</trkpt>
			<trkpt lat="46.7178016281" lon="8.1880540057">
				<ele>640.1</ele>
			</trkpt>
			<trkpt lat="46.7177986647" lon="8.1879715063">
				<ele>641.6</ele>
			</trkpt>
			<trkpt lat="46.7178015032" lon="8.1879339284">
				<ele>642.0</ele>
			</trkpt>
			<trkpt lat="46.7178083048" lon="8.1878841495">
				<ele>643.0</ele>
			</trkpt>
			<trkpt lat="46.7178195435" lon="8.1878476334">
				<ele>643.9</ele>
			</trkpt>
			<trkpt lat="46.7178676052" lon="8.1877194372">
				<ele>646.4</ele>
			</trkpt>
			<trkpt lat="46.7179338813" lon="8.1875773791">
				<ele>650.0</ele>
			</trkpt>
			<trkpt lat="46.7179877446" lon="8.1874539571">
				<ele>652.5</ele>
			</trkpt>
			<trkpt lat="46.7180244842" lon="8.1873735861">
				<ele>654.4</ele>
			</trkpt>
			<trkpt lat="46.7180468628" lon="8.1873155863">
				<ele>655.3</ele>
			</trkpt>
			<trkpt lat="46.7180634015" lon="8.1872612416">
				<ele>656.5</ele>
			</trkpt>
			<trkpt lat="46.7180715185" lon="8.1872077572">
				<ele>657.7</ele>
			</trkpt>
			<trkpt lat="46.7180770998" lon="8.1871457433">
				<ele>659.8</ele>
			</trkpt>
			<trkpt lat="46.7180800033" lon="8.1870968614">
				<ele>661.5</ele>
			</trkpt>
			<trkpt lat="46.7180804471" lon="8.1870690969">
				<ele>661.8</ele>
			</trkpt>
			<trkpt lat="46.7180811039" lon="8.1870282070">
				<ele>662.3</ele>
			</trkpt>
			<trkpt lat="46.7180931690" lon="8.1869902203">
				<ele>662.5</ele>
			</trkpt>
			<trkpt lat="46.7180362662" lon="8.1869945339">
				<ele>663.1</ele>
			</trkpt>
			<trkpt lat="46.7179825811" lon="8.1870145458">
				<ele>664.7</ele>
			</trkpt>
			<trkpt lat="46.7178559482" lon="8.1870889307">
				<ele>667.2</ele>
			</trkpt>
			<trkpt lat="46.7177615871" lon="8.1871412564">
				<ele>669.2</ele>
			</trkpt>
			<trkpt lat="46.7176731474" lon="8.1871988630">
				<ele>671.7</ele>
			</trkpt>
			<trkpt lat="46.7176433055" lon="8.1872054103">
				<ele>672.5</ele>
			</trkpt>
			<trkpt lat="46.7175014000" lon="8.1873968534">
				<ele>674.9</ele>
			</trkpt>
			<trkpt lat="46.7172768530" lon="8.1876980194">
				<ele>678.6</ele>
			</trkpt>
			<trkpt lat="46.7172348603" lon="8.1877475328">
				<ele>679.4</ele>
			</trkpt>
			<trkpt lat="46.7171091853" lon="8.1878685949">
				<ele>681.5</ele>
			</trkpt>
			<trkpt lat="46.7169554605" lon="8.1879948487">
				<ele>684.0</ele>
			</trkpt>
			<trkpt lat="46.7169295358" lon="8.1880149064">
				<ele>684.6</ele>
			</trkpt>
			<trkpt lat="46.7169098996" lon="8.1880097925">
				<ele>685.0</ele>
			</trkpt>
			<trkpt lat="46.7168944047" lon="8.1879974684">
				<ele>685.3</ele>
			</trkpt>
			<trkpt lat="46.7168344474" lon="8.1880588404">
				<ele>686.5</ele>
			</trkpt>
			<trkpt lat="46.7164237097" lon="8.1882754863">
				<ele>696.9</ele>
			</trkpt>
			<trkpt lat="46.7161846348" lon="8.1883794181">
				<ele>702.0</ele>
			</trkpt>
			<trkpt lat="46.7160691653" lon="8.1884152825">
				<ele>705.8</ele>
			</trkpt>
			<trkpt lat="46.7159050684" lon="8.1884701474">
				<ele>710.6</ele>
			</trkpt>
			<trkpt lat="46.7157620346" lon="8.1885041530">
				<ele>715.1</ele>
			</trkpt>
			<trkpt lat="46.7156664755" lon="8.1885581884">
				<ele>716.7</ele>
			</trkpt>
			<trkpt lat="46.7156055930" lon="8.1885518114">
				<ele>718.3</ele>
			</trkpt>
			<trkpt lat="46.7155161898" lon="8.1885367164">
				<ele>720.7</ele>
			</trkpt>
			<trkpt lat="46.7154495341" lon="8.1885385615">
				<ele>722.9</ele>
			</trkpt>
			<trkpt lat="46.7153807721" lon="8.1885708275">
				<ele>725.0</ele>
			</trkpt>
			<trkpt lat="46.7153274967" lon="8.1885645563">
				<ele>726.8</ele>
			</trkpt>
			<trkpt lat="46.7152688027" lon="8.1885139075">
				<ele>729.3</ele>
			</trkpt>
			<trkpt lat="46.7152061414" lon="8.1884881169">
				<ele>731.6</ele>
			</trkpt>
			<trkpt lat="46.7151551760" lon="8.1885046260">
				<ele>732.6</ele>
			</trkpt>
			<trkpt lat="46.7151259359" lon="8.1885198469">
				<ele>733.6</ele>
			</trkpt>
			<trkpt lat="46.7151114035" lon="8.1885134438">
				<ele>733.6</ele>
			</trkpt>
			<trkpt lat="46.7151009261" lon="8.1884956016">
				<ele>734.0</ele>
			</trkpt>
			<trkpt lat="46.7150584761" lon="8.1883874082">
				<ele>735.3</ele>
			</trkpt>
			<trkpt lat="46.7150114427" lon="8.1883243153">
				<ele>737.2</ele>
			</trkpt>
			<trkpt lat="46.7149564284" lon="8.1882417419">
				<ele>739.6</ele>
			</trkpt>
			<trkpt lat="46.7148901873" lon="8.1881537632">
				<ele>742.1</ele>
			</trkpt>
			<trkpt lat="46.7148590732" lon="8.1880931974">
				<ele>744.2</ele>
			</trkpt>
			<trkpt lat="46.7148446711" lon="8.1880616086">
				<ele>745.8</ele>
			</trkpt>
			<trkpt lat="46.7148296290" lon="8.1879963934">
				<ele>746.5</ele>
			</trkpt>
			<trkpt lat="46.7147819504" lon="8.1878950766">
				<ele>748.2</ele>
			</trkpt>
			<trkpt lat="46.7147500262" lon="8.1878427956">
				<ele>750.2</ele>
			</trkpt>
			<trkpt lat="46.7147084450" lon="8.1877333253">
				<ele>752.4</ele>
			</trkpt>
			<trkpt lat="46.7146912720" lon="8.1876500971">
				<ele>754.0</ele>
			</trkpt>
			<trkpt lat="46.7146589970" lon="8.1875241137">
				<ele>756.6</ele>
			</trkpt>
			<trkpt lat="46.7146451032" lon="8.1875034144">
				<ele>758.0</ele>
			</trkpt>
			<trkpt lat="46.7146276949" lon="8.1874974826">
				<ele>758.5</ele>
			</trkpt>
			<trkpt lat="46.7146102727" lon="8.1874950311">
				<ele>758.8</ele>
			</trkpt>
			<trkpt lat="46.7145579816" lon="8.1874900328">
				<ele>760.1</ele>
			</trkpt>
			<trkpt lat="46.7144455819" lon="8.1874892259">
				<ele>762.9</ele>
			</trkpt>
			<trkpt lat="46.7144193892" lon="8.1874925536">
				<ele>764.4</ele>
			</trkpt>
			<trkpt lat="46.7143960308" lon="8.1874937429">
				<ele>764.3</ele>
			</trkpt>
			<trkpt lat="46.7143063510" lon="8.1875207507">
				<ele>766.3</ele>
			</trkpt>
			<trkpt lat="46.7142375893" lon="8.1875530173">
				<ele>768.0</ele>
			</trkpt>
			<trkpt lat="46.7141821892" lon="8.1875813247">
				<ele>769.2</ele>
			</trkpt>
			<trkpt lat="46.7141238346" lon="8.1876234235">
				<ele>770.6</ele>
			</trkpt>
			<trkpt lat="46.7140288475" lon="8.1877148389">
				<ele>772.5</ele>
			</trkpt>
			<trkpt lat="46.7139945302" lon="8.1877273072">
				<ele>773.0</ele>
			</trkpt>
			<trkpt lat="46.7139419452" lon="8.1877322799">
				<ele>774.1</ele>
			</trkpt>
			<trkpt lat="46.7139107754" lon="8.1877283154">
				<ele>775.0</ele>
			</trkpt>
			<trkpt lat="46.7138743365" lon="8.1876959615">
				<ele>776.1</ele>
			</trkpt>
			<trkpt lat="46.7138504870" lon="8.1876568789">
				<ele>777.5</ele>
			</trkpt>
			<trkpt lat="46.7138109325" lon="8.1875143328">
				<ele>779.6</ele>
			</trkpt>
			<trkpt lat="46.7137433107" lon="8.1873568752">
				<ele>783.3</ele>
			</trkpt>
			<trkpt lat="46.7137257691" lon="8.1873284368">
				<ele>784.5</ele>
			</trkpt>
			<trkpt lat="46.7137152986" lon="8.1873028107">
				<ele>785.1</ele>
			</trkpt>
			<trkpt lat="46.7137069516" lon="8.1872481059">
				<ele>785.9</ele>
			</trkpt>
			<trkpt lat="46.7137054180" lon="8.1871899768">
				<ele>787.1</ele>
			</trkpt>
			<trkpt lat="46.7137010452" lon="8.1871535022">
				<ele>787.9</ele>
			</trkpt>
			<trkpt lat="46.7136804960" lon="8.1871295306">
				<ele>788.1</ele>
			</trkpt>
			<trkpt lat="46.7136620904" lon="8.1870868328">
				<ele>788.9</ele>
			</trkpt>
			<trkpt lat="46.7136598691" lon="8.1870598523">
				<ele>789.4</ele>
			</trkpt>
			<trkpt lat="46.7136528566" lon="8.1870387446">
				<ele>790.1</ele>
			</trkpt>
			<trkpt lat="46.7136352169" lon="8.1870399560">
				<ele>790.5</ele>
			</trkpt>
			<trkpt lat="46.7136251197" lon="8.1870270499">
				<ele>790.5</ele>
			</trkpt>
			<trkpt lat="46.7136221589" lon="8.1870110243">
				<ele>790.5</ele>
			</trkpt>
			<trkpt lat="46.7136634661" lon="8.1869387376">
				<ele>791.4</ele>
			</trkpt>
			<trkpt lat="46.7136591279" lon="8.1869063569">
				<ele>791.9</ele>
			</trkpt>
			<trkpt lat="46.7136892451" lon="8.1868578375">
				<ele>791.6</ele>
			</trkpt>
			<trkpt lat="46.7137112195" lon="8.1868279421">
				<ele>791.4</ele>
			</trkpt>
			<trkpt lat="46.7137326150" lon="8.1867925337">
				<ele>791.2</ele>
			</trkpt>
			<trkpt lat="46.7137452239" lon="8.1866220507">
				<ele>791.9</ele>
			</trkpt>
			<trkpt lat="46.7137534103" lon="8.1864869178">
				<ele>793.0</ele>
			</trkpt>
			<trkpt lat="46.7137820958" lon="8.1862694891">
				<ele>795.5</ele>
			</trkpt>
			<trkpt lat="46.7137836611" lon="8.1862169717">
				<ele>795.8</ele>
			</trkpt>
			<trkpt lat="46.7137821913" lon="8.1861758307">
				<ele>796.0</ele>
			</trkpt>
			<trkpt lat="46.7137695628" lon="8.1861336091">
				<ele>796.2</ele>
			</trkpt>
			<trkpt lat="46.7137495306" lon="8.1860843367">
				<ele>796.6</ele>
			</trkpt>
			<trkpt lat="46.7136997608" lon="8.1859908497">
				<ele>797.3</ele>
			</trkpt>
			<trkpt lat="46.7136675149" lon="8.1859124534">
				<ele>798.1</ele>
			</trkpt>
			<trkpt lat="46.7136517004" lon="8.1858509719">
				<ele>798.6</ele>
			</trkpt>
			<trkpt lat="46.7136270779" lon="8.1857648199">
				<ele>799.3</ele>
			</trkpt>
			<trkpt lat="46.7136189400" lon="8.1856928437">
				<ele>800.5</ele>
			</trkpt>
			<trkpt lat="46.7136206806" lon="8.1856229074">
				<ele>801.5</ele>
			</trkpt>
			<trkpt lat="46.7136770053" lon="8.1854627112">
				<ele>804.7</ele>
			</trkpt>
			<trkpt lat="46.7136867876" lon="8.1854190694">
				<ele>805.8</ele>
			</trkpt>
			<trkpt lat="46.7136963885" lon="8.1853535078">
				<ele>806.6</ele>
			</trkpt>
			<trkpt lat="46.7137071117" lon="8.1852667851">
				<ele>807.2</ele>
			</trkpt>
			<trkpt lat="46.7137149631" lon="8.1852027447">
				<ele>807.3</ele>
			</trkpt>
			<trkpt lat="46.7137256898" lon="8.1851557440">
				<ele>807.8</ele>
			</trkpt>
			<trkpt lat="46.7137535668" lon="8.1850869931">
				<ele>808.8</ele>
			</trkpt>
			<trkpt lat="46.7138165895" lon="8.1849797981">
				<ele>810.5</ele>
			</trkpt>
			<trkpt lat="46.7138401208" lon="8.1849307201">
				<ele>811.2</ele>
			</trkpt>
			<trkpt lat="46.7138393539" lon="8.1848935164">
				<ele>812.1</ele>
			</trkpt>
			<trkpt lat="46.7138300568" lon="8.1847851227">
				<ele>814.3</ele>
			</trkpt>
			<trkpt lat="46.7138301689" lon="8.1846847142">
				<ele>815.9</ele>
			</trkpt>
			<trkpt lat="46.7138301828" lon="8.1846449796">
				<ele>816.2</ele>
			</trkpt>
			<trkpt lat="46.7138237072" lon="8.1846102067">
				<ele>816.2</ele>
			</trkpt>
			<trkpt lat="46.7138076635" lon="8.1845568071">
				<ele>816.1</ele>
			</trkpt>
			<trkpt lat="46.7137920436" lon="8.1845165050">
				<ele>816.1</ele>
			</trkpt>
			<trkpt lat="46.7137870371" lon="8.1844612783">
				<ele>821.3</ele>
			</trkpt>
			<trkpt lat="46.7137839118" lon="8.1843937651">
				<ele>823.4</ele>
			</trkpt>
			<trkpt lat="46.7137867448" lon="8.1843245909">
				<ele>824.7</ele>
			</trkpt>
			<trkpt lat="46.7137751475" lon="8.1842777092">
				<ele>824.6</ele>
			</trkpt>
			<trkpt lat="46.7137612915" lon="8.1842134963">
				<ele>824.4</ele>
			</trkpt>
			<trkpt lat="46.7137653780" lon="8.1841339683">
				<ele>824.8</ele>
			</trkpt>
			<trkpt lat="46.7137955375" lon="8.1840720878">
				<ele>825.1</ele>
			</trkpt>
			<trkpt lat="46.7138261758" lon="8.1839880092">
				<ele>826.6</ele>
			</trkpt>
			<trkpt lat="46.7138589283" lon="8.1839111122">
				<ele>829.1</ele>
			</trkpt>
			<trkpt lat="46.7138992698" lon="8.1838478332">
				<ele>831.0</ele>
			</trkpt>
			<trkpt lat="46.7139040035" lon="8.1838424614">
				<ele>831.3</ele>
			</trkpt>
			<trkpt lat="46.7139320086" lon="8.1838106708">
				<ele>832.9</ele>
			</trkpt>
			<trkpt lat="46.7139540656" lon="8.1837760556">
				<ele>833.5</ele>
			</trkpt>
			<trkpt lat="46.7139624195" lon="8.1837506262">
				<ele>833.9</ele>
			</trkpt>
			<trkpt lat="46.7139627996" lon="8.1837287396">
				<ele>834.4</ele>
			</trkpt>
			<trkpt lat="46.7139589874" lon="8.1837044641">
				<ele>834.9</ele>
			</trkpt>
			<trkpt lat="46.7139545106" lon="8.1836702808">
				<ele>835.2</ele>
			</trkpt>
			<trkpt lat="46.7139475420" lon="8.1836477243">
				<ele>835.2</ele>
			</trkpt>
			<trkpt lat="46.7139445720" lon="8.1836289973">
				<ele>835.3</ele>
			</trkpt>
			<trkpt lat="46.7139375733" lon="8.1836191169">
				<ele>835.5</ele>
			</trkpt>
			<trkpt lat="46.7139208952" lon="8.1836116638">
				<ele>835.8</ele>
			</trkpt>
			<trkpt lat="46.7138976851" lon="8.1836170334">
				<ele>836.2</ele>
			</trkpt>
			<trkpt lat="46.7138747898" lon="8.1836280208">
				<ele>836.6</ele>
			</trkpt>
			<trkpt lat="46.7138587311" lon="8.1836508148">
				<ele>837.1</ele>
			</trkpt>
			<trkpt lat="46.7138296456" lon="8.1836707020">
				<ele>837.9</ele>
			</trkpt>
			<trkpt lat="46.7138100955" lon="8.1836806307">
				<ele>838.3</ele>
			</trkpt>
			<trkpt lat="46.7137917329" lon="8.1836768711">
				<ele>838.5</ele>
			</trkpt>
			<trkpt lat="46.7136999773" lon="8.1836317883">
				<ele>840.1</ele>
			</trkpt>
			<trkpt lat="46.7136707702" lon="8.1836474334">
				<ele>841.9</ele>
			</trkpt>
			<trkpt lat="46.7135639244" lon="8.1837862297">
				<ele>846.7</ele>
			</trkpt>
			<trkpt lat="46.7134671608" lon="8.1840168825">
				<ele>848.8</ele>
			</trkpt>
			<trkpt lat="46.7134064079" lon="8.1842030099">
				<ele>852.2</ele>
			</trkpt>
			<trkpt lat="46.7133179759" lon="8.1842502712">
				<ele>855.6</ele>
			</trkpt>
			<trkpt lat="46.7131911385" lon="8.1843454529">
				<ele>861.4</ele>
			</trkpt>
			<trkpt lat="46.7132278285" lon="8.1841970869">
				<ele>868.1</ele>
			</trkpt>
			<trkpt lat="46.7132668851" lon="8.1840522019">
				<ele>867.5</ele>
			</trkpt>
			<trkpt lat="46.7133226731" lon="8.1838971642">
				<ele>872.5</ele>
			</trkpt>
			<trkpt lat="46.7132195825" lon="8.1840030266">
				<ele>872.6</ele>
			</trkpt>
			<trkpt lat="46.7131773961" lon="8.1840837708">
				<ele>877.2</ele>
			</trkpt>
			<trkpt lat="46.7131232452" lon="8.1841764577">
				<ele>887.2</ele>
			</trkpt>
			<trkpt lat="46.7130643020" lon="8.1842725265">
				<ele>888.3</ele>
			</trkpt>
			<trkpt lat="46.7130022785" lon="8.1842941674">
				<ele>891.4</ele>
			</trkpt>
			<trkpt lat="46.7128937596" lon="8.1843272735">
				<ele>894.2</ele>
			</trkpt>
			<trkpt lat="46.7127890954" lon="8.1843217332">
				<ele>897.7</ele>
			</trkpt>
			<trkpt lat="46.7127373248" lon="8.1843472771">
				<ele>899.1</ele>
			</trkpt>
			<trkpt lat="46.7126995569" lon="8.1844011514">
				<ele>899.1</ele>
			</trkpt>
			<trkpt lat="46.7126605101" lon="8.1844531177">
				<ele>901.3</ele>
			</trkpt>
			<trkpt lat="46.7126137453" lon="8.1845031125">
				<ele>901.7</ele>
			</trkpt>
			<trkpt lat="46.7125632170" lon="8.1845361705">
				<ele>902.8</ele>
			</trkpt>
			<trkpt lat="46.7125024319" lon="8.1845578535">
				<ele>904.4</ele>
			</trkpt>
			<trkpt lat="46.7124429925" lon="8.1845739034">
				<ele>905.7</ele>
			</trkpt>
			<trkpt lat="46.7123976977" lon="8.1845938976">
				<ele>905.2</ele>
			</trkpt>
			<trkpt lat="46.7123640122" lon="8.1846159425">
				<ele>905.5</ele>
			</trkpt>
			<trkpt lat="46.7123277194" lon="8.1846416999">
				<ele>906.0</ele>
			</trkpt>
			<trkpt lat="46.7122886320" lon="8.1847011942">
				<ele>906.0</ele>
			</trkpt>
			<trkpt lat="46.7122392513" lon="8.1847549009">
				<ele>907.8</ele>
			</trkpt>
			<trkpt lat="46.7122105713" lon="8.1848013901">
				<ele>908.8</ele>
			</trkpt>
			<trkpt lat="46.7121869408" lon="8.1848629563">
				<ele>909.3</ele>
			</trkpt>
			<trkpt lat="46.7121555065" lon="8.1849356666">
				<ele>910.8</ele>
			</trkpt>
			<trkpt lat="46.7121293914" lon="8.1849822040">
				<ele>912.6</ele>
			</trkpt>
			<trkpt lat="46.7120866599" lon="8.1850078655">
				<ele>914.9</ele>
			</trkpt>
			<trkpt lat="46.7119994222" lon="8.1850256058">
				<ele>916.8</ele>
			</trkpt>
			<trkpt lat="46.7119749600" lon="8.1848799419">
				<ele>919.7</ele>
			</trkpt>
			<trkpt lat="46.7119711648" lon="8.1848465168">
				<ele>920.4</ele>
			</trkpt>
			<trkpt lat="46.7119749600" lon="8.1848799419">
				<ele>919.7</ele>
			</trkpt>
			<trkpt lat="46.7119994222" lon="8.1850256058">
				<ele>916.8</ele>
			</trkpt>
			<trkpt lat="46.7120548016" lon="8.1852003707">
				<ele>914.1</ele>
			</trkpt>
			<trkpt lat="46.7120839211" lon="8.1853216028">
				<ele>912.4</ele>
			</trkpt>
			<trkpt lat="46.7120866493" lon="8.1854134645">
				<ele>911.3</ele>
			</trkpt>
			<trkpt lat="46.7120757844" lon="8.1855486395">
				<ele>910.1</ele>
			</trkpt>
			<trkpt lat="46.7120320048" lon="8.1856350295">
				<ele>906.8</ele>
			</trkpt>
			<trkpt lat="46.7119652318" lon="8.1856776060">
				<ele>907.2</ele>
			</trkpt>
			<trkpt lat="46.7118851997" lon="8.1857151583">
				<ele>903.9</ele>
			</trkpt>
			<trkpt lat="46.7117685760" lon="8.1857570252">
				<ele>900.4</ele>
			</trkpt>
			<trkpt lat="46.7116853817" lon="8.1857703755">
				<ele>898.1</ele>
			</trkpt>
			<trkpt lat="46.7116218111" lon="8.1858323389">
				<ele>895.9</ele>
			</trkpt>
			<trkpt lat="46.7115412812" lon="8.1859472173">
				<ele>892.8</ele>
			</trkpt>
			<trkpt lat="46.7114575399" lon="8.1860427079">
				<ele>889.8</ele>
			</trkpt>
			<trkpt lat="46.7114303798" lon="8.1861293269">
				<ele>887.1</ele>
			</trkpt>
			<trkpt lat="46.7113994700" lon="8.1862787117">
				<ele>882.2</ele>
			</trkpt>
			<trkpt lat="46.7113583943" lon="8.1864618009">
				<ele>878.1</ele>
			</trkpt>
			<trkpt lat="46.7113310984" lon="8.1865677476">
				<ele>876.1</ele>
			</trkpt>
			<trkpt lat="46.7113105876" lon="8.1866544582">
				<ele>874.6</ele>
			</trkpt>
			<trkpt lat="46.7113233307" lon="8.1867367829">
				<ele>872.7</ele>
			</trkpt>
			<trkpt lat="46.7113460702" lon="8.1868192657">
				<ele>870.4</ele>
			</trkpt>
			<trkpt lat="46.7113857376" lon="8.1868536546">
				<ele>868.4</ele>
			</trkpt>
			<trkpt lat="46.7114255003" lon="8.1868735299">
				<ele>866.5</ele>
			</trkpt>
			<trkpt lat="46.7114952455" lon="8.1868841655">
				<ele>865.3</ele>
			</trkpt>
			<trkpt lat="46.7115981583" lon="8.1869049231">
				<ele>861.4</ele>
			</trkpt>
			<trkpt lat="46.7116745761" lon="8.1869108236">
				<ele>859.7</ele>
			</trkpt>
			<trkpt lat="46.7117341610" lon="8.1869503234">
				<ele>858.7</ele>
			</trkpt>
			<trkpt lat="46.7118035488" lon="8.1870140981">
				<ele>856.1</ele>
			</trkpt>
			<trkpt lat="46.7118428443" lon="8.1871064796">
				<ele>855.2</ele>
			</trkpt>
			<trkpt lat="46.7118425272" lon="8.1871548041">
				<ele>854.1</ele>
			</trkpt>
			<trkpt lat="46.7118186552" lon="8.1872462964">
				<ele>852.0</ele>
			</trkpt>
			<trkpt lat="46.7117817690" lon="8.1872941198">
				<ele>850.7</ele>
			</trkpt>
			<trkpt lat="46.7117282948" lon="8.1873368659">
				<ele>849.4</ele>
			</trkpt>
			<trkpt lat="46.7116683468" lon="8.1873553769">
				<ele>847.4</ele>
			</trkpt>
			<trkpt lat="46.7116150946" lon="8.1873642997">
				<ele>846.5</ele>
			</trkpt>
			<trkpt lat="46.7115616291" lon="8.1874070586">
				<ele>844.7</ele>
			</trkpt>
			<trkpt lat="46.7115246795" lon="8.1874645299">
				<ele>843.5</ele>
			</trkpt>
			<trkpt lat="46.7115043496" lon="8.1875222509">
				<ele>842.5</ele>
			</trkpt>
			<trkpt lat="46.7114873577" lon="8.1875800183">
				<ele>841.9</ele>
			</trkpt>
			<trkpt lat="46.7114902341" lon="8.1876477042">
				<ele>841.2</ele>
			</trkpt>
			<trkpt lat="46.7114995925" lon="8.1877396572">
				<ele>841.4</ele>
			</trkpt>
			<trkpt lat="46.7115155456" lon="8.1878413891">
				<ele>840.3</ele>
			</trkpt>
			<trkpt lat="46.7115315623" lon="8.1879334347">
				<ele>838.1</ele>
			</trkpt>
			<trkpt lat="46.7115376494" lon="8.1880205019">
				<ele>835.9</ele>
			</trkpt>
			<trkpt lat="46.7115405165" lon="8.1880882132">
				<ele>834.8</ele>
			</trkpt>
			<trkpt lat="46.7115533167" lon="8.1881657054">
				<ele>833.5</ele>
			</trkpt>
			<trkpt lat="46.7115726853" lon="8.1882529891">
				<ele>832.0</ele>
			</trkpt>
			<trkpt lat="46.7115688162" lon="8.1883350774">
				<ele>830.8</ele>
			</trkpt>
			<trkpt lat="46.7115572716" lon="8.1885236529">
				<ele>828.1</ele>
			</trkpt>
			<trkpt lat="46.7114903789" lon="8.1885601269">
				<ele>829.4</ele>
			</trkpt>
			<trkpt lat="46.7114718913" lon="8.1885755962">
				<ele>829.6</ele>
			</trkpt>
			<trkpt lat="46.7114903789" lon="8.1885601269">
				<ele>829.4</ele>
			</trkpt>
			<trkpt lat="46.7115572716" lon="8.1885236529">
				<ele>828.1</ele>
			</trkpt>
			<trkpt lat="46.7115458858" lon="8.1886105602">
				<ele>827.6</ele>
			</trkpt>
			<trkpt lat="46.7115146613" lon="8.1887298174">
				<ele>825.5</ele>
			</trkpt>
			<trkpt lat="46.7114868760" lon="8.1888256986">
				<ele>825.1</ele>
			</trkpt>
			<trkpt lat="46.7114447514" lon="8.1889592871">
				<ele>823.9</ele>
			</trkpt>
			<trkpt lat="46.7113982043" lon="8.1891054134">
				<ele>823.2</ele>
			</trkpt>
			<trkpt lat="46.7113560945" lon="8.1892326859">
				<ele>822.1</ele>
			</trkpt>
			<trkpt lat="46.7113337949" lon="8.1893239047">
				<ele>821.4</ele>
			</trkpt>
			<trkpt lat="46.7113279196" lon="8.1893917050">
				<ele>821.1</ele>
			</trkpt>
			<trkpt lat="46.7113262695" lon="8.1894768954">
				<ele>820.6</ele>
			</trkpt>
			<trkpt lat="46.7113320913" lon="8.1895827332">
				<ele>820.4</ele>
			</trkpt>
			<trkpt lat="46.7113366695" lon="8.1897106363">
				<ele>819.7</ele>
			</trkpt>
			<trkpt lat="46.7113305117" lon="8.1898226037">
				<ele>819.9</ele>
			</trkpt>
			<trkpt lat="46.7113134564" lon="8.1899391706">
				<ele>820.9</ele>
			</trkpt>
			<trkpt lat="46.7112954991" lon="8.1900272885">
				<ele>819.9</ele>
			</trkpt>
			<trkpt lat="46.7112591569" lon="8.1901056991">
				<ele>820.8</ele>
			</trkpt>
			<trkpt lat="46.7111808550" lon="8.1902924235">
				<ele>821.0</ele>
			</trkpt>
			<trkpt lat="46.7111289847" lon="8.1904195395">
				<ele>819.8</ele>
			</trkpt>
			<trkpt lat="46.7110945399" lon="8.1905405953">
				<ele>818.5</ele>
			</trkpt>
			<trkpt lat="46.7110962741" lon="8.1906053466">
				<ele>817.9</ele>
			</trkpt>
			<trkpt lat="46.7111075044" lon="8.1907128240">
				<ele>816.5</ele>
			</trkpt>
			<trkpt lat="46.7111132819" lon="8.1908265412">
				<ele>816.4</ele>
			</trkpt>
			<trkpt lat="46.7111180981" lon="8.1909181562">
				<ele>816.3</ele>
			</trkpt>
			<trkpt lat="46.7111199995" lon="8.1910454339">
				<ele>816.4</ele>
			</trkpt>
			<trkpt lat="46.7111343705" lon="8.1911162302">
				<ele>816.5</ele>
			</trkpt>
			<trkpt lat="46.7111551498" lon="8.1911983870">
				<ele>816.6</ele>
			</trkpt>
			<trkpt lat="46.7111598484" lon="8.1912398713">
				<ele>816.6</ele>
			</trkpt>
			<trkpt lat="46.7111486965" lon="8.1913376111">
				<ele>816.7</ele>
			</trkpt>
			<trkpt lat="46.7111144749" lon="8.1914659623">
				<ele>816.7</ele>
			</trkpt>
			<trkpt lat="46.7110900738" lon="8.1916091186">
				<ele>816.7</ele>
			</trkpt>
			<trkpt lat="46.7110712040" lon="8.1917247970">
				<ele>816.1</ele>
			</trkpt>
			<trkpt lat="46.7110697612" lon="8.1917490622">
				<ele>815.9</ele>
			</trkpt>
			<trkpt lat="46.7110715135" lon="8.1917630781">
				<ele>815.7</ele>
			</trkpt>
			<trkpt lat="46.7110941253" lon="8.1918191105">
				<ele>815.1</ele>
			</trkpt>
			<trkpt lat="46.7111941207" lon="8.1920433611">
				<ele>813.2</ele>
			</trkpt>
			<trkpt lat="46.7112556402" lon="8.1921820468">
				<ele>811.3</ele>
			</trkpt>
			<trkpt lat="46.7112684043" lon="8.1922193718">
				<ele>810.9</ele>
			</trkpt>
			<trkpt lat="46.7112766815" lon="8.1922483644">
				<ele>810.4</ele>
			</trkpt>
			<trkpt lat="46.7112652579" lon="8.1923379074">
				<ele>809.0</ele>
			</trkpt>
			<trkpt lat="46.7112423998" lon="8.1924973246">
				<ele>807.4</ele>
			</trkpt>
			<trkpt lat="46.7112359772" lon="8.1925692038">
				<ele>806.8</ele>
			</trkpt>
			<trkpt lat="46.7112489278" lon="8.1926287991">
				<ele>805.7</ele>
			</trkpt>
			<trkpt lat="46.7112397349" lon="8.1927223899">
				<ele>805.5</ele>
			</trkpt>
			<trkpt lat="46.7112661555" lon="8.1928971770">
				<ele>803.6</ele>
			</trkpt>
			<trkpt lat="46.7112640297" lon="8.1929954516">
				<ele>803.0</ele>
			</trkpt>
			<trkpt lat="46.7112540108" lon="8.1930943312">
				<ele>802.5</ele>
			</trkpt>
			<trkpt lat="46.7112253192" lon="8.1932111109">
				<ele>802.1</ele>
			</trkpt>
			<trkpt lat="46.7111965506" lon="8.1932678493">
				<ele>802.0</ele>
			</trkpt>
			<trkpt lat="46.7111424192" lon="8.1934520399">
				<ele>800.1</ele>
			</trkpt>
			<trkpt lat="46.7111292137" lon="8.1935120036">
				<ele>798.5</ele>
			</trkpt>
			<trkpt lat="46.7111152879" lon="8.1935852208">
				<ele>797.6</ele>
			</trkpt>
			<trkpt lat="46.7110976397" lon="8.1936792931">
				<ele>796.0</ele>
			</trkpt>
			<trkpt lat="46.7110909343" lon="8.1936982419">
				<ele>795.6</ele>
			</trkpt>
			<trkpt lat="46.7110836172" lon="8.1937445647">
				<ele>795.4</ele>
			</trkpt>
			<trkpt lat="46.7110590523" lon="8.1938416948">
				<ele>794.3</ele>
			</trkpt>
			<trkpt lat="46.7110385751" lon="8.1939171956">
				<ele>794.0</ele>
			</trkpt>
			<trkpt lat="46.7110141245" lon="8.1940010124">
				<ele>793.3</ele>
			</trkpt>
			<trkpt lat="46.7109947122" lon="8.1940563232">
				<ele>793.1</ele>
			</trkpt>
			<trkpt lat="46.7109204290" lon="8.1942003695">
				<ele>792.9</ele>
			</trkpt>
			<trkpt lat="46.7108873727" lon="8.1942597419">
				<ele>792.9</ele>
			</trkpt>
			<trkpt lat="46.7108656712" lon="8.1943144584">
				<ele>793.0</ele>
			</trkpt>
			<trkpt lat="46.7108480663" lon="8.1943554963">
				<ele>793.0</ele>
			</trkpt>
			<trkpt lat="46.7108389924" lon="8.1943977712">
				<ele>792.3</ele>
			</trkpt>
			<trkpt lat="46.7108278802" lon="8.1944705417">
				<ele>791.5</ele>
			</trkpt>
			<trkpt lat="46.7108136118" lon="8.1945423358">
				<ele>790.8</ele>
			</trkpt>
			<trkpt lat="46.7107887404" lon="8.1946405590">
				<ele>789.5</ele>
			</trkpt>
			<trkpt lat="46.7107504415" lon="8.1947883651">
				<ele>787.6</ele>
			</trkpt>
			<trkpt lat="46.7107293415" lon="8.1948636328">
				<ele>787.0</ele>
			</trkpt>
			<trkpt lat="46.7107066341" lon="8.1949454746">
				<ele>786.6</ele>
			</trkpt>
			<trkpt lat="46.7106858067" lon="8.1950180385">
				<ele>785.5</ele>
			</trkpt>
			<trkpt lat="46.7106685309" lon="8.1950756326">
				<ele>785.0</ele>
			</trkpt>
			<trkpt lat="46.7106449137" lon="8.1951356921">
				<ele>784.4</ele>
			</trkpt>
			<trkpt lat="46.7106208473" lon="8.1951826608">
				<ele>784.4</ele>
			</trkpt>
			<trkpt lat="46.7106040723" lon="8.1952058103">
				<ele>784.6</ele>
			</trkpt>
			<trkpt lat="46.7105899851" lon="8.1952621464">
				<ele>783.9</ele>
			</trkpt>
			<trkpt lat="46.7105685555" lon="8.1953036218">
				<ele>783.4</ele>
			</trkpt>
			<trkpt lat="46.7105520298" lon="8.1953262640">
				<ele>783.2</ele>
			</trkpt>
			<trkpt lat="46.7105286588" lon="8.1953836192">
				<ele>782.4</ele>
			</trkpt>
			<trkpt lat="46.7105017559" lon="8.1954343793">
				<ele>781.8</ele>
			</trkpt>
			<trkpt lat="46.7104678037" lon="8.1955174484">
				<ele>781.1</ele>
			</trkpt>
			<trkpt lat="46.7104232551" lon="8.1956047557">
				<ele>780.1</ele>
			</trkpt>
			<trkpt lat="46.7103748938" lon="8.1957237723">
				<ele>778.9</ele>
			</trkpt>
			<trkpt lat="46.7103647708" lon="8.1957479920">
				<ele>778.7</ele>
			</trkpt>
			<trkpt lat="46.7103511305" lon="8.1957806300">
				<ele>778.4</ele>
			</trkpt>
			<trkpt lat="46.7103360445" lon="8.1958193076">
				<ele>778.0</ele>
			</trkpt>
			<trkpt lat="46.7103356019" lon="8.1958396784">
				<ele>777.8</ele>
			</trkpt>
			<trkpt lat="46.7103236874" lon="8.1958558332">
				<ele>777.9</ele>
			</trkpt>
			<trkpt lat="46.7103058399" lon="8.1958843698">
				<ele>777.9</ele>
			</trkpt>
			<trkpt lat="46.7102470201" lon="8.1960066427">
				<ele>777.2</ele>
			</trkpt>
			<trkpt lat="46.7102004894" lon="8.1961952316">
				<ele>776.8</ele>
			</trkpt>
			<trkpt lat="46.7101773524" lon="8.1963415878">
				<ele>776.3</ele>
			</trkpt>
			<trkpt lat="46.7101620436" lon="8.1964389089">
				<ele>775.9</ele>
			</trkpt>
			<trkpt lat="46.7101421376" lon="8.1965114780">
				<ele>775.5</ele>
			</trkpt>
			<trkpt lat="46.7101031676" lon="8.1965959887">
				<ele>775.4</ele>
			</trkpt>
			<trkpt lat="46.7100750124" lon="8.1966579629">
				<ele>775.3</ele>
			</trkpt>
			<trkpt lat="46.7100499498" lon="8.1967331095">
				<ele>775.5</ele>
			</trkpt>
			<trkpt lat="46.7100075692" lon="8.1968443411">
				<ele>775.5</ele>
			</trkpt>
			<trkpt lat="46.7099834482" lon="8.1969126231">
				<ele>775.4</ele>
			</trkpt>
			<trkpt lat="46.7099646957" lon="8.1969517149">
				<ele>775.3</ele>
			</trkpt>
			<trkpt lat="46.7099465506" lon="8.1969813643">
				<ele>775.3</ele>
			</trkpt>
			<trkpt lat="46.7099151665" lon="8.1970255338">
				<ele>775.4</ele>
			</trkpt>
			<trkpt lat="46.7098382226" lon="8.1971107042">
				<ele>775.6</ele>
			</trkpt>
			<trkpt lat="46.7097850243" lon="8.1971774469">
				<ele>775.9</ele>
			</trkpt>
			<trkpt lat="46.7097387660" lon="8.1972402386">
				<ele>776.1</ele>
			</trkpt>
			<trkpt lat="46.7097103242" lon="8.1972950686">
				<ele>776.1</ele>
			</trkpt>
			<trkpt lat="46.7096701658" lon="8.1973983419">
				<ele>776.1</ele>
			</trkpt>
			<trkpt lat="46.7095908036" lon="8.1977095947">
				<ele>777.1</ele>
			</trkpt>
			<trkpt lat="46.7095803203" lon="8.1977720333">
				<ele>776.9</ele>
			</trkpt>
			<trkpt lat="46.7095785364" lon="8.1978565868">
				<ele>777.1</ele>
			</trkpt>
			<trkpt lat="46.7095824584" lon="8.1979483788">
				<ele>777.3</ele>
			</trkpt>
			<trkpt lat="46.7096005310" lon="8.1980431479">
				<ele>777.3</ele>
			</trkpt>
			<trkpt lat="46.7096287889" lon="8.1981703529">
				<ele>777.3</ele>
			</trkpt>
			<trkpt lat="46.7096672809" lon="8.1983200585">
				<ele>777.3</ele>
			</trkpt>
			<trkpt lat="46.7096718442" lon="8.1983406017">
				<ele>777.3</ele>
			</trkpt>
			<trkpt lat="46.7096982561" lon="8.1984587069">
				<ele>777.1</ele>
			</trkpt>
			<trkpt lat="46.7097058749" lon="8.1985243061">
				<ele>777.0</ele>
			</trkpt>
			<trkpt lat="46.7097028291" lon="8.1985647933">
				<ele>776.9</ele>
			</trkpt>
			<trkpt lat="46.7096882385" lon="8.1986252392">
				<ele>776.7</ele>
			</trkpt>
			<trkpt lat="46.7095839822" lon="8.1988577743">
				<ele>776.5</ele>
			</trkpt>
			<trkpt lat="46.7094683057" lon="8.1990743877">
				<ele>776.9</ele>
			</trkpt>
			<trkpt lat="46.7094334569" lon="8.1991439793">
				<ele>777.3</ele>
			</trkpt>
			<trkpt lat="46.7093825847" lon="8.1992490409">
				<ele>777.3</ele>
			</trkpt>
			<trkpt lat="46.7093365636" lon="8.1993472294">
				<ele>777.9</ele>
			</trkpt>
			<trkpt lat="46.7093147414" lon="8.1993827964">
				<ele>777.7</ele>
			</trkpt>
			<trkpt lat="46.7092854842" lon="8.1994227284">
				<ele>777.5</ele>
			</trkpt>
			<trkpt lat="46.7092500007" lon="8.1994715444">
				<ele>777.3</ele>
			</trkpt>
			<trkpt lat="46.7092325781" lon="8.1994955068">
				<ele>777.2</ele>
			</trkpt>
			<trkpt lat="46.7092163287" lon="8.1995266630">
				<ele>777.0</ele>
			</trkpt>
			<trkpt lat="46.7092037085" lon="8.1995695243">
				<ele>776.8</ele>
			</trkpt>
			<trkpt lat="46.7091853842" lon="8.1996338311">
				<ele>776.3</ele>
			</trkpt>
			<trkpt lat="46.7091665017" lon="8.1996909527">
				<ele>775.8</ele>
			</trkpt>
			<trkpt lat="46.7091311331" lon="8.1998159890">
				<ele>775.0</ele>
			</trkpt>
			<trkpt lat="46.7091101907" lon="8.1999026724">
				<ele>774.9</ele>
			</trkpt>
			<trkpt lat="46.7091043008" lon="8.1999545875">
				<ele>774.9</ele>
			</trkpt>
			<trkpt lat="46.7091020164" lon="8.2000191205">
				<ele>775.1</ele>
			</trkpt>
			<trkpt lat="46.7091060661" lon="8.2000586282">
				<ele>775.3</ele>
			</trkpt>
			<trkpt lat="46.7091180488" lon="8.2001126026">
				<ele>775.5</ele>
			</trkpt>
			<trkpt lat="46.7091501724" lon="8.2001973402">
				<ele>776.1</ele>
			</trkpt>
			<trkpt lat="46.7091641016" lon="8.2002360934">
				<ele>776.3</ele>
			</trkpt>
			<trkpt lat="46.7091773352" lon="8.2002855965">
				<ele>776.6</ele>
			</trkpt>
			<trkpt lat="46.7091891773" lon="8.2003592881">
				<ele>776.7</ele>
			</trkpt>
			<trkpt lat="46.7092074802" lon="8.2004824000">
				<ele>776.9</ele>
			</trkpt>
			<trkpt lat="46.7092271387" lon="8.2005866808">
				<ele>777.9</ele>
			</trkpt>
			<trkpt lat="46.7092408373" lon="8.2006586107">
				<ele>778.5</ele>
			</trkpt>
			<trkpt lat="46.7092490948" lon="8.2007152213">
				<ele>778.9</ele>
			</trkpt>
			<trkpt lat="46.7092592357" lon="8.2007673757">
				<ele>779.1</ele>
			</trkpt>
			<trkpt lat="46.7092640647" lon="8.2007835805">
				<ele>779.4</ele>
			</trkpt>
			<trkpt lat="46.7092754425" lon="8.2008070744">
				<ele>779.4</ele>
			</trkpt>
			<trkpt lat="46.7093389358" lon="8.2008906977">
				<ele>779.9</ele>
			</trkpt>
			<trkpt lat="46.7093820848" lon="8.2009358922">
				<ele>780.2</ele>
			</trkpt>
			<trkpt lat="46.7094053640" lon="8.2009597587">
				<ele>780.5</ele>
			</trkpt>
			<trkpt lat="46.7094369151" lon="8.2009946681">
				<ele>781.0</ele>
			</trkpt>
			<trkpt lat="46.7094526565" lon="8.2010316912">
				<ele>781.2</ele>
			</trkpt>
			<trkpt lat="46.7094725990" lon="8.2010907724">
				<ele>781.7</ele>
			</trkpt>
			<trkpt lat="46.7094928175" lon="8.2011769137">
				<ele>781.7</ele>
			</trkpt>
			<trkpt lat="46.7095105950" lon="8.2012405109">
				<ele>781.7</ele>
			</trkpt>
			<trkpt lat="46.7095386133" lon="8.2013228929">
				<ele>781.8</ele>
			</trkpt>
			<trkpt lat="46.7095550733" lon="8.2013667399">
				<ele>782.0</ele>
			</trkpt>
			<trkpt lat="46.7095923452" lon="8.2014565517">
				<ele>782.4</ele>
			</trkpt>
			<trkpt lat="46.7096127234" lon="8.2015082638">
				<ele>782.7</ele>
			</trkpt>
			<trkpt lat="46.7096316840" lon="8.2015775167">
				<ele>783.2</ele>
			</trkpt>
			<trkpt lat="46.7096523948" lon="8.2016674841">
				<ele>784.2</ele>
			</trkpt>
			<trkpt lat="46.7096578425" lon="8.2016962393">
				<ele>784.4</ele>
			</trkpt>
			<trkpt lat="46.7096669957" lon="8.2017213114">
				<ele>784.8</ele>
			</trkpt>
			<trkpt lat="46.7096800888" lon="8.2017457558">
				<ele>785.0</ele>
			</trkpt>
			<trkpt lat="46.7096971443" lon="8.2017609716">
				<ele>785.1</ele>
			</trkpt>
			<trkpt lat="46.7097162049" lon="8.2017719373">
				<ele>785.5</ele>
			</trkpt>
			<trkpt lat="46.7097382280" lon="8.2017786729">
				<ele>785.6</ele>
			</trkpt>
			<trkpt lat="46.7097632782" lon="8.2017754703">
				<ele>785.8</ele>
			</trkpt>
			<trkpt lat="46.7097991592" lon="8.2017645602">
				<ele>786.0</ele>
			</trkpt>
			<trkpt lat="46.7098335836" lon="8.2017507751">
				<ele>786.5</ele>
			</trkpt>
			<trkpt lat="46.7099114122" lon="8.2017019714">
				<ele>787.3</ele>
			</trkpt>
			<trkpt lat="46.7099754396" lon="8.2016636430">
				<ele>788.1</ele>
			</trkpt>
			<trkpt lat="46.7100291050" lon="8.2016351744">
				<ele>788.7</ele>
			</trkpt>
			<trkpt lat="46.7100704027" lon="8.2016221952">
				<ele>789.5</ele>
			</trkpt>
			<trkpt lat="46.7101038050" lon="8.2016141043">
				<ele>790.0</ele>
			</trkpt>
			<trkpt lat="46.7101396438" lon="8.2016081998">
				<ele>790.6</ele>
			</trkpt>
			<trkpt lat="46.7102182026" lon="8.2015986274">
				<ele>791.8</ele>
			</trkpt>
			<trkpt lat="46.7102648756" lon="8.2015871482">
				<ele>792.4</ele>
			</trkpt>
			<trkpt lat="46.7103253766" lon="8.2015637760">
				<ele>793.5</ele>
			</trkpt>
			<trkpt lat="46.7103927250" lon="8.2015411841">
				<ele>794.3</ele>
			</trkpt>
			<trkpt lat="46.7104443273" lon="8.2015269391">
				<ele>795.2</ele>
			</trkpt>
			<trkpt lat="46.7105067444" lon="8.2015099990">
				<ele>795.9</ele>
			</trkpt>
			<trkpt lat="46.7105298469" lon="8.2015024775">
				<ele>796.0</ele>
			</trkpt>
			<trkpt lat="46.7105013947" lon="8.2015966298">
				<ele>796.3</ele>
			</trkpt>
			<trkpt lat="46.7104795767" lon="8.2016550962">
				<ele>796.6</ele>
			</trkpt>
			<trkpt lat="46.7104615171" lon="8.2016993689">
				<ele>796.9</ele>
			</trkpt>
			<trkpt lat="46.7104379739" lon="8.2017373187">
				<ele>797.0</ele>
			</trkpt>
			<trkpt lat="46.7104101316" lon="8.2017796779">
				<ele>797.2</ele>
			</trkpt>
			<trkpt lat="46.7103792507" lon="8.2018166427">
				<ele>797.3</ele>
			</trkpt>
			<trkpt lat="46.7103403993" lon="8.2018552762">
				<ele>797.7</ele>
			</trkpt>
			<trkpt lat="46.7103625854" lon="8.2019400486">
				<ele>797.3</ele>
			</trkpt>
			<trkpt lat="46.7103819684" lon="8.2020446027">
				<ele>795.7</ele>
			</trkpt>
			<trkpt lat="46.7103963649" lon="8.2021223875">
				<ele>795.3</ele>
			</trkpt>
			<trkpt lat="46.7104050977" lon="8.2021892490">
				<ele>795.3</ele>
			</trkpt>
			<trkpt lat="46.7104070896" lon="8.2022368322">
				<ele>794.8</ele>
			</trkpt>
			<trkpt lat="46.7104078742" lon="8.2022902285">
				<ele>794.7</ele>
			</trkpt>
			<trkpt lat="46.7104057528" lon="8.2023485903">
				<ele>794.7</ele>
			</trkpt>
			<trkpt lat="46.7103948728" lon="8.2024318474">
				<ele>794.0</ele>
			</trkpt>
			<trkpt lat="46.7103729262" lon="8.2025383199">
				<ele>793.0</ele>
			</trkpt>
			<trkpt lat="46.7103316863" lon="8.2026987409">
				<ele>791.5</ele>
			</trkpt>
			<trkpt lat="46.7102863310" lon="8.2028741161">
				<ele>790.7</ele>
			</trkpt>
			<trkpt lat="46.7102668365" lon="8.2029580876">
				<ele>790.4</ele>
			</trkpt>
			<trkpt lat="46.7102566914" lon="8.2030155116">
				<ele>789.4</ele>
			</trkpt>
			<trkpt lat="46.7102541049" lon="8.2030580043">
				<ele>789.0</ele>
			</trkpt>
			<trkpt lat="46.7102589067" lon="8.2031122940">
				<ele>788.4</ele>
			</trkpt>
			<trkpt lat="46.7102795903" lon="8.2031943570">
				<ele>787.8</ele>
			</trkpt>
			<trkpt lat="46.7103699747" lon="8.2034926027">
				<ele>787.2</ele>
			</trkpt>
			<trkpt lat="46.7104496250" lon="8.2037656777">
				<ele>787.3</ele>
			</trkpt>
			<trkpt lat="46.7104922677" lon="8.2039097588">
				<ele>787.2</ele>
			</trkpt>
			<trkpt lat="46.7105302709" lon="8.2040604730">
				<ele>786.7</ele>
			</trkpt>
			<trkpt lat="46.7105440511" lon="8.2041186198">
				<ele>786.4</ele>
			</trkpt>
			<trkpt lat="46.7105604109" lon="8.2041876973">
				<ele>786.1</ele>
			</trkpt>
			<trkpt lat="46.7105780758" lon="8.2042913919">
				<ele>785.9</ele>
			</trkpt>
			<trkpt lat="46.7105915606" lon="8.2044183801">
				<ele>785.9</ele>
			</trkpt>
			<trkpt lat="46.7106034196" lon="8.2045336592">
				<ele>785.8</ele>
			</trkpt>
			<trkpt lat="46.7106059168" lon="8.2045620924">
				<ele>785.8</ele>
			</trkpt>
			<trkpt lat="46.7106167447" lon="8.2046856777">
				<ele>785.8</ele>
			</trkpt>
			<trkpt lat="46.7106267352" lon="8.2048201262">
				<ele>785.8</ele>
			</trkpt>
			<trkpt lat="46.7106286444" lon="8.2048785517">
				<ele>785.7</ele>
			</trkpt>
			<trkpt lat="46.7106271518" lon="8.2049294191">
				<ele>785.6</ele>
			</trkpt>
			<trkpt lat="46.7106228149" lon="8.2049760506">
				<ele>785.7</ele>
			</trkpt>
			<trkpt lat="46.7106093046" lon="8.2050242505">
				<ele>785.5</ele>
			</trkpt>
			<trkpt lat="46.7105036635" lon="8.2052975183">
				<ele>785.8</ele>
			</trkpt>
			<trkpt lat="46.7104741440" lon="8.2053382745">
				<ele>786.1</ele>
			</trkpt>
			<trkpt lat="46.7104408895" lon="8.2053922855">
				<ele>786.3</ele>
			</trkpt>
			<trkpt lat="46.7104093819" lon="8.2054569473">
				<ele>786.3</ele>
			</trkpt>
			<trkpt lat="46.7103620224" lon="8.2055678595">
				<ele>786.4</ele>
			</trkpt>
			<trkpt lat="46.7103081069" lon="8.2057013095">
				<ele>786.1</ele>
			</trkpt>
			<trkpt lat="46.7102115062" lon="8.2059324549">
				<ele>786.0</ele>
			</trkpt>
			<trkpt lat="46.7101211212" lon="8.2061902654">
				<ele>786.1</ele>
			</trkpt>
			<trkpt lat="46.7100724825" lon="8.2063801883">
				<ele>786.5</ele>
			</trkpt>
			<trkpt lat="46.7099973116" lon="8.2063131537">
				<ele>786.9</ele>
			</trkpt>
			<trkpt lat="46.7099897430" lon="8.2063052765">
				<ele>787.0</ele>
			</trkpt>
			<trkpt lat="46.7099973116" lon="8.2063131537">
				<ele>786.9</ele>
			</trkpt>
			<trkpt lat="46.7100724825" lon="8.2063801883">
				<ele>786.5</ele>
			</trkpt>
			<trkpt lat="46.7102662444" lon="8.2065527819">
				<ele>784.0</ele>
			</trkpt>
			<trkpt lat="46.7103496324" lon="8.2066232675">
				<ele>783.0</ele>
			</trkpt>
			<trkpt lat="46.7104472482" lon="8.2066956672">
				<ele>781.9</ele>
			</trkpt>
			<trkpt lat="46.7104866057" lon="8.2067138779">
				<ele>781.3</ele>
			</trkpt>
			<trkpt lat="46.7105483511" lon="8.2067224583">
				<ele>780.7</ele>
			</trkpt>
			<trkpt lat="46.7106286398" lon="8.2067287356">
				<ele>779.7</ele>
			</trkpt>
			<trkpt lat="46.7106904025" lon="8.2067347491">
				<ele>779.1</ele>
			</trkpt>
			<trkpt lat="46.7107300729" lon="8.2067417381">
				<ele>778.7</ele>
			</trkpt>
			<trkpt lat="46.7107784852" lon="8.2067629642">
				<ele>778.1</ele>
			</trkpt>
			<trkpt lat="46.7108137031" lon="8.2067788556">
				<ele>777.7</ele>
			</trkpt>
			<trkpt lat="46.7108711025" lon="8.2068052929">
				<ele>776.9</ele>
			</trkpt>
			<trkpt lat="46.7109740926" lon="8.2068753947">
				<ele>775.8</ele>
			</trkpt>
			<trkpt lat="46.7111217227" lon="8.2069750349">
				<ele>774.6</ele>
			</trkpt>
			<trkpt lat="46.7112834263" lon="8.2070864347">
				<ele>773.0</ele>
			</trkpt>
			<trkpt lat="46.7113457819" lon="8.2071335313">
				<ele>772.5</ele>
			</trkpt>
			<trkpt lat="46.7113800259" lon="8.2071622577">
				<ele>772.1</ele>
			</trkpt>
			<trkpt lat="46.7114063459" lon="8.2071844469">
				<ele>772.0</ele>
			</trkpt>
			<trkpt lat="46.7114408343" lon="8.2072225386">
				<ele>771.7</ele>
			</trkpt>
			<trkpt lat="46.7114747039" lon="8.2072299179">
				<ele>771.5</ele>
			</trkpt>
			<trkpt lat="46.7115207015" lon="8.2072483388">
				<ele>771.1</ele>
			</trkpt>
			<trkpt lat="46.7115660185" lon="8.2072686915">
				<ele>770.6</ele>
			</trkpt>
			<trkpt lat="46.7116119429" lon="8.2072979677">
				<ele>769.9</ele>
			</trkpt>
			<trkpt lat="46.7116450232" lon="8.2073220925">
				<ele>769.3</ele>
			</trkpt>
			<trkpt lat="46.7116834368" lon="8.2073591291">
				<ele>768.4</ele>
			</trkpt>
			<trkpt lat="46.7117177634" lon="8.2073990580">
				<ele>767.6</ele>
			</trkpt>
			<trkpt lat="46.7117447318" lon="8.2074241048">
				<ele>767.1</ele>
			</trkpt>
			<trkpt lat="46.7117744655" lon="8.2074403146">
				<ele>766.4</ele>
			</trkpt>
			<trkpt lat="46.7117988326" lon="8.2074485421">
				<ele>765.6</ele>
			</trkpt>
			<trkpt lat="46.7118239758" lon="8.2074419909">
				<ele>765.1</ele>
			</trkpt>
			<trkpt lat="46.7118579715" lon="8.2074306485">
				<ele>764.7</ele>
			</trkpt>
			<trkpt lat="46.7119404195" lon="8.2073746306">
				<ele>762.6</ele>
			</trkpt>
			<trkpt lat="46.7120289436" lon="8.2073255960">
				<ele>760.5</ele>
			</trkpt>
			<trkpt lat="46.7120697740" lon="8.2073064451">
				<ele>759.7</ele>
			</trkpt>
			<trkpt lat="46.7121352018" lon="8.2072600442">
				<ele>758.1</ele>
			</trkpt>
			<trkpt lat="46.7121828668" lon="8.2072331103">
				<ele>757.2</ele>
			</trkpt>
			<trkpt lat="46.7122121388" lon="8.2072187501">
				<ele>756.4</ele>
			</trkpt>
			<trkpt lat="46.7122521867" lon="8.2072153485">
				<ele>755.8</ele>
			</trkpt>
			<trkpt lat="46.7123614589" lon="8.2072070453">
				<ele>754.2</ele>
			</trkpt>
			<trkpt lat="46.7124837020" lon="8.2071851201">
				<ele>752.9</ele>
			</trkpt>
			<trkpt lat="46.7126018357" lon="8.2071720130">
				<ele>751.6</ele>
			</trkpt>
			<trkpt lat="46.7126710382" lon="8.2071690523">
				<ele>751.0</ele>
			</trkpt>
			<trkpt lat="46.7127130818" lon="8.2071706347">
				<ele>750.6</ele>
			</trkpt>
			<trkpt lat="46.7128255588" lon="8.2071899904">
				<ele>748.8</ele>
			</trkpt>
			<trkpt lat="46.7129074640" lon="8.2072158076">
				<ele>747.3</ele>
			</trkpt>
			<trkpt lat="46.7129339067" lon="8.2072171933">
				<ele>746.8</ele>
			</trkpt>
			<trkpt lat="46.7129543018" lon="8.2072125411">
				<ele>746.4</ele>
			</trkpt>
			<trkpt lat="46.7129719852" lon="8.2072048870">
				<ele>746.0</ele>
			</trkpt>
			<trkpt lat="46.7129883021" lon="8.2071992187">
				<ele>745.5</ele>
			</trkpt>
			<trkpt lat="46.7130052690" lon="8.2071974935">
				<ele>745.2</ele>
			</trkpt>
			<trkpt lat="46.7130370528" lon="8.2072027998">
				<ele>744.6</ele>
			</trkpt>
			<trkpt lat="46.7130133129" lon="8.2072449164">
				<ele>745.0</ele>
			</trkpt>
			<trkpt lat="46.7130525132" lon="8.2072616701">
				<ele>744.6</ele>
			</trkpt>
			<trkpt lat="46.7131161495" lon="8.2072712364">
				<ele>743.5</ele>
			</trkpt>
			<trkpt lat="46.7131680175" lon="8.2072750407">
				<ele>742.5</ele>
			</trkpt>
			<trkpt lat="46.7133099633" lon="8.2072938588">
				<ele>740.0</ele>
			</trkpt>
			<trkpt lat="46.7134853557" lon="8.2073215449">
				<ele>736.8</ele>
			</trkpt>
			<trkpt lat="46.7135800109" lon="8.2073312979">
				<ele>735.4</ele>
			</trkpt>
			<trkpt lat="46.7136665645" lon="8.2073426086">
				<ele>734.4</ele>
			</trkpt>
			<trkpt lat="46.7137415303" lon="8.2073604725">
				<ele>733.4</ele>
			</trkpt>
			<trkpt lat="46.7138060529" lon="8.2073832328">
				<ele>732.9</ele>
			</trkpt>
			<trkpt lat="46.7138762878" lon="8.2074161136">
				<ele>732.1</ele>
			</trkpt>
			<trkpt lat="46.7139108484" lon="8.2074317414">
				<ele>731.4</ele>
			</trkpt>
			<trkpt lat="46.7139327602" lon="8.2074354001">
				<ele>731.2</ele>
			</trkpt>
			<trkpt lat="46.7139559646" lon="8.2074206210">
				<ele>730.5</ele>
			</trkpt>
			<trkpt lat="46.7139885483" lon="8.2073841474">
				<ele>729.8</ele>
			</trkpt>
			<trkpt lat="46.7140154037" lon="8.2073425471">
				<ele>729.2</ele>
			</trkpt>
			<trkpt lat="46.7140590475" lon="8.2074260495">
				<ele>728.7</ele>
			</trkpt>
			<trkpt lat="46.7141101933" lon="8.2074913688">
				<ele>728.0</ele>
			</trkpt>
			<trkpt lat="46.7141486351" lon="8.2075294295">
				<ele>727.7</ele>
			</trkpt>
			<trkpt lat="46.7142127975" lon="8.2075782536">
				<ele>727.0</ele>
			</trkpt>
			<trkpt lat="46.7142670122" lon="8.2076144574">
				<ele>726.6</ele>
			</trkpt>
			<trkpt lat="46.7143170492" lon="8.2076318387">
				<ele>726.1</ele>
			</trkpt>
			<trkpt lat="46.7144043401" lon="8.2076497513">
				<ele>725.3</ele>
			</trkpt>
			<trkpt lat="46.7145404276" lon="8.2076579370">
				<ele>724.4</ele>
			</trkpt>
			<trkpt lat="46.7147295982" lon="8.2076564699">
				<ele>722.7</ele>
			</trkpt>
			<trkpt lat="46.7148326991" lon="8.2076683495">
				<ele>721.6</ele>
			</trkpt>
			<trkpt lat="46.7148942223" lon="8.2076838129">
				<ele>721.0</ele>
			</trkpt>
			<trkpt lat="46.7149657122" lon="8.2077077462">
				<ele>720.4</ele>
			</trkpt>
			<trkpt lat="46.7150299303" lon="8.2077482700">
				<ele>719.8</ele>
			</trkpt>
			<trkpt lat="46.7150898304" lon="8.2077907758">
				<ele>719.0</ele>
			</trkpt>
			<trkpt lat="46.7151296249" lon="8.2078392791">
				<ele>718.8</ele>
			</trkpt>
			<trkpt lat="46.7151636167" lon="8.2079001788">
				<ele>718.1</ele>
			</trkpt>
			<trkpt lat="46.7151902349" lon="8.2079901592">
				<ele>717.5</ele>
			</trkpt>
			<trkpt lat="46.7152167466" lon="8.2079799870">
				<ele>717.2</ele>
			</trkpt>
			<trkpt lat="46.7152328363" lon="8.2079963101">
				<ele>717.0</ele>
			</trkpt>
			<trkpt lat="46.7152456446" lon="8.2080380297">
				<ele>716.0</ele>
			</trkpt>
			<trkpt lat="46.7152482657" lon="8.2081782224">
				<ele>714.3</ele>
			</trkpt>
			<trkpt lat="46.7152357687" lon="8.2084445091">
				<ele>711.8</ele>
			</trkpt>
			<trkpt lat="46.7152129647" lon="8.2087318513">
				<ele>707.6</ele>
			</trkpt>
			<trkpt lat="46.7151844413" lon="8.2088720974">
				<ele>706.4</ele>
			</trkpt>
			<trkpt lat="46.7151705049" lon="8.2089142144">
				<ele>705.9</ele>
			</trkpt>
			<trkpt lat="46.7151151080" lon="8.2090674368">
				<ele>702.5</ele>
			</trkpt>
			<trkpt lat="46.7150846739" lon="8.2091809603">
				<ele>700.3</ele>
			</trkpt>
			<trkpt lat="46.7150758037" lon="8.2092403671">
				<ele>699.5</ele>
			</trkpt>
			<trkpt lat="46.7150746621" lon="8.2093040227">
				<ele>698.6</ele>
			</trkpt>
			<trkpt lat="46.7150804685" lon="8.2093613274">
				<ele>698.1</ele>
			</trkpt>
			<trkpt lat="46.7150947669" lon="8.2094281925">
				<ele>697.7</ele>
			</trkpt>
			<trkpt lat="46.7151024524" lon="8.2094465928">
				<ele>697.7</ele>
			</trkpt>
			<trkpt lat="46.7151096195" lon="8.2094637213">
				<ele>697.6</ele>
			</trkpt>
			<trkpt lat="46.7151499082" lon="8.2094961904">
				<ele>698.0</ele>
			</trkpt>
			<trkpt lat="46.7151930725" lon="8.2095347295">
				<ele>697.7</ele>
			</trkpt>
			<trkpt lat="46.7150980537" lon="8.2097464716">
				<ele>698.4</ele>
			</trkpt>
			<trkpt lat="46.7150620651" lon="8.2098277535">
				<ele>698.5</ele>
			</trkpt>
			<trkpt lat="46.7148374316" lon="8.2103250640">
				<ele>700.3</ele>
			</trkpt>
			<trkpt lat="46.7147751722" lon="8.2104807915">
				<ele>700.8</ele>
			</trkpt>
			<trkpt lat="46.7147298831" lon="8.2106004999">
				<ele>701.3</ele>
			</trkpt>
			<trkpt lat="46.7146975223" lon="8.2107012343">
				<ele>701.8</ele>
			</trkpt>
			<trkpt lat="46.7146617673" lon="8.2107881511">
				<ele>702.3</ele>
			</trkpt>
			<trkpt lat="46.7146188261" lon="8.2108737387">
				<ele>702.5</ele>
			</trkpt>
			<trkpt lat="46.7145464379" lon="8.2109864806">
				<ele>702.7</ele>
			</trkpt>
			<trkpt lat="46.7144802841" lon="8.2111087249">
				<ele>703.6</ele>
			</trkpt>
			<trkpt lat="46.7144462792" lon="8.2111823316">
				<ele>703.9</ele>
			</trkpt>
			<trkpt lat="46.7144061053" lon="8.2111563389">
				<ele>703.8</ele>
			</trkpt>
			<trkpt lat="46.7143674134" lon="8.2112409904">
				<ele>704.0</ele>
			</trkpt>
			<trkpt lat="46.7143362560" lon="8.2113027464">
				<ele>704.3</ele>
			</trkpt>
			<trkpt lat="46.7142886640" lon="8.2113888030">
				<ele>704.8</ele>
			</trkpt>
			<trkpt lat="46.7142623408" lon="8.2113555367">
				<ele>704.9</ele>
			</trkpt>
			<trkpt lat="46.7141994952" lon="8.2114354865">
				<ele>705.0</ele>
			</trkpt>
			<trkpt lat="46.7141243327" lon="8.2115323235">
				<ele>705.3</ele>
			</trkpt>
			<trkpt lat="46.7140403160" lon="8.2116108073">
				<ele>705.7</ele>
			</trkpt>
			<trkpt lat="46.7139577520" lon="8.2116719792">
				<ele>706.5</ele>
			</trkpt>
			<trkpt lat="46.7137222385" lon="8.2118214005">
				<ele>707.3</ele>
			</trkpt>
			<trkpt lat="46.7134901928" lon="8.2119543044">
				<ele>708.0</ele>
			</trkpt>
			<trkpt lat="46.7134161780" lon="8.2120009863">
				<ele>708.3</ele>
			</trkpt>
			<trkpt lat="46.7133515100" lon="8.2120568449">
				<ele>708.5</ele>
			</trkpt>
			<trkpt lat="46.7132801636" lon="8.2121310636">
				<ele>708.7</ele>
			</trkpt>
			<trkpt lat="46.7132243740" lon="8.2121951596">
				<ele>708.7</ele>
			</trkpt>
			<trkpt lat="46.7129862216" lon="8.2125288673">
				<ele>708.2</ele>
			</trkpt>
			<trkpt lat="46.7126557963" lon="8.2129987655">
				<ele>705.2</ele>
			</trkpt>
			<trkpt lat="46.7125811283" lon="8.2131208935">
				<ele>704.6</ele>
			</trkpt>
			<trkpt lat="46.7125234363" lon="8.2132140681">
				<ele>704.4</ele>
			</trkpt>
			<trkpt lat="46.7125149044" lon="8.2132285313">
				<ele>704.2</ele>
			</trkpt>
			<trkpt lat="46.7124460274" lon="8.2133452244">
				<ele>702.6</ele>
			</trkpt>
			<trkpt lat="46.7123822362" lon="8.2134619902">
				<ele>700.6</ele>
			</trkpt>
			<trkpt lat="46.7123607704" lon="8.2135168828">
				<ele>699.8</ele>
			</trkpt>
			<trkpt lat="46.7123511474" lon="8.2135432211">
				<ele>699.4</ele>
			</trkpt>
			<trkpt lat="46.7123396924" lon="8.2135676811">
				<ele>698.8</ele>
			</trkpt>
			<trkpt lat="46.7123160379" lon="8.2136072157">
				<ele>697.7</ele>
			</trkpt>
			<trkpt lat="46.7122964544" lon="8.2136397585">
				<ele>696.9</ele>
			</trkpt>
			<trkpt lat="46.7122792564" lon="8.2136793602">
				<ele>696.5</ele>
			</trkpt>
			<trkpt lat="46.7122644572" lon="8.2137201970">
				<ele>695.4</ele>
			</trkpt>
			<trkpt lat="46.7122481309" lon="8.2137504493">
				<ele>694.1</ele>
			</trkpt>
			<trkpt lat="46.7122334591" lon="8.2137725257">
				<ele>693.4</ele>
			</trkpt>
			<trkpt lat="46.7122188990" lon="8.2137781533">
				<ele>692.8</ele>
			</trkpt>
			<trkpt lat="46.7122044034" lon="8.2137756077">
				<ele>692.3</ele>
			</trkpt>
			<trkpt lat="46.7121867476" lon="8.2137636421">
				<ele>691.8</ele>
			</trkpt>
			<trkpt lat="46.7121683156" lon="8.2137469525">
				<ele>691.5</ele>
			</trkpt>
			<trkpt lat="46.7121402902" lon="8.2137160630">
				<ele>691.2</ele>
			</trkpt>
			<trkpt lat="46.7121266266" lon="8.2137100043">
				<ele>690.7</ele>
			</trkpt>
			<trkpt lat="46.7121088433" lon="8.2137167990">
				<ele>690.4</ele>
			</trkpt>
			<trkpt lat="46.7120853554" lon="8.2137305107">
				<ele>689.6</ele>
			</trkpt>
			<trkpt lat="46.7120529889" lon="8.2137476456">
				<ele>688.6</ele>
			</trkpt>
			<trkpt lat="46.7120205897" lon="8.2137682793">
				<ele>687.8</ele>
			</trkpt>
			<trkpt lat="46.7119243199" lon="8.2138126198">
				<ele>685.9</ele>
			</trkpt>
			<trkpt lat="46.7118823504" lon="8.2138311491">
				<ele>685.3</ele>
			</trkpt>
			<trkpt lat="46.7118364855" lon="8.2138554081">
				<ele>684.9</ele>
			</trkpt>
			<trkpt lat="46.7118093502" lon="8.2138564103">
				<ele>684.8</ele>
			</trkpt>
			<trkpt lat="46.7117632179" lon="8.2138502172">
				<ele>684.6</ele>
			</trkpt>
			<trkpt lat="46.7117531515" lon="8.2138590640">
				<ele>684.5</ele>
			</trkpt>
			<trkpt lat="46.7117492633" lon="8.2138714608">
				<ele>684.3</ele>
			</trkpt>
			<trkpt lat="46.7117534167" lon="8.2139195684">
				<ele>684.0</ele>
			</trkpt>
			<trkpt lat="46.7117475880" lon="8.2139680052">
				<ele>683.8</ele>
			</trkpt>
			<trkpt lat="46.7117512351" lon="8.2139936653">
				<ele>683.4</ele>
			</trkpt>
			<trkpt lat="46.7117839107" lon="8.2140176608">
				<ele>682.2</ele>
			</trkpt>
			<trkpt lat="46.7118396867" lon="8.2140759107">
				<ele>679.9</ele>
			</trkpt>
			<trkpt lat="46.7118803107" lon="8.2141221799">
				<ele>678.5</ele>
			</trkpt>
			<trkpt lat="46.7119035974" lon="8.2141665141">
				<ele>677.7</ele>
			</trkpt>
			<trkpt lat="46.7119209024" lon="8.2142300607">
				<ele>676.6</ele>
			</trkpt>
			<trkpt lat="46.7119397845" lon="8.2143006929">
				<ele>675.6</ele>
			</trkpt>
			<trkpt lat="46.7119474657" lon="8.2143570895">
				<ele>675.0</ele>
			</trkpt>
			<trkpt lat="46.7119479390" lon="8.2144063323">
				<ele>674.6</ele>
			</trkpt>
			<trkpt lat="46.7119467321" lon="8.2144649383">
				<ele>674.0</ele>
			</trkpt>
			<trkpt lat="46.7119453977" lon="8.2145423045">
				<ele>673.3</ele>
			</trkpt>
			<trkpt lat="46.7119338255" lon="8.2147027583">
				<ele>671.1</ele>
			</trkpt>
			<trkpt lat="46.7119256070" lon="8.2149629074">
				<ele>668.1</ele>
			</trkpt>
			<trkpt lat="46.7119205856" lon="8.2151082184">
				<ele>665.7</ele>
			</trkpt>
			<trkpt lat="46.7119163851" lon="8.2151316201">
				<ele>665.3</ele>
			</trkpt>
			<trkpt lat="46.7119025212" lon="8.2151536948">
				<ele>664.9</ele>
			</trkpt>
			<trkpt lat="46.7118879379" lon="8.2151640345">
				<ele>664.5</ele>
			</trkpt>
			<trkpt lat="46.7118705437" lon="8.2151588158">
				<ele>664.0</ele>
			</trkpt>
			<trkpt lat="46.7118513769" lon="8.2151300968">
				<ele>663.6</ele>
			</trkpt>
			<trkpt lat="46.7118035723" lon="8.2150055975">
				<ele>661.9</ele>
			</trkpt>
			<trkpt lat="46.7117594589" lon="8.2148834761">
				<ele>659.4</ele>
			</trkpt>
			<trkpt lat="46.7117149477" lon="8.2147823462">
				<ele>658.9</ele>
			</trkpt>
			<trkpt lat="46.7117052361" lon="8.2147932798">
				<ele>658.5</ele>
			</trkpt>
			<trkpt lat="46.7117429733" lon="8.2149500105">
				<ele>657.8</ele>
			</trkpt>
			<trkpt lat="46.7117759548" lon="8.2151368276">
				<ele>656.4</ele>
			</trkpt>
			<trkpt lat="46.7117953759" lon="8.2153462605">
				<ele>654.8</ele>
			</trkpt>
			<trkpt lat="46.7117954368" lon="8.2153863525">
				<ele>653.0</ele>
			</trkpt>
			<trkpt lat="46.7117941113" lon="8.2154519940">
				<ele>652.8</ele>
			</trkpt>
			<trkpt lat="46.7117670757" lon="8.2154525498">
				<ele>652.7</ele>
			</trkpt>
			<trkpt lat="46.7117758115" lon="8.2155668439">
				<ele>652.2</ele>
			</trkpt>
			<trkpt lat="46.7117841908" lon="8.2156367376">
				<ele>652.0</ele>
			</trkpt>
			<trkpt lat="46.7117940532" lon="8.2157055800">
				<ele>651.7</ele>
			</trkpt>
			<trkpt lat="46.7118047352" lon="8.2157637057">
				<ele>651.5</ele>
			</trkpt>
			<trkpt lat="46.7118234676" lon="8.2158337475">
				<ele>651.2</ele>
			</trkpt>
			<trkpt lat="46.7118234709" lon="8.2158337487">
				<ele>651.2</ele>
			</trkpt>
			<trkpt lat="46.7118444979" lon="8.2158898651">
				<ele>651.1</ele>
			</trkpt>
			<trkpt lat="46.7118743514" lon="8.2159514984">
				<ele>650.7</ele>
			</trkpt>
			<trkpt lat="46.7119108664" lon="8.2160089109">
				<ele>650.3</ele>
			</trkpt>
			<trkpt lat="46.7119591697" lon="8.2160729432">
				<ele>650.0</ele>
			</trkpt>
			<trkpt lat="46.7120067556" lon="8.2161326866">
				<ele>649.7</ele>
			</trkpt>
			<trkpt lat="46.7120455149" lon="8.2161869003">
				<ele>649.5</ele>
			</trkpt>
			<trkpt lat="46.7120659676" lon="8.2162215519">
				<ele>649.4</ele>
			</trkpt>
			<trkpt lat="46.7120762504" lon="8.2162479976">
				<ele>649.3</ele>
			</trkpt>
			<trkpt lat="46.7121139914" lon="8.2162205849">
				<ele>649.5</ele>
			</trkpt>
			<trkpt lat="46.7121570345" lon="8.2161958852">
				<ele>649.4</ele>
			</trkpt>
			<trkpt lat="46.7121853673" lon="8.2162110592">
				<ele>649.4</ele>
			</trkpt>
			<trkpt lat="46.7121997747" lon="8.2162130064">
				<ele>649.6</ele>
			</trkpt>
			<trkpt lat="46.7122105314" lon="8.2162846358">
				<ele>649.2</ele>
			</trkpt>
			<trkpt lat="46.7122284656" lon="8.2163629995">
				<ele>649.2</ele>
			</trkpt>
			<trkpt lat="46.7122389531" lon="8.2164107176">
				<ele>649.2</ele>
			</trkpt>
			<trkpt lat="46.7122458310" lon="8.2164258178">
				<ele>649.3</ele>
			</trkpt>
			<trkpt lat="46.7122584947" lon="8.2164288776">
				<ele>649.3</ele>
			</trkpt>
			<trkpt lat="46.7123126726" lon="8.2163939150">
				<ele>648.3</ele>
			</trkpt>
			<trkpt lat="46.7123663897" lon="8.2163658903">
				<ele>647.6</ele>
			</trkpt>
			<trkpt lat="46.7124738778" lon="8.2163652296">
				<ele>646.4</ele>
			</trkpt>
			<trkpt lat="46.7125018634" lon="8.2163402474">
				<ele>645.9</ele>
			</trkpt>
			<trkpt lat="46.7125522056" lon="8.2163177455">
				<ele>645.3</ele>
			</trkpt>
			<trkpt lat="46.7126300296" lon="8.2162649178">
				<ele>643.7</ele>
			</trkpt>
			<trkpt lat="46.7127036809" lon="8.2162080148">
				<ele>642.7</ele>
			</trkpt>
			<trkpt lat="46.7127972732" lon="8.2161317024">
				<ele>639.8</ele>
			</trkpt>
			<trkpt lat="46.7128473398" lon="8.2161086338">
				<ele>639.1</ele>
			</trkpt>
			<trkpt lat="46.7128879084" lon="8.2160866314">
				<ele>638.7</ele>
			</trkpt>
			<trkpt lat="46.7128916257" lon="8.2161022487">
				<ele>638.4</ele>
			</trkpt>
			<trkpt lat="46.7128759215" lon="8.2161137148">
				<ele>638.2</ele>
			</trkpt>
			<trkpt lat="46.7128311134" lon="8.2161320463">
				<ele>637.8</ele>
			</trkpt>
			<trkpt lat="46.7128058403" lon="8.2161338793">
				<ele>637.4</ele>
			</trkpt>
			<trkpt lat="46.7127877241" lon="8.2161455198">
				<ele>637.3</ele>
			</trkpt>
			<trkpt lat="46.7127506688" lon="8.2161879230">
				<ele>636.7</ele>
			</trkpt>
			<trkpt lat="46.7127203609" lon="8.2162223018">
				<ele>636.8</ele>
			</trkpt>
			<trkpt lat="46.7126875430" lon="8.2162500917">
				<ele>636.5</ele>
			</trkpt>
			<trkpt lat="46.7126383907" lon="8.2162762861">
				<ele>635.6</ele>
			</trkpt>
			<trkpt lat="46.7125556648" lon="8.2163289253">
				<ele>635.2</ele>
			</trkpt>
			<trkpt lat="46.7125626831" lon="8.2163406011">
				<ele>635.2</ele>
			</trkpt>
			<trkpt lat="46.7125903390" lon="8.2163230690">
				<ele>634.9</ele>
			</trkpt>
			<trkpt lat="46.7126621475" lon="8.2162817291">
				<ele>634.3</ele>
			</trkpt>
			<trkpt lat="46.7127068571" lon="8.2162475059">
				<ele>633.6</ele>
			</trkpt>
			<trkpt lat="46.7127461127" lon="8.2162188408">
				<ele>632.9</ele>
			</trkpt>
			<trkpt lat="46.7127909107" lon="8.2161913804">
				<ele>632.2</ele>
			</trkpt>
			<trkpt lat="46.7128119616" lon="8.2161676059">
				<ele>632.1</ele>
			</trkpt>
			<trkpt lat="46.7128284466" lon="8.2161656201">
				<ele>631.8</ele>
			</trkpt>
			<trkpt lat="46.7128665508" lon="8.2161541238">
				<ele>631.5</ele>
			</trkpt>
			<trkpt lat="46.7128971693" lon="8.2161217245">
				<ele>631.1</ele>
			</trkpt>
			<trkpt lat="46.7129240734" lon="8.2161102366">
				<ele>631.1</ele>
			</trkpt>
			<trkpt lat="46.7129653165" lon="8.2161001064">
				<ele>630.6</ele>
			</trkpt>
			<trkpt lat="46.7130328885" lon="8.2160825215">
				<ele>630.4</ele>
			</trkpt>
			<trkpt lat="46.7130862799" lon="8.2160599846">
				<ele>629.8</ele>
			</trkpt>
			<trkpt lat="46.7131348291" lon="8.2160417722">
				<ele>630.2</ele>
			</trkpt>
			<trkpt lat="46.7132038761" lon="8.2160176166">
				<ele>627.1</ele>
			</trkpt>
			<trkpt lat="46.7132389942" lon="8.2160139768">
				<ele>626.0</ele>
			</trkpt>
			<trkpt lat="46.7132647356" lon="8.2160015043">
				<ele>626.0</ele>
			</trkpt>
			<trkpt lat="46.7133072956" lon="8.2159736972">
				<ele>625.4</ele>
			</trkpt>
			<trkpt lat="46.7133320409" lon="8.2159701825">
				<ele>625.3</ele>
			</trkpt>
			<trkpt lat="46.7133837458" lon="8.2159628186">
				<ele>625.0</ele>
			</trkpt>
			<trkpt lat="46.7134198895" lon="8.2159419295">
				<ele>624.3</ele>
			</trkpt>
			<trkpt lat="46.7134551062" lon="8.2159159129">
				<ele>623.6</ele>
			</trkpt>
			<trkpt lat="46.7134780524" lon="8.2159043809">
				<ele>623.6</ele>
			</trkpt>
			<trkpt lat="46.7135302799" lon="8.2158877123">
				<ele>623.1</ele>
			</trkpt>
			<trkpt lat="46.7135685606" lon="8.2158819599">
				<ele>622.7</ele>
			</trkpt>
			<trkpt lat="46.7136099922" lon="8.2158732577">
				<ele>622.4</ele>
			</trkpt>
			<trkpt lat="46.7136316100" lon="8.2158560435">
				<ele>622.2</ele>
			</trkpt>
			<trkpt lat="46.7136574142" lon="8.2158382878">
				<ele>622.0</ele>
			</trkpt>
			<trkpt lat="46.7136904059" lon="8.2158298694">
				<ele>621.4</ele>
			</trkpt>
			<trkpt lat="46.7137238142" lon="8.2158315409">
				<ele>620.8</ele>
			</trkpt>
			<trkpt lat="46.7137673307" lon="8.2158179118">
				<ele>620.4</ele>
			</trkpt>
			<trkpt lat="46.7138208484" lon="8.2157966318">
				<ele>619.7</ele>
			</trkpt>
			<trkpt lat="46.7138624575" lon="8.2157672149">
				<ele>619.6</ele>
			</trkpt>
			<trkpt lat="46.7139030930" lon="8.2157314277">
				<ele>619.5</ele>
			</trkpt>
			<trkpt lat="46.7139389184" lon="8.2157044779">
				<ele>619.1</ele>
			</trkpt>
			<trkpt lat="46.7139693672" lon="8.2156916412">
				<ele>619.1</ele>
			</trkpt>
			<trkpt lat="46.7139804198" lon="8.2156842408">
				<ele>619.0</ele>
			</trkpt>
			<trkpt lat="46.7140016185" lon="8.2156584928">
				<ele>619.3</ele>
			</trkpt>
			<trkpt lat="46.7140293710" lon="8.2156519215">
				<ele>619.3</ele>
			</trkpt>
			<trkpt lat="46.7140561497" lon="8.2156443159">
				<ele>619.4</ele>
			</trkpt>
			<trkpt lat="46.7140720865" lon="8.2156277127">
				<ele>619.4</ele>
			</trkpt>
			<trkpt lat="46.7141135473" lon="8.2155910346">
				<ele>619.6</ele>
			</trkpt>
			<trkpt lat="46.7141460966" lon="8.2155669410">
				<ele>619.5</ele>
			</trkpt>
			<trkpt lat="46.7141812064" lon="8.2155433812">
				<ele>619.9</ele>
			</trkpt>
			<trkpt lat="46.7142129949" lon="8.2155570750">
				<ele>619.9</ele>
			</trkpt>
			<trkpt lat="46.7142386664" lon="8.2155799146">
				<ele>619.6</ele>
			</trkpt>
			<trkpt lat="46.7142493064" lon="8.2155789299">
				<ele>619.6</ele>
			</trkpt>
			<trkpt lat="46.7142821084" lon="8.2155666634">
				<ele>619.6</ele>
			</trkpt>
			<trkpt lat="46.7143063161" lon="8.2155508201">
				<ele>619.6</ele>
			</trkpt>
			<trkpt lat="46.7143200267" lon="8.2155402012">
				<ele>619.6</ele>
			</trkpt>
			<trkpt lat="46.7143451002" lon="8.2155399214">
				<ele>619.5</ele>
			</trkpt>
			<trkpt lat="46.7143823755" lon="8.2155232984">
				<ele>619.1</ele>
			</trkpt>
			<trkpt lat="46.7144186866" lon="8.2155003051">
				<ele>619.2</ele>
			</trkpt>
			<trkpt lat="46.7144345792" lon="8.2154809939">
				<ele>619.4</ele>
			</trkpt>
			<trkpt lat="46.7144445705" lon="8.2154748859">
				<ele>619.4</ele>
			</trkpt>
			<trkpt lat="46.7144779893" lon="8.2154750140">
				<ele>619.3</ele>
			</trkpt>
			<trkpt lat="46.7145104042" lon="8.2154733750">
				<ele>619.3</ele>
			</trkpt>
			<trkpt lat="46.7145429082" lon="8.2154625428">
				<ele>619.4</ele>
			</trkpt>
			<trkpt lat="46.7145607572" lon="8.2154544292">
				<ele>619.5</ele>
			</trkpt>
			<trkpt lat="46.7145748082" lon="8.2154584898">
				<ele>619.5</ele>
			</trkpt>
			<trkpt lat="46.7145939421" lon="8.2154744603">
				<ele>619.5</ele>
			</trkpt>
			<trkpt lat="46.7146068737" lon="8.2154843905">
				<ele>619.3</ele>
			</trkpt>
			<trkpt lat="46.7146247122" lon="8.2154778200">
				<ele>619.2</ele>
			</trkpt>
			<trkpt lat="46.7146567977" lon="8.2154584541">
				<ele>619.0</ele>
			</trkpt>
			<trkpt lat="46.7146857277" lon="8.2154414231">
				<ele>618.9</ele>
			</trkpt>
			<trkpt lat="46.7147145607" lon="8.2154320289">
				<ele>618.8</ele>
			</trkpt>
			<trkpt lat="46.7147511249" lon="8.2154313653">
				<ele>618.7</ele>
			</trkpt>
			<trkpt lat="46.7147808919" lon="8.2154314146">
				<ele>618.5</ele>
			</trkpt>
			<trkpt lat="46.7147982928" lon="8.2154178142">
				<ele>618.3</ele>
			</trkpt>
			<trkpt lat="46.7148209041" lon="8.2154039228">
				<ele>618.3</ele>
			</trkpt>
			<trkpt lat="46.7148434757" lon="8.2153945954">
				<ele>618.0</ele>
			</trkpt>
			<trkpt lat="46.7148618111" lon="8.2153904255">
				<ele>617.7</ele>
			</trkpt>
			<trkpt lat="46.7148873524" lon="8.2153941023">
				<ele>617.7</ele>
			</trkpt>
			<trkpt lat="46.7149136141" lon="8.2153818067">
				<ele>617.5</ele>
			</trkpt>
			<trkpt lat="46.7149551648" lon="8.2153569789">
				<ele>617.2</ele>
			</trkpt>
			<trkpt lat="46.7149776583" lon="8.2153537976">
				<ele>617.2</ele>
			</trkpt>
			<trkpt lat="46.7150081669" lon="8.2153348272">
				<ele>617.2</ele>
			</trkpt>
			<trkpt lat="46.7150644497" lon="8.2153011346">
				<ele>617.2</ele>
			</trkpt>
			<trkpt lat="46.7151154546" lon="8.2152723751">
				<ele>617.0</ele>
			</trkpt>
			<trkpt lat="46.7151545226" lon="8.2152369696">
				<ele>617.5</ele>
			</trkpt>
			<trkpt lat="46.7152072521" lon="8.2151940308">
				<ele>617.3</ele>
			</trkpt>
			<trkpt lat="46.7152667100" lon="8.2151564858">
				<ele>616.8</ele>
			</trkpt>
			<trkpt lat="46.7153145698" lon="8.2151285310">
				<ele>616.8</ele>
			</trkpt>
			<trkpt lat="46.7153441143" lon="8.2151031900">
				<ele>616.9</ele>
			</trkpt>
			<trkpt lat="46.7153774071" lon="8.2150702777">
				<ele>617.0</ele>
			</trkpt>
			<trkpt lat="46.7153959185" lon="8.2150508205">
				<ele>617.1</ele>
			</trkpt>
			<trkpt lat="46.7154253939" lon="8.2150315865">
				<ele>617.1</ele>
			</trkpt>
			<trkpt lat="46.7154458622" lon="8.2150233272">
				<ele>616.9</ele>
			</trkpt>
			<trkpt lat="46.7154730793" lon="8.2150174015">
				<ele>616.5</ele>
			</trkpt>
			<trkpt lat="46.7155025353" lon="8.2149997237">
				<ele>616.4</ele>
			</trkpt>
			<trkpt lat="46.7155608242" lon="8.2149726508">
				<ele>615.7</ele>
			</trkpt>
			<trkpt lat="46.7155945749" lon="8.2149452263">
				<ele>615.6</ele>
			</trkpt>
			<trkpt lat="46.7156374596" lon="8.2148961410">
				<ele>615.7</ele>
			</trkpt>
			<trkpt lat="46.7156717449" lon="8.2148680823">
				<ele>616.0</ele>
			</trkpt>
			<trkpt lat="46.7157070639" lon="8.2148402348">
				<ele>616.3</ele>
			</trkpt>
			<trkpt lat="46.7157576604" lon="8.2148013972">
				<ele>616.3</ele>
			</trkpt>
			<trkpt lat="46.7158098249" lon="8.2147621639">
				<ele>616.3</ele>
			</trkpt>
			<trkpt lat="46.7159120408" lon="8.2146862434">
				<ele>616.0</ele>
			</trkpt>
			<trkpt lat="46.7159884999" lon="8.2146250450">
				<ele>616.0</ele>
			</trkpt>
			<trkpt lat="46.7160991512" lon="8.2145216877">
				<ele>616.7</ele>
			</trkpt>
			<trkpt lat="46.7161217578" lon="8.2144780914">
				<ele>616.9</ele>
			</trkpt>
			<trkpt lat="46.7161446259" lon="8.2144198244">
				<ele>616.6</ele>
			</trkpt>
			<trkpt lat="46.7161506187" lon="8.2143838764">
				<ele>617.1</ele>
			</trkpt>
			<trkpt lat="46.7161377945" lon="8.2143290461">
				<ele>616.4</ele>
			</trkpt>
			<trkpt lat="46.7161313341" lon="8.2142617897">
				<ele>616.2</ele>
			</trkpt>
			<trkpt lat="46.7161391523" lon="8.2142087331">
				<ele>616.7</ele>
			</trkpt>
			<trkpt lat="46.7161676582" lon="8.2141667526">
				<ele>616.9</ele>
			</trkpt>
			<trkpt lat="46.7161966605" lon="8.2141562215">
				<ele>616.9</ele>
			</trkpt>
			<trkpt lat="46.7162186200" lon="8.2141813360">
				<ele>616.9</ele>
			</trkpt>
			<trkpt lat="46.7162440088" lon="8.2142273101">
				<ele>616.9</ele>
			</trkpt>
			<trkpt lat="46.7162838615" lon="8.2143039528">
				<ele>616.9</ele>
			</trkpt>
			<trkpt lat="46.7163336930" lon="8.2142677983">
				<ele>617.1</ele>
			</trkpt>
			<trkpt lat="46.7163833135" lon="8.2142110540">
				<ele>616.5</ele>
			</trkpt>
			<trkpt lat="46.7164234758" lon="8.2141574946">
				<ele>617.2</ele>
			</trkpt>
			<trkpt lat="46.7164467263" lon="8.2141077857">
				<ele>617.2</ele>
			</trkpt>
			<trkpt lat="46.7164578667" lon="8.2140556929">
				<ele>617.5</ele>
			</trkpt>
			<trkpt lat="46.7164776616" lon="8.2140326171">
				<ele>618.4</ele>
			</trkpt>
			<trkpt lat="46.7165101759" lon="8.2140056958">
				<ele>619.0</ele>
			</trkpt>
			<trkpt lat="46.7165360012" lon="8.2139662933">
				<ele>620.6</ele>
			</trkpt>
			<trkpt lat="46.7165598641" lon="8.2139403062">
				<ele>620.2</ele>
			</trkpt>
			<trkpt lat="46.7166011667" lon="8.2139413182">
				<ele>619.9</ele>
			</trkpt>
			<trkpt lat="46.7166370846" lon="8.2139470666">
				<ele>619.9</ele>
			</trkpt>
			<trkpt lat="46.7167086750" lon="8.2139654654">
				<ele>618.5</ele>
			</trkpt>
			<trkpt lat="46.7167805394" lon="8.2139515346">
				<ele>618.0</ele>
			</trkpt>
			<trkpt lat="46.7168417077" lon="8.2139217040">
				<ele>617.2</ele>
			</trkpt>
			<trkpt lat="46.7168852535" lon="8.2139261873">
				<ele>617.2</ele>
			</trkpt>
			<trkpt lat="46.7169133365" lon="8.2139450864">
				<ele>617.2</ele>
			</trkpt>
			<trkpt lat="46.7169335906" lon="8.2139801828">
				<ele>617.1</ele>
			</trkpt>
			<trkpt lat="46.7169478431" lon="8.2140048977">
				<ele>617.1</ele>
			</trkpt>
			<trkpt lat="46.7169674962" lon="8.2140252053">
				<ele>617.1</ele>
			</trkpt>
			<trkpt lat="46.7169904060" lon="8.2140282825">
				<ele>617.1</ele>
			</trkpt>
			<trkpt lat="46.7170240041" lon="8.2140338268">
				<ele>617.1</ele>
			</trkpt>
			<trkpt lat="46.7170563830" lon="8.2140493215">
				<ele>615.4</ele>
			</trkpt>
			<trkpt lat="46.7171388218" lon="8.2140639263">
				<ele>614.6</ele>
			</trkpt>
			<trkpt lat="46.7172158332" lon="8.2140722662">
				<ele>614.5</ele>
			</trkpt>
			<trkpt lat="46.7172607101" lon="8.2140900578">
				<ele>614.9</ele>
			</trkpt>
			<trkpt lat="46.7173067214" lon="8.2141288474">
				<ele>616.3</ele>
			</trkpt>
			<trkpt lat="46.7173724804" lon="8.2141780181">
				<ele>617.8</ele>
			</trkpt>
			<trkpt lat="46.7174233783" lon="8.2142020053">
				<ele>617.6</ele>
			</trkpt>
			<trkpt lat="46.7174631973" lon="8.2141976074">
				<ele>617.7</ele>
			</trkpt>
			<trkpt lat="46.7175004336" lon="8.2141748219">
				<ele>616.6</ele>
			</trkpt>
			<trkpt lat="46.7175285000" lon="8.2141273016">
				<ele>616.6</ele>
			</trkpt>
			<trkpt lat="46.7177449659" lon="8.2137532280">
				<ele>616.3</ele>
			</trkpt>
			<trkpt lat="46.7177841138" lon="8.2136953492">
				<ele>616.2</ele>
			</trkpt>
			<trkpt lat="46.7178525917" lon="8.2136025367">
				<ele>615.1</ele>
			</trkpt>
			<trkpt lat="46.7179009213" lon="8.2135106639">
				<ele>615.7</ele>
			</trkpt>
			<trkpt lat="46.7179417467" lon="8.2134348911">
				<ele>616.2</ele>
			</trkpt>
			<trkpt lat="46.7180043325" lon="8.2133393763">
				<ele>616.9</ele>
			</trkpt>
			<trkpt lat="46.7180475776" lon="8.2132702562">
				<ele>615.9</ele>
			</trkpt>
			<trkpt lat="46.7180913228" lon="8.2132016651">
				<ele>615.9</ele>
			</trkpt>
			<trkpt lat="46.7181199154" lon="8.2131362303">
				<ele>615.7</ele>
			</trkpt>
			<trkpt lat="46.7181535883" lon="8.2130843810">
				<ele>616.0</ele>
			</trkpt>
			<trkpt lat="46.7182051112" lon="8.2130176529">
				<ele>616.1</ele>
			</trkpt>
			<trkpt lat="46.7182395710" lon="8.2129479606">
				<ele>615.7</ele>
			</trkpt>
			<trkpt lat="46.7182529858" lon="8.2128880509">
				<ele>615.1</ele>
			</trkpt>
			<trkpt lat="46.7182936556" lon="8.2128218868">
				<ele>615.0</ele>
			</trkpt>
			<trkpt lat="46.7183168741" lon="8.2127635690">
				<ele>615.2</ele>
			</trkpt>
			<trkpt lat="46.7183619596" lon="8.2126432383">
				<ele>615.4</ele>
			</trkpt>
			<trkpt lat="46.7186133093" lon="8.2123616596">
				<ele>615.1</ele>
			</trkpt>
			<trkpt lat="46.7186416620" lon="8.2123925296">
				<ele>615.0</ele>
			</trkpt>
			<trkpt lat="46.7187042213" lon="8.2123843370">
				<ele>615.0</ele>
			</trkpt>
			<trkpt lat="46.7187266789" lon="8.2123652225">
				<ele>615.0</ele>
			</trkpt>
			<trkpt lat="46.7187751082" lon="8.2123261531">
				<ele>614.9</ele>
			</trkpt>
			<trkpt lat="46.7188131150" lon="8.2122997667">
				<ele>614.9</ele>
			</trkpt>
			<trkpt lat="46.7188408584" lon="8.2122692812">
				<ele>614.8</ele>
			</trkpt>
			<trkpt lat="46.7188360715" lon="8.2121699218">
				<ele>614.8</ele>
			</trkpt>
			<trkpt lat="46.7189533941" lon="8.2120867139">
				<ele>614.7</ele>
			</trkpt>
			<trkpt lat="46.7191024328" lon="8.2119615279">
				<ele>614.5</ele>
			</trkpt>
			<trkpt lat="46.7192202641" lon="8.2118032330">
				<ele>614.4</ele>
			</trkpt>
			<trkpt lat="46.7192545169" lon="8.2117188460">
				<ele>614.3</ele>
			</trkpt>
			<trkpt lat="46.7192547382" lon="8.2116862004">
				<ele>614.3</ele>
			</trkpt>
			<trkpt lat="46.7194177819" lon="8.2114828487">
				<ele>614.0</ele>
			</trkpt>
			<trkpt lat="46.7194790411" lon="8.2113890387">
				<ele>613.9</ele>
			</trkpt>
			<trkpt lat="46.7195513490" lon="8.2113215201">
				<ele>613.8</ele>
			</trkpt>
			<trkpt lat="46.7195516364" lon="8.2112790786">
				<ele>613.8</ele>
			</trkpt>
			<trkpt lat="46.7195516364" lon="8.2112790786">
				<ele>613.8</ele>
			</trkpt>
			<trkpt lat="46.7196284641" lon="8.2112083417">
				<ele>613.7</ele>
			</trkpt>
			<trkpt lat="46.7196425486" lon="8.2111171382">
				<ele>613.6</ele>
			</trkpt>
			<trkpt lat="46.7197829187" lon="8.2109461079">
				<ele>613.4</ele>
			</trkpt>
			<trkpt lat="46.7198194195" lon="8.2108617516">
				<ele>613.3</ele>
			</trkpt>
			<trkpt lat="46.7198142952" lon="8.2106233401">
				<ele>613.1</ele>
			</trkpt>
			<trkpt lat="46.7198259186" lon="8.2105647364">
				<ele>613.1</ele>
			</trkpt>
			<trkpt lat="46.7198218277" lon="8.2105059207">
				<ele>613.0</ele>
			</trkpt>
			<trkpt lat="46.7198065681" lon="8.2104371476">
				<ele>612.9</ele>
			</trkpt>
			<trkpt lat="46.7198091261" lon="8.2103914683">
				<ele>612.9</ele>
			</trkpt>
			<trkpt lat="46.7197697802" lon="8.2102341762">
				<ele>612.8</ele>
			</trkpt>
			<trkpt lat="46.7197344721" lon="8.2101422657">
				<ele>612.7</ele>
			</trkpt>
			<trkpt lat="46.7197060337" lon="8.2100308458">
				<ele>612.6</ele>
			</trkpt>
			<trkpt lat="46.7196955673" lon="8.2099196958">
				<ele>612.5</ele>
			</trkpt>
			<trkpt lat="46.7196781689" lon="8.2098345684">
				<ele>612.4</ele>
			</trkpt>
			<trkpt lat="46.7196428165" lon="8.2097491716">
				<ele>612.3</ele>
			</trkpt>
			<trkpt lat="46.7196657185" lon="8.2096842017">
				<ele>612.3</ele>
			</trkpt>
			<trkpt lat="46.7196614725" lon="8.2096482355">
				<ele>612.2</ele>
			</trkpt>
			<trkpt lat="46.7196843874" lon="8.2095800092">
				<ele>612.2</ele>
			</trkpt>
			<trkpt lat="46.7196984356" lon="8.2094953178">
				<ele>612.1</ele>
			</trkpt>
			<trkpt lat="46.7196786208" lon="8.2094362648">
				<ele>612.0</ele>
			</trkpt>
			<trkpt lat="46.7196723999" lon="8.2093610819">
				<ele>612.0</ele>
			</trkpt>
			<trkpt lat="46.7196974662" lon="8.2093059395">
				<ele>611.9</ele>
			</trkpt>
			<trkpt lat="46.7196843664" lon="8.2092502526">
				<ele>611.9</ele>
			</trkpt>
			<trkpt lat="46.7197144596" lon="8.2091168179">
				<ele>611.8</ele>
			</trkpt>
			<trkpt lat="46.7197811089" lon="8.2088892423">
				<ele>611.6</ele>
			</trkpt>
			<trkpt lat="46.7198196717" lon="8.2088310230">
				<ele>611.5</ele>
			</trkpt>
			<trkpt lat="46.7198834199" lon="8.2087013255">
				<ele>611.4</ele>
			</trkpt>
			<trkpt lat="46.7198973572" lon="8.2086329696">
				<ele>611.3</ele>
			</trkpt>
			<trkpt lat="46.7199448749" lon="8.2085781479">
				<ele>611.2</ele>
			</trkpt>
			<trkpt lat="46.7200628426" lon="8.2084002629">
				<ele>611.0</ele>
			</trkpt>
			<trkpt lat="46.7200654569" lon="8.2083448001">
				<ele>611.0</ele>
			</trkpt>
			<trkpt lat="46.7201964714" lon="8.2082291280">
				<ele>610.8</ele>
			</trkpt>
			<trkpt lat="46.7201945970" lon="8.2081736011">
				<ele>610.7</ele>
			</trkpt>
			<trkpt lat="46.7202243804" lon="8.2080858899">
				<ele>610.6</ele>
			</trkpt>
			<trkpt lat="46.7203619906" lon="8.2079898926">
				<ele>610.5</ele>
			</trkpt>
			<trkpt lat="46.7204592614" lon="8.2078835483">
				<ele>610.3</ele>
			</trkpt>
			<trkpt lat="46.7205163150" lon="8.2077472253">
				<ele>610.2</ele>
			</trkpt>
			<trkpt lat="46.7205891276" lon="8.2076045998">
				<ele>610.0</ele>
			</trkpt>
			<trkpt lat="46.7205855629" lon="8.2074674384">
				<ele>609.9</ele>
			</trkpt>
			<trkpt lat="46.7205860468" lon="8.2073956195">
				<ele>609.9</ele>
			</trkpt>
			<trkpt lat="46.7206662638" lon="8.2071551643">
				<ele>609.6</ele>
			</trkpt>
			<trkpt lat="46.7207009664" lon="8.2070021972">
				<ele>609.5</ele>
			</trkpt>
			<trkpt lat="46.7207129183" lon="8.2068946224">
				<ele>609.4</ele>
			</trkpt>
			<trkpt lat="46.7207113510" lon="8.2067933819">
				<ele>609.3</ele>
			</trkpt>
			<trkpt lat="46.7207233761" lon="8.2066760239">
				<ele>609.2</ele>
			</trkpt>
			<trkpt lat="46.7206815922" lon="8.2065448457">
				<ele>609.1</ele>
			</trkpt>
			<trkpt lat="46.7206731333" lon="8.2064663718">
				<ele>607.9</ele>
			</trkpt>
			<trkpt lat="46.7206539363" lon="8.2063447110">
				<ele>607.3</ele>
			</trkpt>
			<trkpt lat="46.7205120734" lon="8.2060058801">
				<ele>606.9</ele>
			</trkpt>
			<trkpt lat="46.7202686115" lon="8.2054113221">
				<ele>606.9</ele>
			</trkpt>
			<trkpt lat="46.7202007795" lon="8.2052631369">
				<ele>606.8</ele>
			</trkpt>
			<trkpt lat="46.7201469028" lon="8.2051332797">
				<ele>606.7</ele>
			</trkpt>
			<trkpt lat="46.7201221004" lon="8.2051052495">
				<ele>606.6</ele>
			</trkpt>
			<trkpt lat="46.7200664223" lon="8.2050681070">
				<ele>606.6</ele>
			</trkpt>
			<trkpt lat="46.7199680800" lon="8.2050009546">
				<ele>606.6</ele>
			</trkpt>
			<trkpt lat="46.7200188183" lon="8.2046394909">
				<ele>606.3</ele>
			</trkpt>
			<trkpt lat="46.7200984788" lon="8.2042053839">
				<ele>605.8</ele>
			</trkpt>
			<trkpt lat="46.7201664387" lon="8.2038350558">
				<ele>605.5</ele>
			</trkpt>
			<trkpt lat="46.7203561333" lon="8.2027658405">
				<ele>605.2</ele>
			</trkpt>
			<trkpt lat="46.7206614740" lon="8.2010605877">
				<ele>604.6</ele>
			</trkpt>
			<trkpt lat="46.7206873846" lon="8.2009075826">
				<ele>604.5</ele>
			</trkpt>
			<trkpt lat="46.7207023058" lon="8.2008043878">
				<ele>604.4</ele>
			</trkpt>
			<trkpt lat="46.7207125926" lon="8.2006821771">
				<ele>604.5</ele>
			</trkpt>
			<trkpt lat="46.7207230378" lon="8.2005375503">
				<ele>604.5</ele>
			</trkpt>
			<trkpt lat="46.7207325586" lon="8.2003550161">
				<ele>604.3</ele>
			</trkpt>
			<trkpt lat="46.7207391082" lon="8.2000845355">
				<ele>604.1</ele>
			</trkpt>
			<trkpt lat="46.7207567446" lon="8.1995729672">
				<ele>604.1</ele>
			</trkpt>
			<trkpt lat="46.7207605966" lon="8.1994393093">
				<ele>604.0</ele>
			</trkpt>
			<trkpt lat="46.7207783545" lon="8.1991291953">
				<ele>604.1</ele>
			</trkpt>
			<trkpt lat="46.7207782739" lon="8.1990147516">
				<ele>604.1</ele>
			</trkpt>
			<trkpt lat="46.7207706291" lon="8.1988845339">
				<ele>604.0</ele>
			</trkpt>
			<trkpt lat="46.7207675897" lon="8.1988541283">
				<ele>604.0</ele>
			</trkpt>
			<trkpt lat="46.7207615533" lon="8.1987936912">
				<ele>604.0</ele>
			</trkpt>
			<trkpt lat="46.7208267164" lon="8.1988009646">
				<ele>603.9</ele>
			</trkpt>
			<trkpt lat="46.7211933465" lon="8.1988388717">
				<ele>603.9</ele>
			</trkpt>
			<trkpt lat="46.7212534137" lon="8.1988370102">
				<ele>603.9</ele>
			</trkpt>
			<trkpt lat="46.7212716954" lon="8.1987526519">
				<ele>603.4</ele>
			</trkpt>
			<trkpt lat="46.7213182099" lon="8.1987042418">
				<ele>603.2</ele>
			</trkpt>
			<trkpt lat="46.7213172026" lon="8.1986774083">
				<ele>603.2</ele>
			</trkpt>
			<trkpt lat="46.7213192164" lon="8.1986428250">
				<ele>603.1</ele>
			</trkpt>
			<trkpt lat="46.7213260027" lon="8.1986065845">
				<ele>603.0</ele>
			</trkpt>
			<trkpt lat="46.7213607849" lon="8.1984757178">
				<ele>602.9</ele>
			</trkpt>
			<trkpt lat="46.7214151818" lon="8.1982922291">
				<ele>602.7</ele>
			</trkpt>
			<trkpt lat="46.7215311175" lon="8.1979387181">
				<ele>602.6</ele>
			</trkpt>
			<trkpt lat="46.7216368115" lon="8.1976452072">
				<ele>602.4</ele>
			</trkpt>
			<trkpt lat="46.7217563715" lon="8.1973375672">
				<ele>602.5</ele>
			</trkpt>
			<trkpt lat="46.7218491756" lon="8.1971059286">
				<ele>602.4</ele>
			</trkpt>
			<trkpt lat="46.7220337630" lon="8.1966970631">
				<ele>602.0</ele>
			</trkpt>
			<trkpt lat="46.7222146438" lon="8.1963343333">
				<ele>601.9</ele>
			</trkpt>
			<trkpt lat="46.7223365330" lon="8.1960830453">
				<ele>601.7</ele>
			</trkpt>
			<trkpt lat="46.7224589530" lon="8.1958400463">
				<ele>601.7</ele>
			</trkpt>
			<trkpt lat="46.7226294932" lon="8.1955031297">
				<ele>601.5</ele>
			</trkpt>
			<trkpt lat="46.7228052862" lon="8.1951512556">
				<ele>601.4</ele>
			</trkpt>
			<trkpt lat="46.7229798442" lon="8.1948309014">
				<ele>601.4</ele>
			</trkpt>
			<trkpt lat="46.7230152922" lon="8.1947623431">
				<ele>601.4</ele>
			</trkpt>
			<trkpt lat="46.7231262762" lon="8.1945476795">
				<ele>601.5</ele>
			</trkpt>
			<trkpt lat="46.7233378527" lon="8.1941346364">
				<ele>601.5</ele>
			</trkpt>
			<trkpt lat="46.7233827476" lon="8.1940468487">
				<ele>601.5</ele>
			</trkpt>
			<trkpt lat="46.7235352776" lon="8.1937486522">
				<ele>601.6</ele>
			</trkpt>
			<trkpt lat="46.7237057024" lon="8.1934282306">
				<ele>601.8</ele>
			</trkpt>
			<trkpt lat="46.7237962754" lon="8.1932633913">
				<ele>601.9</ele>
			</trkpt>
			<trkpt lat="46.7239515348" lon="8.1929452008">
				<ele>602.1</ele>
			</trkpt>
			<trkpt lat="46.7241062103" lon="8.1926703517">
				<ele>602.4</ele>
			</trkpt>
			<trkpt lat="46.7242321979" lon="8.1924321736">
				<ele>602.8</ele>
			</trkpt>
			<trkpt lat="46.7243434853" lon="8.1922375724">
				<ele>603.1</ele>
			</trkpt>
			<trkpt lat="46.7244220861" lon="8.1921104196">
				<ele>603.3</ele>
			</trkpt>
			<trkpt lat="46.7244520292" lon="8.1920619914">
				<ele>603.4</ele>
			</trkpt>
			<trkpt lat="46.7245481112" lon="8.1919344938">
				<ele>603.8</ele>
			</trkpt>
			<trkpt lat="46.7247717645" lon="8.1916432695">
				<ele>604.9</ele>
			</trkpt>
			<trkpt lat="46.7248470500" lon="8.1915521602">
				<ele>605.7</ele>
			</trkpt>
			<trkpt lat="46.7249125678" lon="8.1914716294">
				<ele>606.4</ele>
			</trkpt>
			<trkpt lat="46.7249777843" lon="8.1913959335">
				<ele>607.0</ele>
			</trkpt>
			<trkpt lat="46.7249869977" lon="8.1913711021">
				<ele>607.2</ele>
			</trkpt>
			<trkpt lat="46.7249901216" lon="8.1913435309">
				<ele>607.4</ele>
			</trkpt>
			<trkpt lat="46.7249844926" lon="8.1913063265">
				<ele>607.4</ele>
			</trkpt>
			<trkpt lat="46.7250469725" lon="8.1912990088">
				<ele>607.6</ele>
			</trkpt>
			<trkpt lat="46.7250336921" lon="8.1911725990">
				<ele>607.9</ele>
			</trkpt>
			<trkpt lat="46.7249937279" lon="8.1911568280">
				<ele>608.3</ele>
			</trkpt>
			<trkpt lat="46.7249533543" lon="8.1911350461">
				<ele>608.6</ele>
			</trkpt>
			<trkpt lat="46.7249578253" lon="8.1911186518">
				<ele>608.7</ele>
			</trkpt>
			<trkpt lat="46.7249981122" lon="8.1909231333">
				<ele>608.7</ele>
			</trkpt>
			<trkpt lat="46.7250035343" lon="8.1909016374">
				<ele>608.6</ele>
			</trkpt>
			<trkpt lat="46.7251403495" lon="8.1909649507">
				<ele>607.7</ele>
			</trkpt>
			<trkpt lat="46.7251615972" lon="8.1909718798">
				<ele>607.5</ele>
			</trkpt>
			<trkpt lat="46.7251787271" lon="8.1909634588">
				<ele>607.5</ele>
			</trkpt>
			<trkpt lat="46.7251990348" lon="8.1909328296">
				<ele>607.3</ele>
			</trkpt>
			<trkpt lat="46.7251854674" lon="8.1909194150">
				<ele>607.1</ele>
			</trkpt>
			<trkpt lat="46.7251300780" lon="8.1908336508">
				<ele>606.5</ele>
			</trkpt>
			<trkpt lat="46.7251669760" lon="8.1908082248">
				<ele>606.2</ele>
			</trkpt>
			<trkpt lat="46.7251981257" lon="8.1907773155">
				<ele>606.1</ele>
			</trkpt>
			<trkpt lat="46.7252303804" lon="8.1907384676">
				<ele>606.0</ele>
			</trkpt>
			<trkpt lat="46.7252627875" lon="8.1906914721">
				<ele>605.8</ele>
			</trkpt>
			<trkpt lat="46.7252799521" lon="8.1906613753">
				<ele>605.9</ele>
			</trkpt>
			<trkpt lat="46.7253159207" lon="8.1905845117">
				<ele>605.6</ele>
			</trkpt>
			<trkpt lat="46.7253438970" lon="8.1905204872">
				<ele>605.3</ele>
			</trkpt>
			<trkpt lat="46.7254164058" lon="8.1903414152">
				<ele>604.4</ele>
			</trkpt>
			<trkpt lat="46.7254382750" lon="8.1902950181">
				<ele>604.3</ele>
			</trkpt>
			<trkpt lat="46.7254697111" lon="8.1902342074">
				<ele>604.3</ele>
			</trkpt>
			<trkpt lat="46.7254899101" lon="8.1901968789">
				<ele>604.1</ele>
			</trkpt>
			<trkpt lat="46.7255048502" lon="8.1901712901">
				<ele>604.0</ele>
			</trkpt>
			<trkpt lat="46.7255427916" lon="8.1901280600">
				<ele>603.5</ele>
			</trkpt>
			<trkpt lat="46.7255770788" lon="8.1901042712">
				<ele>603.5</ele>
			</trkpt>
			<trkpt lat="46.7255996620" lon="8.1900900917">
				<ele>603.4</ele>
			</trkpt>
			<trkpt lat="46.7256391192" lon="8.1900803063">
				<ele>603.1</ele>
			</trkpt>
			<trkpt lat="46.7256782884" lon="8.1900760774">
				<ele>602.8</ele>
			</trkpt>
			<trkpt lat="46.7257581981" lon="8.1900898933">
				<ele>602.6</ele>
			</trkpt>
			<trkpt lat="46.7257966000" lon="8.1900915406">
				<ele>602.5</ele>
			</trkpt>
			<trkpt lat="46.7258420750" lon="8.1900790788">
				<ele>602.3</ele>
			</trkpt>
			<trkpt lat="46.7258749085" lon="8.1900616142">
				<ele>602.3</ele>
			</trkpt>
			<trkpt lat="46.7258947354" lon="8.1900465850">
				<ele>602.2</ele>
			</trkpt>
			<trkpt lat="46.7259546720" lon="8.1899705641">
				<ele>602.0</ele>
			</trkpt>
			<trkpt lat="46.7259835996" lon="8.1899000237">
				<ele>601.6</ele>
			</trkpt>
			<trkpt lat="46.7260137166" lon="8.1897855066">
				<ele>601.3</ele>
			</trkpt>
			<trkpt lat="46.7260486246" lon="8.1896277016">
				<ele>601.1</ele>
			</trkpt>
			<trkpt lat="46.7260598221" lon="8.1895720894">
				<ele>600.9</ele>
			</trkpt>
			<trkpt lat="46.7260943807" lon="8.1894004133">
				<ele>600.6</ele>
			</trkpt>
			<trkpt lat="46.7261166774" lon="8.1893081037">
				<ele>600.5</ele>
			</trkpt>
			<trkpt lat="46.7261462177" lon="8.1892113036">
				<ele>600.2</ele>
			</trkpt>
			<trkpt lat="46.7261555488" lon="8.1891836472">
				<ele>600.2</ele>
			</trkpt>
			<trkpt lat="46.7261720174" lon="8.1891348192">
				<ele>600.2</ele>
			</trkpt>
			<trkpt lat="46.7262183267" lon="8.1890284146">
				<ele>599.8</ele>
			</trkpt>
			<trkpt lat="46.7262485515" lon="8.1889670880">
				<ele>599.8</ele>
			</trkpt>
			<trkpt lat="46.7263070667" lon="8.1888595186">
				<ele>599.7</ele>
			</trkpt>
			<trkpt lat="46.7263426545" lon="8.1888061552">
				<ele>599.5</ele>
			</trkpt>
			<trkpt lat="46.7263991196" lon="8.1887366642">
				<ele>599.5</ele>
			</trkpt>
			<trkpt lat="46.7264487298" lon="8.1886782369">
				<ele>599.4</ele>
			</trkpt>
			<trkpt lat="46.7265228460" lon="8.1886030649">
				<ele>599.4</ele>
			</trkpt>
			<trkpt lat="46.7265865696" lon="8.1885297236">
				<ele>599.2</ele>
			</trkpt>
			<trkpt lat="46.7266470789" lon="8.1884635723">
				<ele>599.1</ele>
			</trkpt>
			<trkpt lat="46.7267521120" lon="8.1883573150">
				<ele>598.5</ele>
			</trkpt>
			<trkpt lat="46.7268349736" lon="8.1882573160">
				<ele>598.4</ele>
			</trkpt>
			<trkpt lat="46.7270413076" lon="8.1879129848">
				<ele>598.6</ele>
			</trkpt>
			<trkpt lat="46.7272060041" lon="8.1876363482">
				<ele>598.3</ele>
			</trkpt>
			<trkpt lat="46.7273785092" lon="8.1873471812">
				<ele>597.9</ele>
			</trkpt>
			<trkpt lat="46.7274583955" lon="8.1872165391">
				<ele>597.9</ele>
			</trkpt>
			<trkpt lat="46.7273646653" lon="8.1871112349">
				<ele>598.0</ele>
			</trkpt>
			<trkpt lat="46.7271047103" lon="8.1867725153">
				<ele>597.4</ele>
			</trkpt>
			<trkpt lat="46.7271163595" lon="8.1867355497">
				<ele>597.2</ele>
			</trkpt>
			<trkpt lat="46.7271216230" lon="8.1866996860">
				<ele>597.2</ele>
			</trkpt>
			<trkpt lat="46.7271214967" lon="8.1866202233">
				<ele>596.7</ele>
			</trkpt>
			<trkpt lat="46.7271184020" lon="8.1864747466">
				<ele>596.2</ele>
			</trkpt>
			<trkpt lat="46.7271060420" lon="8.1862852372">
				<ele>595.6</ele>
			</trkpt>
			<trkpt lat="46.7271001489" lon="8.1861865167">
				<ele>595.4</ele>
			</trkpt>
			<trkpt lat="46.7270998899" lon="8.1861354533">
				<ele>595.4</ele>
			</trkpt>
			<trkpt lat="46.7271128544" lon="8.1860638122">
				<ele>595.4</ele>
			</trkpt>
			<trkpt lat="46.7271165292" lon="8.1860435385">
				<ele>595.4</ele>
			</trkpt>
		</trkseg>
	</trk>
</gpx>
