<?xml version="1.0"?>
<gpx version="1.1" xmlns="http://www.topografix.com/GPX/1/1" xmlns:xsi="http://www.w3.org/2001/XMLSchema-instance" xsi:schemaLocation="http://www.topografix.com/GPX/1/1 http://www.topografix.com/GPX/1/1/gpx.xsd">
	<metadata>
		<name>Rotstockhuette Gspaltenhornhuette</name>
	</metadata>
	<trk type="hiking">
		<trkseg>
			<trkpt lat="46.5452214349" lon="7.8379393476">
				<ele>2032.4</ele>
			</trkpt>
			<trkpt lat="46.5451796453" lon="7.8378996126">
				<ele>2032.2</ele>
			</trkpt>
			<trkpt lat="46.5451354397" lon="7.8378588047">
				<ele>2033.0</ele>
			</trkpt>
			<trkpt lat="46.5451347705" lon="7.8378111337">
				<ele>2034.0</ele>
			</trkpt>
			<trkpt lat="46.5451575308" lon="7.8377389683">
				<ele>2034.8</ele>
			</trkpt>
			<trkpt lat="46.5451609257" lon="7.8376764115">
				<ele>2035.4</ele>
			</trkpt>
			<trkpt lat="46.5451490284" lon="7.8376086061">
				<ele>2036.2</ele>
			</trkpt>
			<trkpt lat="46.5451589205" lon="7.8375299830">
				<ele>2037.5</ele>
			</trkpt>
			<trkpt lat="46.5451712049" lon="7.8374592396">
				<ele>2037.8</ele>
			</trkpt>
			<trkpt lat="46.5451892692" lon="7.8373383691">
				<ele>2038.6</ele>
			</trkpt>
			<trkpt lat="46.5451861565" lon="7.8372306152">
				<ele>2039.4</ele>
			</trkpt>
			<trkpt lat="46.5451680331" lon="7.8371527112">
				<ele>2040.4</ele>
			</trkpt>
			<trkpt lat="46.5451561972" lon="7.8370621818">
				<ele>2041.0</ele>
			</trkpt>
			<trkpt lat="46.5451789729" lon="7.8369854788">
				<ele>2041.8</ele>
			</trkpt>
			<trkpt lat="46.5452065879" lon="7.8369063596">
				<ele>2042.8</ele>
			</trkpt>
			<trkpt lat="46.5452076528" lon="7.8368154811">
				<ele>2043.6</ele>
			</trkpt>
			<trkpt lat="46.5451916967" lon="7.8367557294">
				<ele>2044.4</ele>
			</trkpt>
			<trkpt lat="46.5452023553" lon="7.8366918444">
				<ele>2045.5</ele>
			</trkpt>
			<trkpt lat="46.5452042592" lon="7.8365873215">
				<ele>2046.3</ele>
			</trkpt>
			<trkpt lat="46.5452334654" lon="7.8365161157">
				<ele>2047.1</ele>
			</trkpt>
			<trkpt lat="46.5452559966" lon="7.8363832305">
				<ele>2047.8</ele>
			</trkpt>
			<trkpt lat="46.5452523587" lon="7.8363045212">
				<ele>2048.6</ele>
			</trkpt>
			<trkpt lat="46.5452764664" lon="7.8361502916">
				<ele>2049.7</ele>
			</trkpt>
			<trkpt lat="46.5452806917" lon="7.8360687449">
				<ele>2050.7</ele>
			</trkpt>
			<trkpt lat="46.5453184662" lon="7.8359292049">
				<ele>2051.7</ele>
			</trkpt>
			<trkpt lat="46.5453348515" lon="7.8357399381">
				<ele>2053.3</ele>
			</trkpt>
			<trkpt lat="46.5453627406" lon="7.8356207167">
				<ele>2054.7</ele>
			</trkpt>
			<trkpt lat="46.5453768912" lon="7.8355071694">
				<ele>2055.4</ele>
			</trkpt>
			<trkpt lat="46.5454579460" lon="7.8353359776">
				<ele>2057.7</ele>
			</trkpt>
			<trkpt lat="46.5455175629" lon="7.8351237668">
				<ele>2059.7</ele>
			</trkpt>
			<trkpt lat="46.5456023992" lon="7.8349875558">
				<ele>2061.9</ele>
			</trkpt>
			<trkpt lat="46.5456401825" lon="7.8348451200">
				<ele>2063.5</ele>
			</trkpt>
			<trkpt lat="46.5457369043" lon="7.8346798684">
				<ele>2065.9</ele>
			</trkpt>
			<trkpt lat="46.5457491741" lon="7.8345430081">
				<ele>2067.7</ele>
			</trkpt>
			<trkpt lat="46.5457420565" lon="7.8343418858">
				<ele>2069.5</ele>
			</trkpt>
			<trkpt lat="46.5457535939" lon="7.8342344202">
				<ele>2070.6</ele>
			</trkpt>
			<trkpt lat="46.5457572271" lon="7.8342218393">
				<ele>2070.8</ele>
			</trkpt>
			<trkpt lat="46.5457773435" lon="7.8341306947">
				<ele>2071.6</ele>
			</trkpt>
			<trkpt lat="46.5457979684" lon="7.8340433612">
				<ele>2072.2</ele>
			</trkpt>
			<trkpt lat="46.5458112027" lon="7.8339833660">
				<ele>2073.0</ele>
			</trkpt>
			<trkpt lat="46.5458228999" lon="7.8339126946">
				<ele>2073.9</ele>
			</trkpt>
			<trkpt lat="46.5458471566" lon="7.8338337577">
				<ele>2075.5</ele>
			</trkpt>
			<trkpt lat="46.5458729268" lon="7.8337723288">
				<ele>2076.2</ele>
			</trkpt>
			<trkpt lat="46.5458725657" lon="7.8337183100">
				<ele>2077.1</ele>
			</trkpt>
			<trkpt lat="46.5458675091" lon="7.8336642569">
				<ele>2077.4</ele>
			</trkpt>
			<trkpt lat="46.5458702224" lon="7.8336315645">
				<ele>2077.9</ele>
			</trkpt>
			<trkpt lat="46.5458817637" lon="7.8336133957">
				<ele>2078.3</ele>
			</trkpt>
			<trkpt lat="46.5459059002" lon="7.8335717328">
				<ele>2079.0</ele>
			</trkpt>
			<trkpt lat="46.5459226881" lon="7.8335452188">
				<ele>2079.3</ele>
			</trkpt>
			<trkpt lat="46.5459348866" lon="7.8334829343">
				<ele>2079.7</ele>
			</trkpt>
			<trkpt lat="46.5459345875" lon="7.8334083814">
				<ele>2080.7</ele>
			</trkpt>
			<trkpt lat="46.5459307092" lon="7.8333102164">
				<ele>2081.6</ele>
			</trkpt>
			<trkpt lat="46.5459371764" lon="7.8332455955">
				<ele>2081.2</ele>
			</trkpt>
			<trkpt lat="46.5459284014" lon="7.8332105506">
				<ele>2081.6</ele>
			</trkpt>
			<trkpt lat="46.5459060304" lon="7.8331868021">
				<ele>2081.6</ele>
			</trkpt>
			<trkpt lat="46.5458972246" lon="7.8331631524">
				<ele>2081.6</ele>
			</trkpt>
			<trkpt lat="46.5458989512" lon="7.8331114434">
				<ele>2081.8</ele>
			</trkpt>
			<trkpt lat="46.5459064632" lon="7.8330437923">
				<ele>2081.8</ele>
			</trkpt>
			<trkpt lat="46.5458977436" lon="7.8329927504">
				<ele>2082.5</ele>
			</trkpt>
			<trkpt lat="46.5458859249" lon="7.8329325724">
				<ele>2082.8</ele>
			</trkpt>
			<trkpt lat="46.5458772104" lon="7.8328800183">
				<ele>2083.0</ele>
			</trkpt>
			<trkpt lat="46.5458694822" lon="7.8328464938">
				<ele>2083.2</ele>
			</trkpt>
			<trkpt lat="46.5458554896" lon="7.8328113979">
				<ele>2083.0</ele>
			</trkpt>
			<trkpt lat="46.5458468011" lon="7.8327512432">
				<ele>2083.3</ele>
			</trkpt>
			<trkpt lat="46.5458364697" lon="7.8327161740">
				<ele>2083.5</ele>
			</trkpt>
			<trkpt lat="46.5458466445" lon="7.8326302761">
				<ele>2084.5</ele>
			</trkpt>
			<trkpt lat="46.5458572046" lon="7.8325915523">
				<ele>2085.1</ele>
			</trkpt>
			<trkpt lat="46.5458897184" lon="7.8325438611">
				<ele>2085.9</ele>
			</trkpt>
			<trkpt lat="46.5459242096" lon="7.8325304224">
				<ele>2086.5</ele>
			</trkpt>
			<trkpt lat="46.5459336770" lon="7.8325084312">
				<ele>2086.6</ele>
			</trkpt>
			<trkpt lat="46.5459422166" lon="7.8324453504">
				<ele>2087.2</ele>
			</trkpt>
			<trkpt lat="46.5459543777" lon="7.8323937044">
				<ele>2087.5</ele>
			</trkpt>
			<trkpt lat="46.5459785066" lon="7.8323566043">
				<ele>2088.0</ele>
			</trkpt>
			<trkpt lat="46.5460062492" lon="7.8323332205">
				<ele>2088.6</ele>
			</trkpt>
			<trkpt lat="46.5460125722" lon="7.8323127315">
				<ele>2088.7</ele>
			</trkpt>
			<trkpt lat="46.5460080061" lon="7.8322700902">
				<ele>2089.3</ele>
			</trkpt>
			<trkpt lat="46.5460144017" lon="7.8322260162">
				<ele>2089.3</ele>
			</trkpt>
			<trkpt lat="46.5460108603" lon="7.8321887153">
				<ele>2089.1</ele>
			</trkpt>
			<trkpt lat="46.5459890519" lon="7.8321505248">
				<ele>2089.1</ele>
			</trkpt>
			<trkpt lat="46.5459703713" lon="7.8321131138">
				<ele>2089.3</ele>
			</trkpt>
			<trkpt lat="46.5459668023" lon="7.8320864641">
				<ele>2089.6</ele>
			</trkpt>
			<trkpt lat="46.5459648330" lon="7.8320446112">
				<ele>2090.7</ele>
			</trkpt>
			<trkpt lat="46.5459675327" lon="7.8320157126">
				<ele>2091.0</ele>
			</trkpt>
			<trkpt lat="46.5459832823" lon="7.8319876782">
				<ele>2091.7</ele>
			</trkpt>
			<trkpt lat="46.5459995086" lon="7.8319725807">
				<ele>2092.0</ele>
			</trkpt>
			<trkpt lat="46.5460147957" lon="7.8319247643">
				<ele>2092.9</ele>
			</trkpt>
			<trkpt lat="46.5460249052" lon="7.8318601825">
				<ele>2093.6</ele>
			</trkpt>
			<trkpt lat="46.5460292347" lon="7.8318100047">
				<ele>2094.0</ele>
			</trkpt>
			<trkpt lat="46.5460393612" lon="7.8317431282">
				<ele>2094.7</ele>
			</trkpt>
			<trkpt lat="46.5460473732" lon="7.8316815690">
				<ele>2094.8</ele>
			</trkpt>
			<trkpt lat="46.5460323196" lon="7.8316540670">
				<ele>2095.0</ele>
			</trkpt>
			<trkpt lat="46.5460073462" lon="7.8316257498">
				<ele>2094.8</ele>
			</trkpt>
			<trkpt lat="46.5459985465" lon="7.8316028566">
				<ele>2095.4</ele>
			</trkpt>
			<trkpt lat="46.5459960513" lon="7.8315648067">
				<ele>2096.4</ele>
			</trkpt>
			<trkpt lat="46.5459956009" lon="7.8315389362">
				<ele>2096.8</ele>
			</trkpt>
			<trkpt lat="46.5459883898" lon="7.8315092224">
				<ele>2097.1</ele>
			</trkpt>
			<trkpt lat="46.5460013288" lon="7.8314745050">
				<ele>2097.3</ele>
			</trkpt>
			<trkpt lat="46.5460241931" lon="7.8314414372">
				<ele>2097.6</ele>
			</trkpt>
			<trkpt lat="46.5460258411" lon="7.8314044474">
				<ele>2098.0</ele>
			</trkpt>
			<trkpt lat="46.5460114364" lon="7.8313348767">
				<ele>2098.3</ele>
			</trkpt>
			<trkpt lat="46.5459974439" lon="7.8312917239">
				<ele>2098.7</ele>
			</trkpt>
			<trkpt lat="46.5459465783" lon="7.8312407548">
				<ele>2099.6</ele>
			</trkpt>
			<trkpt lat="46.5459244286" lon="7.8312179473">
				<ele>2100.3</ele>
			</trkpt>
			<trkpt lat="46.5459139325" lon="7.8311861500">
				<ele>2100.3</ele>
			</trkpt>
			<trkpt lat="46.5458729006" lon="7.8311321232">
				<ele>2101.7</ele>
			</trkpt>
			<trkpt lat="46.5458378951" lon="7.8311043465">
				<ele>2102.3</ele>
			</trkpt>
			<trkpt lat="46.5458107535" lon="7.8310135101">
				<ele>2103.6</ele>
			</trkpt>
			<trkpt lat="46.5457944155" lon="7.8308940429">
				<ele>2105.7</ele>
			</trkpt>
			<trkpt lat="46.5457796381" lon="7.8307654212">
				<ele>2107.8</ele>
			</trkpt>
			<trkpt lat="46.5457593689" lon="7.8306746221">
				<ele>2109.1</ele>
			</trkpt>
			<trkpt lat="46.5456949563" lon="7.8305502567">
				<ele>2111.9</ele>
			</trkpt>
			<trkpt lat="46.5456395370" lon="7.8304684081">
				<ele>2113.8</ele>
			</trkpt>
			<trkpt lat="46.5456001841" lon="7.8303786315">
				<ele>2115.6</ele>
			</trkpt>
			<trkpt lat="46.5455470385" lon="7.8303025362">
				<ele>2117.7</ele>
			</trkpt>
			<trkpt lat="46.5454993166" lon="7.8302058154">
				<ele>2119.5</ele>
			</trkpt>
			<trkpt lat="46.5454250972" lon="7.8300504025">
				<ele>2123.5</ele>
			</trkpt>
			<trkpt lat="46.5453713586" lon="7.8299295448">
				<ele>2126.1</ele>
			</trkpt>
			<trkpt lat="46.5453530992" lon="7.8299133633">
				<ele>2126.6</ele>
			</trkpt>
			<trkpt lat="46.5453364041" lon="7.8298868543">
				<ele>2127.6</ele>
			</trkpt>
			<trkpt lat="46.5452914241" lon="7.8298716400">
				<ele>2128.9</ele>
			</trkpt>
			<trkpt lat="46.5452839666" lon="7.8298245329">
				<ele>2130.3</ele>
			</trkpt>
			<trkpt lat="46.5452657436" lon="7.8298003205">
				<ele>2130.8</ele>
			</trkpt>
			<trkpt lat="46.5452382308" lon="7.8298093133">
				<ele>2131.6</ele>
			</trkpt>
			<trkpt lat="46.5452117533" lon="7.8297448720">
				<ele>2133.1</ele>
			</trkpt>
			<trkpt lat="46.5451858694" lon="7.8297274882">
				<ele>2133.7</ele>
			</trkpt>
			<trkpt lat="46.5451614099" lon="7.8297353689">
				<ele>2134.2</ele>
			</trkpt>
			<trkpt lat="46.5451370503" lon="7.8297168358">
				<ele>2135.0</ele>
			</trkpt>
			<trkpt lat="46.5451104344" lon="7.8296925629">
				<ele>2135.7</ele>
			</trkpt>
			<trkpt lat="46.5450813322" lon="7.8297164725">
				<ele>2136.5</ele>
			</trkpt>
			<trkpt lat="46.5450531228" lon="7.8297082506">
				<ele>2137.1</ele>
			</trkpt>
			<trkpt lat="46.5450295553" lon="7.8296817051">
				<ele>2138.1</ele>
			</trkpt>
			<trkpt lat="46.5450074699" lon="7.8296689250">
				<ele>2138.6</ele>
			</trkpt>
			<trkpt lat="46.5449877493" lon="7.8296355235">
				<ele>2139.4</ele>
			</trkpt>
			<trkpt lat="46.5449741444" lon="7.8295998583">
				<ele>2140.7</ele>
			</trkpt>
			<trkpt lat="46.5449231440" lon="7.8295616417">
				<ele>2142.0</ele>
			</trkpt>
			<trkpt lat="46.5448959145" lon="7.8294960481">
				<ele>2143.6</ele>
			</trkpt>
			<trkpt lat="46.5448733230" lon="7.8294132783">
				<ele>2145.7</ele>
			</trkpt>
			<trkpt lat="46.5448787815" lon="7.8293823271">
				<ele>2146.7</ele>
			</trkpt>
			<trkpt lat="46.5448620790" lon="7.8293581261">
				<ele>2147.3</ele>
			</trkpt>
			<trkpt lat="46.5448423580" lon="7.8293247116">
				<ele>2148.0</ele>
			</trkpt>
			<trkpt lat="46.5448905475" lon="7.8292986319">
				<ele>2149.6</ele>
			</trkpt>
			<trkpt lat="46.5449211544" lon="7.8292793222">
				<ele>2150.4</ele>
			</trkpt>
			<trkpt lat="46.5449440724" lon="7.8292748853">
				<ele>2150.9</ele>
			</trkpt>
			<trkpt lat="46.5449526256" lon="7.8292336305">
				<ele>2152.0</ele>
			</trkpt>
			<trkpt lat="46.5449473329" lon="7.8292186772">
				<ele>2152.5</ele>
			</trkpt>
			<trkpt lat="46.5449244750" lon="7.8292081996">
				<ele>2153.0</ele>
			</trkpt>
			<trkpt lat="46.5449101057" lon="7.8291725291">
				<ele>2154.1</ele>
			</trkpt>
			<trkpt lat="46.5449079200" lon="7.8291461250">
				<ele>2154.6</ele>
			</trkpt>
			<trkpt lat="46.5448804467" lon="7.8291436453">
				<ele>2155.4</ele>
			</trkpt>
			<trkpt lat="46.5448545497" lon="7.8291274092">
				<ele>2155.9</ele>
			</trkpt>
			<trkpt lat="46.5448332893" lon="7.8290997203">
				<ele>2157.2</ele>
			</trkpt>
			<trkpt lat="46.5447876556" lon="7.8290546590">
				<ele>2158.8</ele>
			</trkpt>
			<trkpt lat="46.5447801704" lon="7.8290155964">
				<ele>2160.3</ele>
			</trkpt>
			<trkpt lat="46.5447687545" lon="7.8290051883">
				<ele>2160.9</ele>
			</trkpt>
			<trkpt lat="46.5447513155" lon="7.8289752455">
				<ele>2161.9</ele>
			</trkpt>
			<trkpt lat="46.5447384468" lon="7.8289453226">
				<ele>2162.4</ele>
			</trkpt>
			<trkpt lat="46.5447148004" lon="7.8289417232">
				<ele>2162.9</ele>
			</trkpt>
			<trkpt lat="46.5446988660" lon="7.8289163675">
				<ele>2163.5</ele>
			</trkpt>
			<trkpt lat="46.5446759514" lon="7.8289196573">
				<ele>2164.0</ele>
			</trkpt>
			<trkpt lat="46.5446454966" lon="7.8288999466">
				<ele>2164.8</ele>
			</trkpt>
			<trkpt lat="46.5446396034" lon="7.8288425255">
				<ele>2166.1</ele>
			</trkpt>
			<trkpt lat="46.5446405832" lon="7.8287851540">
				<ele>2167.7</ele>
			</trkpt>
			<trkpt lat="46.5446414827" lon="7.8287484466">
				<ele>2169.2</ele>
			</trkpt>
			<trkpt lat="46.5446476940" lon="7.8287209428">
				<ele>2169.7</ele>
			</trkpt>
			<trkpt lat="46.5446622350" lon="7.8287118562">
				<ele>2170.3</ele>
			</trkpt>
			<trkpt lat="46.5446699706" lon="7.8286832154">
				<ele>2171.1</ele>
			</trkpt>
			<trkpt lat="46.5446601481" lon="7.8286567575">
				<ele>2171.3</ele>
			</trkpt>
			<trkpt lat="46.5446693931" lon="7.8286338650">
				<ele>2171.8</ele>
			</trkpt>
			<trkpt lat="46.5446566165" lon="7.8285821429">
				<ele>2172.6</ele>
			</trkpt>
			<trkpt lat="46.5446569100" lon="7.8285018073">
				<ele>2173.4</ele>
			</trkpt>
			<trkpt lat="46.5446822846" lon="7.8284526294">
				<ele>2173.9</ele>
			</trkpt>
			<trkpt lat="46.5447007473" lon="7.8284148892">
				<ele>2174.2</ele>
			</trkpt>
			<trkpt lat="46.5446918125" lon="7.8283551513">
				<ele>2174.5</ele>
			</trkpt>
			<trkpt lat="46.5446866440" lon="7.8283092213">
				<ele>2175.5</ele>
			</trkpt>
			<trkpt lat="46.5446563949" lon="7.8282321339">
				<ele>2176.3</ele>
			</trkpt>
			<trkpt lat="46.5446520030" lon="7.8281827544">
				<ele>2176.5</ele>
			</trkpt>
			<trkpt lat="46.5446560720" lon="7.8281162269">
				<ele>2176.5</ele>
			</trkpt>
			<trkpt lat="46.5446577322" lon="7.8280806591">
				<ele>2177.1</ele>
			</trkpt>
			<trkpt lat="46.5446174296" lon="7.8280390792">
				<ele>2177.6</ele>
			</trkpt>
			<trkpt lat="46.5445801454" lon="7.8280066993">
				<ele>2178.4</ele>
			</trkpt>
			<trkpt lat="46.5445551328" lon="7.8279606268">
				<ele>2179.7</ele>
			</trkpt>
			<trkpt lat="46.5445073019" lon="7.8278926059">
				<ele>2180.5</ele>
			</trkpt>
			<trkpt lat="46.5444891047" lon="7.8278580684">
				<ele>2181.5</ele>
			</trkpt>
			<trkpt lat="46.5444884758" lon="7.8278236317">
				<ele>2182.0</ele>
			</trkpt>
			<trkpt lat="46.5444748263" lon="7.8277982924">
				<ele>2183.1</ele>
			</trkpt>
			<trkpt lat="46.5444467838" lon="7.8277464753">
				<ele>2184.4</ele>
			</trkpt>
			<trkpt lat="46.5444086877" lon="7.8277278579">
				<ele>2184.9</ele>
			</trkpt>
			<trkpt lat="46.5443646419" lon="7.8276656003">
				<ele>2185.7</ele>
			</trkpt>
			<trkpt lat="46.5443328401" lon="7.8275976807">
				<ele>2187.0</ele>
			</trkpt>
			<trkpt lat="46.5442903312" lon="7.8275331394">
				<ele>2188.6</ele>
			</trkpt>
			<trkpt lat="46.5442965428" lon="7.8275056352">
				<ele>2189.9</ele>
			</trkpt>
			<trkpt lat="46.5443271174" lon="7.8274955037">
				<ele>2190.7</ele>
			</trkpt>
			<trkpt lat="46.5443600046" lon="7.8274773692">
				<ele>2191.2</ele>
			</trkpt>
			<trkpt lat="46.5443768989" lon="7.8274510764">
				<ele>2192.2</ele>
			</trkpt>
			<trkpt lat="46.5443578858" lon="7.8274314488">
				<ele>2192.8</ele>
			</trkpt>
			<trkpt lat="46.5443427394" lon="7.8273992156">
				<ele>2193.6</ele>
			</trkpt>
			<trkpt lat="46.5443123563" lon="7.8273611501">
				<ele>2194.9</ele>
			</trkpt>
			<trkpt lat="46.5442773448" lon="7.8273322280">
				<ele>2196.2</ele>
			</trkpt>
			<trkpt lat="46.5442766961" lon="7.8273035287">
				<ele>2196.4</ele>
			</trkpt>
			<trkpt lat="46.5442645912" lon="7.8272736108">
				<ele>2197.7</ele>
			</trkpt>
			<trkpt lat="46.5442189058" lon="7.8272434806">
				<ele>2199.6</ele>
			</trkpt>
			<trkpt lat="46.5442090428" lon="7.8272261994">
				<ele>2200.1</ele>
			</trkpt>
			<trkpt lat="46.5442076175" lon="7.8272009481">
				<ele>2200.6</ele>
			</trkpt>
			<trkpt lat="46.5442214255" lon="7.8271826781">
				<ele>2201.1</ele>
			</trkpt>
			<trkpt lat="46.5441711097" lon="7.8271651338">
				<ele>2203.2</ele>
			</trkpt>
			<trkpt lat="46.5441391445" lon="7.8271396761">
				<ele>2204.3</ele>
			</trkpt>
			<trkpt lat="46.5440933875" lon="7.8271279018">
				<ele>2205.8</ele>
			</trkpt>
			<trkpt lat="46.5440912098" lon="7.8270991900">
				<ele>2206.9</ele>
			</trkpt>
			<trkpt lat="46.5440851972" lon="7.8270739058">
				<ele>2207.2</ele>
			</trkpt>
			<trkpt lat="46.5440447042" lon="7.8270828205">
				<ele>2209.2</ele>
			</trkpt>
			<trkpt lat="46.5440348500" lon="7.8270655411">
				<ele>2209.2</ele>
			</trkpt>
			<trkpt lat="46.5440570820" lon="7.8270381519">
				<ele>2210.8</ele>
			</trkpt>
			<trkpt lat="46.5440273353" lon="7.8270322155">
				<ele>2211.3</ele>
			</trkpt>
			<trkpt lat="46.5440136787" lon="7.8270114648">
				<ele>2212.6</ele>
			</trkpt>
			<trkpt lat="46.5439855243" lon="7.8269871837">
				<ele>2214.2</ele>
			</trkpt>
			<trkpt lat="46.5439391734" lon="7.8269306464">
				<ele>2216.8</ele>
			</trkpt>
			<trkpt lat="46.5439377510" lon="7.8269019544">
				<ele>2217.4</ele>
			</trkpt>
			<trkpt lat="46.5439202557" lon="7.8268857661">
				<ele>2218.4</ele>
			</trkpt>
			<trkpt lat="46.5439157604" lon="7.8268639353">
				<ele>2218.7</ele>
			</trkpt>
			<trkpt lat="46.5438846471" lon="7.8268155396">
				<ele>2221.0</ele>
			</trkpt>
			<trkpt lat="46.5438649103" lon="7.8267867148">
				<ele>2222.1</ele>
			</trkpt>
			<trkpt lat="46.5438138374" lon="7.8267668706">
				<ele>2223.1</ele>
			</trkpt>
			<trkpt lat="46.5438261441" lon="7.8267428526">
				<ele>2223.9</ele>
			</trkpt>
			<trkpt lat="46.5438247026" lon="7.8267198979">
				<ele>2224.4</ele>
			</trkpt>
			<trkpt lat="46.5438071628" lon="7.8267140349">
				<ele>2224.9</ele>
			</trkpt>
			<trkpt lat="46.5437681636" lon="7.8267332988">
				<ele>2225.7</ele>
			</trkpt>
			<trkpt lat="46.5437475900" lon="7.8267228258">
				<ele>2226.2</ele>
			</trkpt>
			<trkpt lat="46.5437423226" lon="7.8267032845">
				<ele>2226.8</ele>
			</trkpt>
			<trkpt lat="46.5437240507" lon="7.8266905458">
				<ele>2227.8</ele>
			</trkpt>
			<trkpt lat="46.5436965382" lon="7.8266995394">
				<ele>2228.3</ele>
			</trkpt>
			<trkpt lat="46.5436798267" lon="7.8266776339">
				<ele>2228.9</ele>
			</trkpt>
			<trkpt lat="46.5436821950" lon="7.8266558397">
				<ele>2230.2</ele>
			</trkpt>
			<trkpt lat="46.5436983125" lon="7.8266329965">
				<ele>2230.7</ele>
			</trkpt>
			<trkpt lat="46.5437022929" lon="7.8265894153">
				<ele>2231.2</ele>
			</trkpt>
			<trkpt lat="46.5437138789" lon="7.8265527718">
				<ele>2232.0</ele>
			</trkpt>
			<trkpt lat="46.5436917771" lon="7.8265445956">
				<ele>2232.5</ele>
			</trkpt>
			<trkpt lat="46.5436726338" lon="7.8265605340">
				<ele>2232.5</ele>
			</trkpt>
			<trkpt lat="46.5436413306" lon="7.8265626174">
				<ele>2233.3</ele>
			</trkpt>
			<trkpt lat="46.5436237365" lon="7.8265728295">
				<ele>2234.1</ele>
			</trkpt>
			<trkpt lat="46.5436123839" lon="7.8265463600">
				<ele>2235.1</ele>
			</trkpt>
			<trkpt lat="46.5435795398" lon="7.8265518874">
				<ele>2236.2</ele>
			</trkpt>
			<trkpt lat="46.5435717485" lon="7.8265942937">
				<ele>2236.2</ele>
			</trkpt>
			<trkpt lat="46.5435472468" lon="7.8266147962">
				<ele>2237.0</ele>
			</trkpt>
			<trkpt lat="46.5435389084" lon="7.8265986737">
				<ele>2237.5</ele>
			</trkpt>
			<trkpt lat="46.5435382100" lon="7.8265107589">
				<ele>2238.5</ele>
			</trkpt>
			<trkpt lat="46.5435058289" lon="7.8264384698">
				<ele>2241.3</ele>
			</trkpt>
			<trkpt lat="46.5434886110" lon="7.8263856624">
				<ele>2242.6</ele>
			</trkpt>
			<trkpt lat="46.5434910197" lon="7.8263466838">
				<ele>2243.1</ele>
			</trkpt>
			<trkpt lat="46.5434850334" lon="7.8263294578">
				<ele>2244.1</ele>
			</trkpt>
			<trkpt lat="46.5434684816" lon="7.8263030180">
				<ele>2244.7</ele>
			</trkpt>
			<trkpt lat="46.5434450170" lon="7.8263040484">
				<ele>2245.4</ele>
			</trkpt>
			<trkpt lat="46.5434162087" lon="7.8263211175">
				<ele>2246.2</ele>
			</trkpt>
			<trkpt lat="46.5433950126" lon="7.8263244591">
				<ele>2246.5</ele>
			</trkpt>
			<trkpt lat="46.5433798782" lon="7.8263255252">
				<ele>2247.3</ele>
			</trkpt>
			<trkpt lat="46.5433669325" lon="7.8263495512">
				<ele>2247.8</ele>
			</trkpt>
			<trkpt lat="46.5433436335" lon="7.8263047183">
				<ele>2248.6</ele>
			</trkpt>
			<trkpt lat="46.5433202642" lon="7.8262805357">
				<ele>2249.6</ele>
			</trkpt>
			<trkpt lat="46.5432946005" lon="7.8262643689">
				<ele>2250.4</ele>
			</trkpt>
			<trkpt lat="46.5432788628" lon="7.8262207249">
				<ele>2251.5</ele>
			</trkpt>
			<trkpt lat="46.5432638543" lon="7.8261874115">
				<ele>2252.0</ele>
			</trkpt>
			<trkpt lat="46.5432351788" lon="7.8261654987">
				<ele>2253.0</ele>
			</trkpt>
			<trkpt lat="46.5431959468" lon="7.8261343595">
				<ele>2254.1</ele>
			</trkpt>
			<trkpt lat="46.5431439639" lon="7.8260699088">
				<ele>2255.4</ele>
			</trkpt>
			<trkpt lat="46.5430949542" lon="7.8260226769">
				<ele>2256.2</ele>
			</trkpt>
			<trkpt lat="46.5430331316" lon="7.8259604765">
				<ele>2257.5</ele>
			</trkpt>
			<trkpt lat="46.5429758089" lon="7.8259109159">
				<ele>2258.3</ele>
			</trkpt>
			<trkpt lat="46.5429358955" lon="7.8258579867">
				<ele>2259.3</ele>
			</trkpt>
			<trkpt lat="46.5428876919" lon="7.8257958586">
				<ele>2260.4</ele>
			</trkpt>
			<trkpt lat="46.5428499474" lon="7.8257716007">
				<ele>2261.1</ele>
			</trkpt>
			<trkpt lat="46.5428191141" lon="7.8257175749">
				<ele>2262.4</ele>
			</trkpt>
			<trkpt lat="46.5427912735" lon="7.8256750321">
				<ele>2263.2</ele>
			</trkpt>
			<trkpt lat="46.5427384530" lon="7.8256346566">
				<ele>2264.5</ele>
			</trkpt>
			<trkpt lat="46.5427069002" lon="7.8255725954">
				<ele>2265.3</ele>
			</trkpt>
			<trkpt lat="46.5426971966" lon="7.8255347180">
				<ele>2265.8</ele>
			</trkpt>
			<trkpt lat="46.5426822180" lon="7.8254899454">
				<ele>2266.4</ele>
			</trkpt>
			<trkpt lat="46.5426169381" lon="7.8254100435">
				<ele>2267.4</ele>
			</trkpt>
			<trkpt lat="46.5425662269" lon="7.8253553176">
				<ele>2268.7</ele>
			</trkpt>
			<trkpt lat="46.5425396741" lon="7.8253226784">
				<ele>2269.4</ele>
			</trkpt>
			<trkpt lat="46.5425090905" lon="7.8252983281">
				<ele>2270.5</ele>
			</trkpt>
			<trkpt lat="46.5424549609" lon="7.8252489093">
				<ele>2271.2</ele>
			</trkpt>
			<trkpt lat="46.5424203239" lon="7.8252419223">
				<ele>2272.0</ele>
			</trkpt>
			<trkpt lat="46.5423887058" lon="7.8252334306">
				<ele>2272.2</ele>
			</trkpt>
			<trkpt lat="46.5423576582" lon="7.8251947240">
				<ele>2272.9</ele>
			</trkpt>
			<trkpt lat="46.5423130030" lon="7.8251763352">
				<ele>2273.6</ele>
			</trkpt>
			<trkpt lat="46.5422754378" lon="7.8251285213">
				<ele>2274.5</ele>
			</trkpt>
			<trkpt lat="46.5422349252" lon="7.8250504659">
				<ele>2275.5</ele>
			</trkpt>
			<trkpt lat="46.5422184557" lon="7.8249997519">
				<ele>2275.9</ele>
			</trkpt>
			<trkpt lat="46.5422150574" lon="7.8249407872">
				<ele>2276.7</ele>
			</trkpt>
			<trkpt lat="46.5422086282" lon="7.8248923872">
				<ele>2277.3</ele>
			</trkpt>
			<trkpt lat="46.5421896239" lon="7.8248567643">
				<ele>2277.8</ele>
			</trkpt>
			<trkpt lat="46.5421585766" lon="7.8248127649">
				<ele>2279.0</ele>
			</trkpt>
			<trkpt lat="46.5421124329" lon="7.8247875745">
				<ele>2280.4</ele>
			</trkpt>
			<trkpt lat="46.5421084643" lon="7.8247641315">
				<ele>2280.9</ele>
			</trkpt>
			<trkpt lat="46.5420803776" lon="7.8247488603">
				<ele>2281.4</ele>
			</trkpt>
			<trkpt lat="46.5420442543" lon="7.8247320328">
				<ele>2282.7</ele>
			</trkpt>
			<trkpt lat="46.5419930222" lon="7.8247377953">
				<ele>2283.2</ele>
			</trkpt>
			<trkpt lat="46.5419654084" lon="7.8247368942">
				<ele>2283.9</ele>
			</trkpt>
			<trkpt lat="46.5419563255" lon="7.8247572451">
				<ele>2284.2</ele>
			</trkpt>
			<trkpt lat="46.5419195970" lon="7.8247887807">
				<ele>2284.6</ele>
			</trkpt>
			<trkpt lat="46.5418929754" lon="7.8247924103">
				<ele>2285.1</ele>
			</trkpt>
			<trkpt lat="46.5418784360" lon="7.8247825026">
				<ele>2285.5</ele>
			</trkpt>
			<trkpt lat="46.5418658885" lon="7.8247794149">
				<ele>2285.6</ele>
			</trkpt>
			<trkpt lat="46.5418477845" lon="7.8247913974">
				<ele>2286.2</ele>
			</trkpt>
			<trkpt lat="46.5418216459" lon="7.8248063725">
				<ele>2286.7</ele>
			</trkpt>
			<trkpt lat="46.5418011026" lon="7.8247843503">
				<ele>2287.0</ele>
			</trkpt>
			<trkpt lat="46.5417780030" lon="7.8247811873">
				<ele>2287.9</ele>
			</trkpt>
			<trkpt lat="46.5417534259" lon="7.8247682099">
				<ele>2288.4</ele>
			</trkpt>
			<trkpt lat="46.5417203224" lon="7.8247521599">
				<ele>2288.9</ele>
			</trkpt>
			<trkpt lat="46.5417243649" lon="7.8247378221">
				<ele>2289.5</ele>
			</trkpt>
			<trkpt lat="46.5417464951" lon="7.8247190500">
				<ele>2290.0</ele>
			</trkpt>
			<trkpt lat="46.5417269592" lon="7.8246970350">
				<ele>2290.5</ele>
			</trkpt>
			<trkpt lat="46.5416953774" lon="7.8246726784">
				<ele>2289.8</ele>
			</trkpt>
			<trkpt lat="46.5416633118" lon="7.8246369898">
				<ele>2290.2</ele>
			</trkpt>
			<trkpt lat="46.5416397150" lon="7.8246345920">
				<ele>2289.3</ele>
			</trkpt>
			<trkpt lat="46.5416306949" lon="7.8246231984">
				<ele>2288.9</ele>
			</trkpt>
			<trkpt lat="46.5416337892" lon="7.8245861962">
				<ele>2288.8</ele>
			</trkpt>
			<trkpt lat="46.5416358529" lon="7.8245559779">
				<ele>2288.4</ele>
			</trkpt>
			<trkpt lat="46.5416314022" lon="7.8245234582">
				<ele>2288.1</ele>
			</trkpt>
			<trkpt lat="46.5416344837" lon="7.8244902235">
				<ele>2288.4</ele>
			</trkpt>
			<trkpt lat="46.5416240010" lon="7.8244591862">
				<ele>2288.4</ele>
			</trkpt>
			<trkpt lat="46.5416014066" lon="7.8244583083">
				<ele>2287.9</ele>
			</trkpt>
			<trkpt lat="46.5415903976" lon="7.8244393517">
				<ele>2288.4</ele>
			</trkpt>
			<trkpt lat="46.5415748338" lon="7.8244369985">
				<ele>2288.9</ele>
			</trkpt>
			<trkpt lat="46.5415637473" lon="7.8244565926">
				<ele>2288.2</ele>
			</trkpt>
			<trkpt lat="46.5415325848" lon="7.8244730446">
				<ele>2287.7</ele>
			</trkpt>
			<trkpt lat="46.5415175377" lon="7.8244616216">
				<ele>2288.4</ele>
			</trkpt>
			<trkpt lat="46.5415009778" lon="7.8244585046">
				<ele>2288.9</ele>
			</trkpt>
			<trkpt lat="46.5414191009" lon="7.8244686378">
				<ele>2289.3</ele>
			</trkpt>
			<trkpt lat="46.5413725662" lon="7.8243890421">
				<ele>2289.5</ele>
			</trkpt>
			<trkpt lat="46.5413440686" lon="7.8243276709">
				<ele>2289.5</ele>
			</trkpt>
			<trkpt lat="46.5413035341" lon="7.8242586907">
				<ele>2289.8</ele>
			</trkpt>
			<trkpt lat="46.5412915735" lon="7.8242125207">
				<ele>2290.0</ele>
			</trkpt>
			<trkpt lat="46.5412500300" lon="7.8241465587">
				<ele>2289.6</ele>
			</trkpt>
			<trkpt lat="46.5412375619" lon="7.8241041656">
				<ele>2289.3</ele>
			</trkpt>
			<trkpt lat="46.5411685118" lon="7.8239844000">
				<ele>2288.2</ele>
			</trkpt>
			<trkpt lat="46.5411374545" lon="7.8239456814">
				<ele>2288.2</ele>
			</trkpt>
			<trkpt lat="46.5410873566" lon="7.8238902449">
				<ele>2288.6</ele>
			</trkpt>
			<trkpt lat="46.5410643450" lon="7.8238478032">
				<ele>2289.1</ele>
			</trkpt>
			<trkpt lat="46.5410463728" lon="7.8237970792">
				<ele>2290.3</ele>
			</trkpt>
			<trkpt lat="46.5410108151" lon="7.8237485257">
				<ele>2291.0</ele>
			</trkpt>
			<trkpt lat="46.5409697560" lon="7.8236908718">
				<ele>2291.6</ele>
			</trkpt>
			<trkpt lat="46.5409160665" lon="7.8236678978">
				<ele>2291.6</ele>
			</trkpt>
			<trkpt lat="46.5408607190" lon="7.8236324220">
				<ele>2291.9</ele>
			</trkpt>
			<trkpt lat="46.5407738012" lon="7.8235716788">
				<ele>2292.9</ele>
			</trkpt>
			<trkpt lat="46.5406617391" lon="7.8234289129">
				<ele>2295.2</ele>
			</trkpt>
			<trkpt lat="46.5405777181" lon="7.8233121335">
				<ele>2296.6</ele>
			</trkpt>
			<trkpt lat="46.5404990079" lon="7.8232104753">
				<ele>2297.8</ele>
			</trkpt>
			<trkpt lat="46.5404323222" lon="7.8231174939">
				<ele>2298.4</ele>
			</trkpt>
			<trkpt lat="46.5403576558" lon="7.8230115500">
				<ele>2298.5</ele>
			</trkpt>
			<trkpt lat="46.5402199381" lon="7.8229139330">
				<ele>2299.5</ele>
			</trkpt>
			<trkpt lat="46.5400490268" lon="7.8227277973">
				<ele>2301.9</ele>
			</trkpt>
			<trkpt lat="46.5398419510" lon="7.8225371957">
				<ele>2304.8</ele>
			</trkpt>
			<trkpt lat="46.5397229752" lon="7.8224461141">
				<ele>2306.7</ele>
			</trkpt>
			<trkpt lat="46.5396601081" lon="7.8224048908">
				<ele>2307.4</ele>
			</trkpt>
			<trkpt lat="46.5395984204" lon="7.8224089118">
				<ele>2308.2</ele>
			</trkpt>
			<trkpt lat="46.5395020595" lon="7.8223632270">
				<ele>2309.5</ele>
			</trkpt>
			<trkpt lat="46.5393441755" lon="7.8222805922">
				<ele>2313.9</ele>
			</trkpt>
			<trkpt lat="46.5392398606" lon="7.8222090008">
				<ele>2316.5</ele>
			</trkpt>
			<trkpt lat="46.5391799151" lon="7.8221095787">
				<ele>2317.6</ele>
			</trkpt>
			<trkpt lat="46.5391465610" lon="7.8220663229">
				<ele>2318.0</ele>
			</trkpt>
			<trkpt lat="46.5390327377" lon="7.8220291715">
				<ele>2318.3</ele>
			</trkpt>
			<trkpt lat="46.5388761636" lon="7.8219530140">
				<ele>2320.0</ele>
			</trkpt>
			<trkpt lat="46.5387853870" lon="7.8218491632">
				<ele>2323.2</ele>
			</trkpt>
			<trkpt lat="46.5387454663" lon="7.8217735446">
				<ele>2325.5</ele>
			</trkpt>
			<trkpt lat="46.5386799549" lon="7.8217215236">
				<ele>2326.2</ele>
			</trkpt>
			<trkpt lat="46.5386105440" lon="7.8216414598">
				<ele>2327.6</ele>
			</trkpt>
			<trkpt lat="46.5385747574" lon="7.8215378556">
				<ele>2331.0</ele>
			</trkpt>
			<trkpt lat="46.5385414916" lon="7.8214708889">
				<ele>2332.1</ele>
			</trkpt>
			<trkpt lat="46.5384573059" lon="7.8213972257">
				<ele>2333.6</ele>
			</trkpt>
			<trkpt lat="46.5384359690" lon="7.8213648108">
				<ele>2334.2</ele>
			</trkpt>
			<trkpt lat="46.5384347934" lon="7.8213238562">
				<ele>2334.9</ele>
			</trkpt>
			<trkpt lat="46.5383855033" lon="7.8212417322">
				<ele>2336.4</ele>
			</trkpt>
			<trkpt lat="46.5383763650" lon="7.8211770218">
				<ele>2338.0</ele>
			</trkpt>
			<trkpt lat="46.5383482306" lon="7.8211704347">
				<ele>2338.7</ele>
			</trkpt>
			<trkpt lat="46.5383283938" lon="7.8211013865">
				<ele>2339.5</ele>
			</trkpt>
			<trkpt lat="46.5382990009" lon="7.8210732290">
				<ele>2340.2</ele>
			</trkpt>
			<trkpt lat="46.5382790642" lon="7.8210257281">
				<ele>2341.2</ele>
			</trkpt>
			<trkpt lat="46.5382443486" lon="7.8209910811">
				<ele>2342.0</ele>
			</trkpt>
			<trkpt lat="46.5381733802" lon="7.8209648986">
				<ele>2343.2</ele>
			</trkpt>
			<trkpt lat="46.5380745170" lon="7.8208739398">
				<ele>2346.3</ele>
			</trkpt>
			<trkpt lat="46.5380345493" lon="7.8208069523">
				<ele>2348.8</ele>
			</trkpt>
			<trkpt lat="46.5380253063" lon="7.8207681044">
				<ele>2349.5</ele>
			</trkpt>
			<trkpt lat="46.5379865902" lon="7.8207248253">
				<ele>2351.9</ele>
			</trkpt>
			<trkpt lat="46.5379895330" lon="7.8206601879">
				<ele>2353.4</ele>
			</trkpt>
			<trkpt lat="46.5379402787" lon="7.8205672844">
				<ele>2356.6</ele>
			</trkpt>
			<trkpt lat="46.5379283404" lon="7.8205327468">
				<ele>2357.6</ele>
			</trkpt>
			<trkpt lat="46.5378721764" lon="7.8204936987">
				<ele>2358.0</ele>
			</trkpt>
			<trkpt lat="46.5377800238" lon="7.8204027615">
				<ele>2358.0</ele>
			</trkpt>
			<trkpt lat="46.5377480906" lon="7.8203379828">
				<ele>2358.0</ele>
			</trkpt>
			<trkpt lat="46.5377216882" lon="7.8203219060">
				<ele>2357.8</ele>
			</trkpt>
			<trkpt lat="46.5377052776" lon="7.8203119091">
				<ele>2357.7</ele>
			</trkpt>
			<trkpt lat="46.5376974144" lon="7.8202666186">
				<ele>2357.6</ele>
			</trkpt>
			<trkpt lat="46.5376707828" lon="7.8202169335">
				<ele>2357.6</ele>
			</trkpt>
			<trkpt lat="46.5376001585" lon="7.8201066999">
				<ele>2357.8</ele>
			</trkpt>
			<trkpt lat="46.5375402461" lon="7.8199943516">
				<ele>2358.3</ele>
			</trkpt>
			<trkpt lat="46.5374936574" lon="7.8199057830">
				<ele>2359.0</ele>
			</trkpt>
			<trkpt lat="46.5374040063" lon="7.8198601135">
				<ele>2360.3</ele>
			</trkpt>
			<trkpt lat="46.5373131755" lon="7.8197691875">
				<ele>2363.0</ele>
			</trkpt>
			<trkpt lat="46.5372424300" lon="7.8196869682">
				<ele>2365.0</ele>
			</trkpt>
			<trkpt lat="46.5371167141" lon="7.8196066690">
				<ele>2366.1</ele>
			</trkpt>
			<trkpt lat="46.5370217954" lon="7.8195329623">
				<ele>2366.4</ele>
			</trkpt>
			<trkpt lat="46.5369335656" lon="7.8194657682">
				<ele>2367.2</ele>
			</trkpt>
			<trkpt lat="46.5368119284" lon="7.8193682397">
				<ele>2370.4</ele>
			</trkpt>
			<trkpt lat="46.5367973613" lon="7.8193207523">
				<ele>2371.8</ele>
			</trkpt>
			<trkpt lat="46.5367251651" lon="7.8192687019">
				<ele>2373.4</ele>
			</trkpt>
			<trkpt lat="46.5366491461" lon="7.8191627610">
				<ele>2376.0</ele>
			</trkpt>
			<trkpt lat="46.5365770292" lon="7.8190869993">
				<ele>2377.7</ele>
			</trkpt>
			<trkpt lat="46.5365490802" lon="7.8190330045">
				<ele>2378.8</ele>
			</trkpt>
			<trkpt lat="46.5365281156" lon="7.8189079110">
				<ele>2380.6</ele>
			</trkpt>
			<trkpt lat="46.5364534655" lon="7.8187933504">
				<ele>2383.5</ele>
			</trkpt>
			<trkpt lat="46.5363598955" lon="7.8187196682">
				<ele>2385.6</ele>
			</trkpt>
			<trkpt lat="46.5363011979" lon="7.8186417989">
				<ele>2386.9</ele>
			</trkpt>
			<trkpt lat="46.5362450781" lon="7.8185919870">
				<ele>2388.1</ele>
			</trkpt>
			<trkpt lat="46.5361460424" lon="7.8185441425">
				<ele>2390.3</ele>
			</trkpt>
			<trkpt lat="46.5360924179" lon="7.8185417458">
				<ele>2393.0</ele>
			</trkpt>
			<trkpt lat="46.5360320181" lon="7.8185586986">
				<ele>2394.4</ele>
			</trkpt>
			<trkpt lat="46.5359491635" lon="7.8184872041">
				<ele>2397.9</ele>
			</trkpt>
			<trkpt lat="46.5358997833" lon="7.8184288106">
				<ele>2400.0</ele>
			</trkpt>
			<trkpt lat="46.5358704631" lon="7.8183812602">
				<ele>2401.3</ele>
			</trkpt>
			<trkpt lat="46.5358062276" lon="7.8183508021">
				<ele>2402.4</ele>
			</trkpt>
			<trkpt lat="46.5357433969" lon="7.8183009570">
				<ele>2403.0</ele>
			</trkpt>
			<trkpt lat="46.5356391761" lon="7.8182056673">
				<ele>2406.3</ele>
			</trkpt>
			<trkpt lat="46.5355911520" lon="7.8181451071">
				<ele>2407.6</ele>
			</trkpt>
			<trkpt lat="46.5354829818" lon="7.8180282425">
				<ele>2410.6</ele>
			</trkpt>
			<trkpt lat="46.5353454229" lon="7.8178897038">
				<ele>2413.6</ele>
			</trkpt>
			<trkpt lat="46.5352465483" lon="7.8177987417">
				<ele>2414.9</ele>
			</trkpt>
			<trkpt lat="46.5351545248" lon="7.8176711852">
				<ele>2417.3</ele>
			</trkpt>
			<trkpt lat="46.5350678839" lon="7.8175371885">
				<ele>2419.8</ele>
			</trkpt>
			<trkpt lat="46.5350226641" lon="7.8174421578">
				<ele>2421.5</ele>
			</trkpt>
			<trkpt lat="46.5349482779" lon="7.8172586352">
				<ele>2424.8</ele>
			</trkpt>
			<trkpt lat="46.5348803583" lon="7.8171376495">
				<ele>2426.0</ele>
			</trkpt>
			<trkpt lat="46.5348215124" lon="7.8170986019">
				<ele>2427.0</ele>
			</trkpt>
			<trkpt lat="46.5347507290" lon="7.8170271693">
				<ele>2429.9</ele>
			</trkpt>
			<trkpt lat="46.5346238323" lon="7.8169037651">
				<ele>2431.6</ele>
			</trkpt>
			<trkpt lat="46.5345704213" lon="7.8168453332">
				<ele>2432.2</ele>
			</trkpt>
			<trkpt lat="46.5345345904" lon="7.8167482054">
				<ele>2433.3</ele>
			</trkpt>
			<trkpt lat="46.5344785130" lon="7.8166854537">
				<ele>2434.3</ele>
			</trkpt>
			<trkpt lat="46.5343759031" lon="7.8165190609">
				<ele>2436.4</ele>
			</trkpt>
			<trkpt lat="46.5342891303" lon="7.8164217089">
				<ele>2437.3</ele>
			</trkpt>
			<trkpt lat="46.5342237364" lon="7.8163416733">
				<ele>2438.5</ele>
			</trkpt>
			<trkpt lat="46.5341651461" lon="7.8162336600">
				<ele>2438.9</ele>
			</trkpt>
			<trkpt lat="46.5341000564" lon="7.8160782193">
				<ele>2439.1</ele>
			</trkpt>
			<trkpt lat="46.5340547318" lon="7.8160090390">
				<ele>2439.5</ele>
			</trkpt>
			<trkpt lat="46.5340055326" lon="7.8159010790">
				<ele>2440.4</ele>
			</trkpt>
			<trkpt lat="46.5339923421" lon="7.8158449887">
				<ele>2441.2</ele>
			</trkpt>
			<trkpt lat="46.5339765422" lon="7.8157673331">
				<ele>2441.8</ele>
			</trkpt>
			<trkpt lat="46.5339512368" lon="7.8157241283">
				<ele>2442.4</ele>
			</trkpt>
			<trkpt lat="46.5338259703" lon="7.8155209916">
				<ele>2444.4</ele>
			</trkpt>
			<trkpt lat="46.5337594694" lon="7.8153784737">
				<ele>2445.4</ele>
			</trkpt>
			<trkpt lat="46.5337099625" lon="7.8153523983">
				<ele>2446.0</ele>
			</trkpt>
			<trkpt lat="46.5336589597" lon="7.8153650917">
				<ele>2446.7</ele>
			</trkpt>
			<trkpt lat="46.5336107485" lon="7.8153498052">
				<ele>2447.8</ele>
			</trkpt>
			<trkpt lat="46.5335440437" lon="7.8152633106">
				<ele>2451.0</ele>
			</trkpt>
			<trkpt lat="46.5334663809" lon="7.8152371046">
				<ele>2455.4</ele>
			</trkpt>
			<trkpt lat="46.5334089764" lon="7.8151700320">
				<ele>2457.8</ele>
			</trkpt>
			<trkpt lat="46.5332977813" lon="7.8151479990">
				<ele>2462.8</ele>
			</trkpt>
			<trkpt lat="46.5332900676" lon="7.8150595949">
				<ele>2464.2</ele>
			</trkpt>
			<trkpt lat="46.5332713835" lon="7.8150379707">
				<ele>2465.5</ele>
			</trkpt>
			<trkpt lat="46.5332529469" lon="7.8149495312">
				<ele>2467.6</ele>
			</trkpt>
			<trkpt lat="46.5331618715" lon="7.8149232719">
				<ele>2470.7</ele>
			</trkpt>
			<trkpt lat="46.5331461481" lon="7.8148305372">
				<ele>2473.2</ele>
			</trkpt>
			<trkpt lat="46.5331052449" lon="7.8146536440">
				<ele>2478.5</ele>
			</trkpt>
			<trkpt lat="46.5330127646" lon="7.8146467845">
				<ele>2482.2</ele>
			</trkpt>
			<trkpt lat="46.5328598976" lon="7.8146504158">
				<ele>2488.3</ele>
			</trkpt>
			<trkpt lat="46.5327458361" lon="7.8146736078">
				<ele>2494.8</ele>
			</trkpt>
			<trkpt lat="46.5326679843" lon="7.8146991107">
				<ele>2498.6</ele>
			</trkpt>
			<trkpt lat="46.5326290658" lon="7.8147054099">
				<ele>2500.3</ele>
			</trkpt>
			<trkpt lat="46.5326023628" lon="7.8146794288">
				<ele>2501.9</ele>
			</trkpt>
			<trkpt lat="46.5326025798" lon="7.8146191057">
				<ele>2504.9</ele>
			</trkpt>
			<trkpt lat="46.5325975554" lon="7.8145307216">
				<ele>2508.0</ele>
			</trkpt>
			<trkpt lat="46.5325738539" lon="7.8144185628">
				<ele>2512.4</ele>
			</trkpt>
			<trkpt lat="46.5325510591" lon="7.8144184698">
				<ele>2513.6</ele>
			</trkpt>
			<trkpt lat="46.5325227479" lon="7.8144571299">
				<ele>2514.2</ele>
			</trkpt>
			<trkpt lat="46.5325026122" lon="7.8144635075">
				<ele>2514.9</ele>
			</trkpt>
			<trkpt lat="46.5325109933" lon="7.8143773411">
				<ele>2517.9</ele>
			</trkpt>
			<trkpt lat="46.5324936186" lon="7.8143621787">
				<ele>2518.6</ele>
			</trkpt>
			<trkpt lat="46.5324317684" lon="7.8144071623">
				<ele>2521.6</ele>
			</trkpt>
			<trkpt lat="46.5323606817" lon="7.8144133167">
				<ele>2525.1</ele>
			</trkpt>
			<trkpt lat="46.5322856638" lon="7.8143978847">
				<ele>2529.2</ele>
			</trkpt>
			<trkpt lat="46.5322093248" lon="7.8143738406">
				<ele>2532.6</ele>
			</trkpt>
			<trkpt lat="46.5322097865" lon="7.8142531825">
				<ele>2536.3</ele>
			</trkpt>
			<trkpt lat="46.5322004981" lon="7.8142272704">
				<ele>2537.1</ele>
			</trkpt>
			<trkpt lat="46.5321358662" lon="7.8143002590">
				<ele>2539.3</ele>
			</trkpt>
			<trkpt lat="46.5321226157" lon="7.8142592516">
				<ele>2541.2</ele>
			</trkpt>
			<trkpt lat="46.5320944956" lon="7.8142483552">
				<ele>2542.2</ele>
			</trkpt>
			<trkpt lat="46.5320811296" lon="7.8142396727">
				<ele>2542.9</ele>
			</trkpt>
			<trkpt lat="46.5320961206" lon="7.8141729484">
				<ele>2544.2</ele>
			</trkpt>
			<trkpt lat="46.5320707182" lon="7.8141534288">
				<ele>2546.2</ele>
			</trkpt>
			<trkpt lat="46.5320331887" lon="7.8141532728">
				<ele>2547.7</ele>
			</trkpt>
			<trkpt lat="46.5320102034" lon="7.8142027361">
				<ele>2547.7</ele>
			</trkpt>
			<trkpt lat="46.5319686417" lon="7.8142004016">
				<ele>2548.1</ele>
			</trkpt>
			<trkpt lat="46.5319340478" lon="7.8141312872">
				<ele>2551.3</ele>
			</trkpt>
			<trkpt lat="46.5319127395" lon="7.8140923876">
				<ele>2555.1</ele>
			</trkpt>
			<trkpt lat="46.5318914754" lon="7.8140427481">
				<ele>2556.2</ele>
			</trkpt>
			<trkpt lat="46.5319135020" lon="7.8138941376">
				<ele>2559.2</ele>
			</trkpt>
			<trkpt lat="46.5319387172" lon="7.8137303766">
				<ele>2562.7</ele>
			</trkpt>
			<trkpt lat="46.5319604174" lon="7.8136504818">
				<ele>2565.4</ele>
			</trkpt>
			<trkpt lat="46.5319497809" lon="7.8136352488">
				<ele>2566.1</ele>
			</trkpt>
			<trkpt lat="46.5318443683" lon="7.8135890285">
				<ele>2570.6</ele>
			</trkpt>
			<trkpt lat="46.5318673339" lon="7.8135264653">
				<ele>2571.8</ele>
			</trkpt>
			<trkpt lat="46.5318969847" lon="7.8134660990">
				<ele>2574.6</ele>
			</trkpt>
			<trkpt lat="46.5318636540" lon="7.8134420543">
				<ele>2576.1</ele>
			</trkpt>
			<trkpt lat="46.5318291564" lon="7.8133790543">
				<ele>2579.5</ele>
			</trkpt>
			<trkpt lat="46.5317638813" lon="7.8133223066">
				<ele>2583.2</ele>
			</trkpt>
			<trkpt lat="46.5317596161" lon="7.8132900298">
				<ele>2585.2</ele>
			</trkpt>
			<trkpt lat="46.5316931650" lon="7.8132570751">
				<ele>2589.0</ele>
			</trkpt>
			<trkpt lat="46.5316668020" lon="7.8132424636">
				<ele>2590.1</ele>
			</trkpt>
			<trkpt lat="46.5316437610" lon="7.8132242906">
				<ele>2591.5</ele>
			</trkpt>
			<trkpt lat="46.5316085292" lon="7.8132311376">
				<ele>2593.1</ele>
			</trkpt>
			<trkpt lat="46.5315612043" lon="7.8132333912">
				<ele>2596.2</ele>
			</trkpt>
			<trkpt lat="46.5315127291" lon="7.8132544976">
				<ele>2598.7</ele>
			</trkpt>
			<trkpt lat="46.5314626547" lon="7.8132585178">
				<ele>2601.7</ele>
			</trkpt>
			<trkpt lat="46.5314733321" lon="7.8131903563">
				<ele>2603.8</ele>
			</trkpt>
			<trkpt lat="46.5314795218" lon="7.8131491060">
				<ele>2605.4</ele>
			</trkpt>
			<trkpt lat="46.5314956424" lon="7.8130971580">
				<ele>2607.0</ele>
			</trkpt>
			<trkpt lat="46.5315023515" lon="7.8130648919">
				<ele>2608.3</ele>
			</trkpt>
			<trkpt lat="46.5315277738" lon="7.8130292099">
				<ele>2609.3</ele>
			</trkpt>
			<trkpt lat="46.5315372772" lon="7.8129843979">
				<ele>2610.5</ele>
			</trkpt>
			<trkpt lat="46.5315003427" lon="7.8130082956">
				<ele>2611.5</ele>
			</trkpt>
			<trkpt lat="46.5314810836" lon="7.8130081102">
				<ele>2612.2</ele>
			</trkpt>
			<trkpt lat="46.5314657369" lon="7.8129918024">
				<ele>2613.6</ele>
			</trkpt>
			<trkpt lat="46.5314371610" lon="7.8129825590">
				<ele>2615.4</ele>
			</trkpt>
			<trkpt lat="46.5314279123" lon="7.8129528287">
				<ele>2616.9</ele>
			</trkpt>
			<trkpt lat="46.5313773688" lon="7.8129299038">
				<ele>2619.5</ele>
			</trkpt>
			<trkpt lat="46.5313433557" lon="7.8129026484">
				<ele>2621.1</ele>
			</trkpt>
			<trkpt lat="46.5313247697" lon="7.8128674444">
				<ele>2622.0</ele>
			</trkpt>
			<trkpt lat="46.5312957807" lon="7.8128168792">
				<ele>2622.0</ele>
			</trkpt>
			<trkpt lat="46.5312716481" lon="7.8127942021">
				<ele>2622.6</ele>
			</trkpt>
			<trkpt lat="46.5312654880" lon="7.8128264848">
				<ele>2623.4</ele>
			</trkpt>
			<trkpt lat="46.5312680778" lon="7.8128759030">
				<ele>2624.4</ele>
			</trkpt>
			<trkpt lat="46.5312580644" lon="7.8129090325">
				<ele>2625.4</ele>
			</trkpt>
			<trkpt lat="46.5312584745" lon="7.8129512537">
				<ele>2626.5</ele>
			</trkpt>
			<trkpt lat="46.5312435107" lon="7.8129852352">
				<ele>2627.5</ele>
			</trkpt>
			<trkpt lat="46.5312181382" lon="7.8130029560">
				<ele>2628.7</ele>
			</trkpt>
			<trkpt lat="46.5311783621" lon="7.8130267816">
				<ele>2631.3</ele>
			</trkpt>
			<trkpt lat="46.5311013747" lon="7.8131093695">
				<ele>2635.7</ele>
			</trkpt>
			<trkpt lat="46.5310103866" lon="7.8131355260">
				<ele>2637.8</ele>
			</trkpt>
			<trkpt lat="46.5309536697" lon="7.8131325661">
				<ele>2640.2</ele>
			</trkpt>
			<trkpt lat="46.5309017267" lon="7.8131303301">
				<ele>2642.4</ele>
			</trkpt>
			<trkpt lat="46.5308549708" lon="7.8131675325">
				<ele>2642.8</ele>
			</trkpt>
			<trkpt lat="46.5307910220" lon="7.8131696580">
				<ele>2644.4</ele>
			</trkpt>
			<trkpt lat="46.5307377625" lon="7.8131630464">
				<ele>2645.5</ele>
			</trkpt>
			<trkpt lat="46.5307134752" lon="7.8132528539">
				<ele>2643.9</ele>
			</trkpt>
			<trkpt lat="46.5306734497" lon="7.8132703558">
				<ele>2644.1</ele>
			</trkpt>
			<trkpt lat="46.5306160839" lon="7.8132922084">
				<ele>2646.7</ele>
			</trkpt>
			<trkpt lat="46.5305480402" lon="7.8133250272">
				<ele>2648.3</ele>
			</trkpt>
			<trkpt lat="46.5304960900" lon="7.8133249805">
				<ele>2650.0</ele>
			</trkpt>
			<trkpt lat="46.5304254468" lon="7.8133358707">
				<ele>2652.4</ele>
			</trkpt>
			<trkpt lat="46.5303375376" lon="7.8133314175">
				<ele>2655.5</ele>
			</trkpt>
			<trkpt lat="46.5303506257" lon="7.8133971612">
				<ele>2655.6</ele>
			</trkpt>
			<trkpt lat="46.5303279399" lon="7.8134102991">
				<ele>2656.3</ele>
			</trkpt>
			<trkpt lat="46.5302773650" lon="7.8133971105">
				<ele>2658.5</ele>
			</trkpt>
			<trkpt lat="46.5302121462" lon="7.8134107361">
				<ele>2661.1</ele>
			</trkpt>
			<trkpt lat="46.5301190251" lon="7.8133472153">
				<ele>2663.0</ele>
			</trkpt>
			<trkpt lat="46.5300400677" lon="7.8133067716">
				<ele>2663.7</ele>
			</trkpt>
			<trkpt lat="46.5299649899" lon="7.8132684534">
				<ele>2664.5</ele>
			</trkpt>
			<trkpt lat="46.5298911660" lon="7.8132618820">
				<ele>2664.6</ele>
			</trkpt>
			<trkpt lat="46.5298088711" lon="7.8132570116">
				<ele>2666.3</ele>
			</trkpt>
			<trkpt lat="46.5297463654" lon="7.8132089399">
				<ele>2666.3</ele>
			</trkpt>
			<trkpt lat="46.5296627902" lon="7.8131997204">
				<ele>2667.0</ele>
			</trkpt>
			<trkpt lat="46.5296423951" lon="7.8132138646">
				<ele>2667.5</ele>
			</trkpt>
			<trkpt lat="46.5296168284" lon="7.8132278688">
				<ele>2667.3</ele>
			</trkpt>
			<trkpt lat="46.5295896766" lon="7.8132258432">
				<ele>2666.9</ele>
			</trkpt>
			<trkpt lat="46.5295614607" lon="7.8132193528">
				<ele>2666.9</ele>
			</trkpt>
			<trkpt lat="46.5295217940" lon="7.8132234448">
				<ele>2666.9</ele>
			</trkpt>
			<trkpt lat="46.5294750134" lon="7.8132461393">
				<ele>2668.1</ele>
			</trkpt>
			<trkpt lat="46.5294385596" lon="7.8132662592">
				<ele>2668.3</ele>
			</trkpt>
			<trkpt lat="46.5294108365" lon="7.8132740181">
				<ele>2667.5</ele>
			</trkpt>
			<trkpt lat="46.5293852253" lon="7.8132986837">
				<ele>2665.9</ele>
			</trkpt>
			<trkpt lat="46.5293590480" lon="7.8133313612">
				<ele>2663.8</ele>
			</trkpt>
			<trkpt lat="46.5293502499" lon="7.8133641849">
				<ele>2662.8</ele>
			</trkpt>
			<trkpt lat="46.5293506847" lon="7.8133988842">
				<ele>2661.6</ele>
			</trkpt>
			<trkpt lat="46.5293467474" lon="7.8134388711">
				<ele>2660.8</ele>
			</trkpt>
			<trkpt lat="46.5293346871" lon="7.8134734449">
				<ele>2659.9</ele>
			</trkpt>
			<trkpt lat="46.5293155803" lon="7.8135035123">
				<ele>2658.7</ele>
			</trkpt>
			<trkpt lat="46.5292942789" lon="7.8135388953">
				<ele>2658.7</ele>
			</trkpt>
			<trkpt lat="46.5292475843" lon="7.8135354831">
				<ele>2658.7</ele>
			</trkpt>
			<trkpt lat="46.5291163407" lon="7.8135097973">
				<ele>2657.3</ele>
			</trkpt>
			<trkpt lat="46.5290778849" lon="7.8134850014">
				<ele>2656.9</ele>
			</trkpt>
			<trkpt lat="46.5290568706" lon="7.8134386379">
				<ele>2655.9</ele>
			</trkpt>
			<trkpt lat="46.5290406576" lon="7.8134149605">
				<ele>2655.0</ele>
			</trkpt>
			<trkpt lat="46.5290260098" lon="7.8134130084">
				<ele>2655.0</ele>
			</trkpt>
			<trkpt lat="46.5290037048" lon="7.8134308928">
				<ele>2654.8</ele>
			</trkpt>
			<trkpt lat="46.5289841040" lon="7.8134524195">
				<ele>2654.8</ele>
			</trkpt>
			<trkpt lat="46.5289618522" lon="7.8134540251">
				<ele>2654.6</ele>
			</trkpt>
			<trkpt lat="46.5289417208" lon="7.8134701129">
				<ele>2654.6</ele>
			</trkpt>
			<trkpt lat="46.5288848395" lon="7.8134379038">
				<ele>2654.4</ele>
			</trkpt>
			<trkpt lat="46.5288490819" lon="7.8134185487">
				<ele>2654.6</ele>
			</trkpt>
			<trkpt lat="46.5288209202" lon="7.8134010841">
				<ele>2654.6</ele>
			</trkpt>
			<trkpt lat="46.5287933575" lon="7.8133628216">
				<ele>2653.6</ele>
			</trkpt>
			<trkpt lat="46.5287479119" lon="7.8133189484">
				<ele>2652.2</ele>
			</trkpt>
			<trkpt lat="46.5286765559" lon="7.8132295775">
				<ele>2650.7</ele>
			</trkpt>
			<trkpt lat="46.5286149235" lon="7.8131538684">
				<ele>2650.1</ele>
			</trkpt>
			<trkpt lat="46.5285933600" lon="7.8131075147">
				<ele>2650.1</ele>
			</trkpt>
			<trkpt lat="46.5285771502" lon="7.8130473170">
				<ele>2649.2</ele>
			</trkpt>
			<trkpt lat="46.5285460219" lon="7.8129253146">
				<ele>2646.7</ele>
			</trkpt>
			<trkpt lat="46.5284936216" lon="7.8128598100">
				<ele>2646.1</ele>
			</trkpt>
			<trkpt lat="46.5284425862" lon="7.8127812812">
				<ele>2645.6</ele>
			</trkpt>
			<trkpt lat="46.5283625110" lon="7.8127309133">
				<ele>2646.2</ele>
			</trkpt>
			<trkpt lat="46.5283351302" lon="7.8126589738">
				<ele>2645.5</ele>
			</trkpt>
			<trkpt lat="46.5282334899" lon="7.8125572480">
				<ele>2644.1</ele>
			</trkpt>
			<trkpt lat="46.5281567939" lon="7.8124392595">
				<ele>2641.0</ele>
			</trkpt>
			<trkpt lat="46.5281176595" lon="7.8123280080">
				<ele>2639.2</ele>
			</trkpt>
			<trkpt lat="46.5280744308" lon="7.8122526491">
				<ele>2639.7</ele>
			</trkpt>
			<trkpt lat="46.5280252237" lon="7.8121870765">
				<ele>2640.2</ele>
			</trkpt>
			<trkpt lat="46.5279411603" lon="7.8119318726">
				<ele>2638.7</ele>
			</trkpt>
			<trkpt lat="46.5278741294" lon="7.8118727339">
				<ele>2638.7</ele>
			</trkpt>
			<trkpt lat="46.5278250888" lon="7.8117646989">
				<ele>2637.9</ele>
			</trkpt>
			<trkpt lat="46.5277270131" lon="7.8115518767">
				<ele>2637.9</ele>
			</trkpt>
			<trkpt lat="46.5276821071" lon="7.8113981245">
				<ele>2637.0</ele>
			</trkpt>
			<trkpt lat="46.5276133173" lon="7.8112801793">
				<ele>2637.0</ele>
			</trkpt>
			<trkpt lat="46.5275547931" lon="7.8110708366">
				<ele>2635.2</ele>
			</trkpt>
			<trkpt lat="46.5274745408" lon="7.8108515827">
				<ele>2632.1</ele>
			</trkpt>
			<trkpt lat="46.5274625269" lon="7.8107705628">
				<ele>2632.6</ele>
			</trkpt>
			<trkpt lat="46.5274521496" lon="7.8106511570">
				<ele>2631.7</ele>
			</trkpt>
			<trkpt lat="46.5274587129" lon="7.8106108766">
				<ele>2631.1</ele>
			</trkpt>
			<trkpt lat="46.5274736029" lon="7.8105801150">
				<ele>2630.4</ele>
			</trkpt>
			<trkpt lat="46.5274747158" lon="7.8105477092">
				<ele>2630.0</ele>
			</trkpt>
			<trkpt lat="46.5274699830" lon="7.8104986707">
				<ele>2629.4</ele>
			</trkpt>
			<trkpt lat="46.5274543736" lon="7.8104606628">
				<ele>2628.4</ele>
			</trkpt>
			<trkpt lat="46.5274500579" lon="7.8104298091">
				<ele>2627.4</ele>
			</trkpt>
			<trkpt lat="46.5274378147" lon="7.8104131453">
				<ele>2625.9</ele>
			</trkpt>
			<trkpt lat="46.5274360143" lon="7.8103696668">
				<ele>2625.3</ele>
			</trkpt>
			<trkpt lat="46.5274386030" lon="7.8103372711">
				<ele>2625.0</ele>
			</trkpt>
			<trkpt lat="46.5274273057" lon="7.8103285131">
				<ele>2624.2</ele>
			</trkpt>
			<trkpt lat="46.5274068574" lon="7.8103948177">
				<ele>2623.4</ele>
			</trkpt>
			<trkpt lat="46.5273813753" lon="7.8104903461">
				<ele>2623.0</ele>
			</trkpt>
			<trkpt lat="46.5273704317" lon="7.8105195453">
				<ele>2622.6</ele>
			</trkpt>
			<trkpt lat="46.5273600478" lon="7.8105313476">
				<ele>2622.4</ele>
			</trkpt>
			<trkpt lat="46.5273521937" lon="7.8105234071">
				<ele>2621.9</ele>
			</trkpt>
			<trkpt lat="46.5273508415" lon="7.8104909845">
				<ele>2620.7</ele>
			</trkpt>
			<trkpt lat="46.5273474944" lon="7.8104664713">
				<ele>2619.3</ele>
			</trkpt>
			<trkpt lat="46.5273486844" lon="7.8104135120">
				<ele>2618.1</ele>
			</trkpt>
			<trkpt lat="46.5273593009" lon="7.8103416272">
				<ele>2617.5</ele>
			</trkpt>
			<trkpt lat="46.5273667792" lon="7.8103187396">
				<ele>2617.1</ele>
			</trkpt>
			<trkpt lat="46.5273708426" lon="7.8102863525">
				<ele>2616.3</ele>
			</trkpt>
			<trkpt lat="46.5273689832" lon="7.8102578752">
				<ele>2615.6</ele>
			</trkpt>
			<trkpt lat="46.5273670851" lon="7.8102388990">
				<ele>2615.0</ele>
			</trkpt>
			<trkpt lat="46.5273577216" lon="7.8102412324">
				<ele>2614.1</ele>
			</trkpt>
			<trkpt lat="46.5273448571" lon="7.8102577621">
				<ele>2613.2</ele>
			</trkpt>
			<trkpt lat="46.5273364318" lon="7.8102703719">
				<ele>2612.5</ele>
			</trkpt>
			<trkpt lat="46.5273245758" lon="7.8102813829">
				<ele>2611.8</ele>
			</trkpt>
			<trkpt lat="46.5273226766" lon="7.8102624052">
				<ele>2611.6</ele>
			</trkpt>
			<trkpt lat="46.5273183722" lon="7.8102307578">
				<ele>2610.9</ele>
			</trkpt>
			<trkpt lat="46.5273115385" lon="7.8102133373">
				<ele>2609.5</ele>
			</trkpt>
			<trkpt lat="46.5273006744" lon="7.8102235581">
				<ele>2609.2</ele>
			</trkpt>
			<trkpt lat="46.5272858642" lon="7.8102329722">
				<ele>2608.2</ele>
			</trkpt>
			<trkpt lat="46.5272800148" lon="7.8102171351">
				<ele>2607.7</ele>
			</trkpt>
			<trkpt lat="46.5272845682" lon="7.8101863297">
				<ele>2606.5</ele>
			</trkpt>
			<trkpt lat="46.5272882005" lon="7.8101373345">
				<ele>2604.5</ele>
			</trkpt>
			<trkpt lat="46.5272908894" lon="7.8100796412">
				<ele>2602.5</ele>
			</trkpt>
			<trkpt lat="46.5272925785" lon="7.8100251087">
				<ele>2600.9</ele>
			</trkpt>
			<trkpt lat="46.5272932152" lon="7.8099871726">
				<ele>2600.1</ele>
			</trkpt>
			<trkpt lat="46.5272968423" lon="7.8099397555">
				<ele>2598.4</ele>
			</trkpt>
			<trkpt lat="46.5272935886" lon="7.8098923168">
				<ele>2597.3</ele>
			</trkpt>
			<trkpt lat="46.5272853854" lon="7.8098480134">
				<ele>2596.3</ele>
			</trkpt>
			<trkpt lat="46.5272805201" lon="7.8098337598">
				<ele>2595.5</ele>
			</trkpt>
			<trkpt lat="46.5272701544" lon="7.8098400225">
				<ele>2594.9</ele>
			</trkpt>
			<trkpt lat="46.5272635427" lon="7.8098921634">
				<ele>2594.3</ele>
			</trkpt>
			<trkpt lat="46.5272512375" lon="7.8098921061">
				<ele>2593.4</ele>
			</trkpt>
			<trkpt lat="46.5272356485" lon="7.8098477633">
				<ele>2591.0</ele>
			</trkpt>
			<trkpt lat="46.5272263299" lon="7.8098390317">
				<ele>2589.7</ele>
			</trkpt>
			<trkpt lat="46.5272159653" lon="7.8098453087">
				<ele>2589.4</ele>
			</trkpt>
			<trkpt lat="46.5271903261" lon="7.8098538787">
				<ele>2587.9</ele>
			</trkpt>
			<trkpt lat="46.5271434535" lon="7.8098773682">
				<ele>2585.1</ele>
			</trkpt>
			<trkpt lat="46.5270733853" lon="7.8099133948">
				<ele>2581.1</ele>
			</trkpt>
			<trkpt lat="46.5269780947" lon="7.8099793292">
				<ele>2576.1</ele>
			</trkpt>
			<trkpt lat="46.5269257971" lon="7.8100059633">
				<ele>2573.1</ele>
			</trkpt>
			<trkpt lat="46.5268567208" lon="7.8100412010">
				<ele>2569.6</ele>
			</trkpt>
			<trkpt lat="46.5268043694" lon="7.8100812704">
				<ele>2566.6</ele>
			</trkpt>
			<trkpt lat="46.5267673452" lon="7.8101055988">
				<ele>2564.8</ele>
			</trkpt>
			<trkpt lat="46.5267278200" lon="7.8101378187">
				<ele>2563.5</ele>
			</trkpt>
			<trkpt lat="46.5266861434" lon="7.8101845573">
				<ele>2562.1</ele>
			</trkpt>
			<trkpt lat="46.5266325372" lon="7.8101986309">
				<ele>2560.1</ele>
			</trkpt>
			<trkpt lat="46.5265777077" lon="7.8101960513">
				<ele>2556.8</ele>
			</trkpt>
			<trkpt lat="46.5265464625" lon="7.8101749841">
				<ele>2555.2</ele>
			</trkpt>
			<trkpt lat="46.5265218135" lon="7.8101394175">
				<ele>2553.8</ele>
			</trkpt>
			<trkpt lat="46.5264383769" lon="7.8101095714">
				<ele>2550.8</ele>
			</trkpt>
			<trkpt lat="46.5263404934" lon="7.8100962058">
				<ele>2548.0</ele>
			</trkpt>
			<trkpt lat="46.5262272469" lon="7.8100161881">
				<ele>2543.2</ele>
			</trkpt>
			<trkpt lat="46.5261295259" lon="7.8099695760">
				<ele>2539.0</ele>
			</trkpt>
			<trkpt lat="46.5260121541" lon="7.8099352642">
				<ele>2534.2</ele>
			</trkpt>
			<trkpt lat="46.5259535179" lon="7.8099056158">
				<ele>2532.4</ele>
			</trkpt>
			<trkpt lat="46.5259262466" lon="7.8098742016">
				<ele>2529.3</ele>
			</trkpt>
			<trkpt lat="46.5257695009" lon="7.8098810901">
				<ele>2525.3</ele>
			</trkpt>
			<trkpt lat="46.5256140550" lon="7.8098921589">
				<ele>2520.5</ele>
			</trkpt>
			<trkpt lat="46.5255787002" lon="7.8099147116">
				<ele>2519.6</ele>
			</trkpt>
			<trkpt lat="46.5255147586" lon="7.8099037413">
				<ele>2518.3</ele>
			</trkpt>
			<trkpt lat="46.5254600895" lon="7.8098658315">
				<ele>2516.4</ele>
			</trkpt>
			<trkpt lat="46.5253621246" lon="7.8098691105">
				<ele>2513.6</ele>
			</trkpt>
			<trkpt lat="46.5252903208" lon="7.8098663895">
				<ele>2511.0</ele>
			</trkpt>
			<trkpt lat="46.5252406930" lon="7.8098659317">
				<ele>2510.2</ele>
			</trkpt>
			<trkpt lat="46.5251963953" lon="7.8098447359">
				<ele>2509.5</ele>
			</trkpt>
			<trkpt lat="46.5251547650" lon="7.8098111127">
				<ele>2508.8</ele>
			</trkpt>
			<trkpt lat="46.5251275276" lon="7.8097692866">
				<ele>2507.2</ele>
			</trkpt>
			<trkpt lat="46.5250559789" lon="7.8097104347">
				<ele>2504.2</ele>
			</trkpt>
			<trkpt lat="46.5249992091" lon="7.8095581600">
				<ele>2500.4</ele>
			</trkpt>
			<trkpt lat="46.5249781604" lon="7.8095247178">
				<ele>2498.6</ele>
			</trkpt>
			<trkpt lat="46.5249512382" lon="7.8094826968">
				<ele>2496.8</ele>
			</trkpt>
			<trkpt lat="46.5249174038" lon="7.8094445932">
				<ele>2494.7</ele>
			</trkpt>
			<trkpt lat="46.5248546809" lon="7.8093660448">
				<ele>2492.3</ele>
			</trkpt>
			<trkpt lat="46.5248198505" lon="7.8093326770">
				<ele>2490.8</ele>
			</trkpt>
			<trkpt lat="46.5247864578" lon="7.8093080120">
				<ele>2489.1</ele>
			</trkpt>
			<trkpt lat="46.5247820925" lon="7.8092921858">
				<ele>2488.5</ele>
			</trkpt>
			<trkpt lat="46.5247875710" lon="7.8092756062">
				<ele>2487.7</ele>
			</trkpt>
			<trkpt lat="46.5248004746" lon="7.8092495906">
				<ele>2486.8</ele>
			</trkpt>
			<trkpt lat="46.5247990548" lon="7.8092353485">
				<ele>2486.4</ele>
			</trkpt>
			<trkpt lat="46.5247872771" lon="7.8092250240">
				<ele>2485.2</ele>
			</trkpt>
			<trkpt lat="46.5247730217" lon="7.8092186312">
				<ele>2484.8</ele>
			</trkpt>
			<trkpt lat="46.5247657175" lon="7.8091964642">
				<ele>2483.6</ele>
			</trkpt>
			<trkpt lat="46.5247519954" lon="7.8091782164">
				<ele>2482.0</ele>
			</trkpt>
			<trkpt lat="46.5247358023" lon="7.8091646941">
				<ele>2481.1</ele>
			</trkpt>
			<trkpt lat="46.5247284903" lon="7.8091448992">
				<ele>2479.9</ele>
			</trkpt>
			<trkpt lat="46.5247112599" lon="7.8091432446">
				<ele>2478.6</ele>
			</trkpt>
			<trkpt lat="46.5246817365" lon="7.8091375683">
				<ele>2477.9</ele>
			</trkpt>
			<trkpt lat="46.5246516824" lon="7.8091429548">
				<ele>2476.9</ele>
			</trkpt>
			<trkpt lat="46.5246250837" lon="7.8091451958">
				<ele>2476.1</ele>
			</trkpt>
			<trkpt lat="46.5246064258" lon="7.8091316711">
				<ele>2475.0</ele>
			</trkpt>
			<trkpt lat="46.5245587044" lon="7.8091203706">
				<ele>2473.9</ele>
			</trkpt>
			<trkpt lat="46.5245188708" lon="7.8091067536">
				<ele>2473.4</ele>
			</trkpt>
			<trkpt lat="46.5244824453" lon="7.8091018383">
				<ele>2472.7</ele>
			</trkpt>
			<trkpt lat="46.5244593395" lon="7.8090922319">
				<ele>2471.9</ele>
			</trkpt>
			<trkpt lat="46.5244416389" lon="7.8090858283">
				<ele>2471.1</ele>
			</trkpt>
			<trkpt lat="46.5244235065" lon="7.8090628191">
				<ele>2470.4</ele>
			</trkpt>
			<trkpt lat="46.5244112612" lon="7.8090469519">
				<ele>2470.0</ele>
			</trkpt>
			<trkpt lat="46.5244113138" lon="7.8090335170">
				<ele>2469.7</ele>
			</trkpt>
			<trkpt lat="46.5244232023" lon="7.8090153903">
				<ele>2468.7</ele>
			</trkpt>
			<trkpt lat="46.5244345958" lon="7.8089972619">
				<ele>2468.1</ele>
			</trkpt>
			<trkpt lat="46.5244435542" lon="7.8089728088">
				<ele>2467.5</ele>
			</trkpt>
			<trkpt lat="46.5244574938" lon="7.8089325538">
				<ele>2465.8</ele>
			</trkpt>
			<trkpt lat="46.5244448410" lon="7.8088953513">
				<ele>2464.7</ele>
			</trkpt>
			<trkpt lat="46.5244360538" lon="7.8088755465">
				<ele>2463.9</ele>
			</trkpt>
			<trkpt lat="46.5244385996" lon="7.8088534216">
				<ele>2463.3</ele>
			</trkpt>
			<trkpt lat="46.5244510355" lon="7.8088218617">
				<ele>2462.8</ele>
			</trkpt>
			<trkpt lat="46.5244668767" lon="7.8087998022">
				<ele>2461.9</ele>
			</trkpt>
			<trkpt lat="46.5244674924" lon="7.8087681886">
				<ele>2460.2</ele>
			</trkpt>
			<trkpt lat="46.5244591600" lon="7.8087578751">
				<ele>2459.9</ele>
			</trkpt>
			<trkpt lat="46.5244384971" lon="7.8087522469">
				<ele>2459.5</ele>
			</trkpt>
			<trkpt lat="46.5244292202" lon="7.8087308621">
				<ele>2458.3</ele>
			</trkpt>
			<trkpt lat="46.5244209521" lon="7.8087063167">
				<ele>2457.8</ele>
			</trkpt>
			<trkpt lat="46.5244052048" lon="7.8087022860">
				<ele>2457.4</ele>
			</trkpt>
			<trkpt lat="46.5243850290" lon="7.8086990347">
				<ele>2456.8</ele>
			</trkpt>
			<trkpt lat="46.5243772492" lon="7.8086736972">
				<ele>2455.9</ele>
			</trkpt>
			<trkpt lat="46.5243689013" lon="7.8086681277">
				<ele>2455.6</ele>
			</trkpt>
			<trkpt lat="46.5243457030" lon="7.8086814586">
				<ele>2455.3</ele>
			</trkpt>
			<trkpt lat="46.5243056932" lon="7.8087136748">
				<ele>2454.4</ele>
			</trkpt>
			<trkpt lat="46.5242155576" lon="7.8087187671">
				<ele>2452.9</ele>
			</trkpt>
			<trkpt lat="46.5241120880" lon="7.8087356684">
				<ele>2451.9</ele>
			</trkpt>
			<trkpt lat="46.5240524938" lon="7.8087377494">
				<ele>2450.7</ele>
			</trkpt>
			<trkpt lat="46.5240012292" lon="7.8087509536">
				<ele>2449.8</ele>
			</trkpt>
			<trkpt lat="46.5239651774" lon="7.8087776459">
				<ele>2448.1</ele>
			</trkpt>
			<trkpt lat="46.5239424611" lon="7.8087949285">
				<ele>2447.3</ele>
			</trkpt>
			<trkpt lat="46.5239221296" lon="7.8088311893">
				<ele>2446.1</ele>
			</trkpt>
			<trkpt lat="46.5238963494" lon="7.8088777091">
				<ele>2444.8</ele>
			</trkpt>
			<trkpt lat="46.5238804683" lon="7.8089092561">
				<ele>2443.4</ele>
			</trkpt>
			<trkpt lat="46.5238735249" lon="7.8089226597">
				<ele>2442.3</ele>
			</trkpt>
			<trkpt lat="46.5238665571" lon="7.8089408055">
				<ele>2442.0</ele>
			</trkpt>
			<trkpt lat="46.5238507739" lon="7.8089478392">
				<ele>2441.9</ele>
			</trkpt>
			<trkpt lat="46.5238469173" lon="7.8089249008">
				<ele>2441.2</ele>
			</trkpt>
			<trkpt lat="46.5238549505" lon="7.8088862094">
				<ele>2439.4</ele>
			</trkpt>
			<trkpt lat="46.5238693719" lon="7.8088499084">
				<ele>2438.0</ele>
			</trkpt>
			<trkpt lat="46.5238936613" lon="7.8088081352">
				<ele>2436.6</ele>
			</trkpt>
			<trkpt lat="46.5239110576" lon="7.8087671230">
				<ele>2435.3</ele>
			</trkpt>
			<trkpt lat="46.5239239369" lon="7.8087458373">
				<ele>2434.6</ele>
			</trkpt>
			<trkpt lat="46.5239284217" lon="7.8087332140">
				<ele>2433.9</ele>
			</trkpt>
			<trkpt lat="46.5239290104" lon="7.8087071273">
				<ele>2433.3</ele>
			</trkpt>
			<trkpt lat="46.5239046833" lon="7.8087217533">
				<ele>2432.8</ele>
			</trkpt>
			<trkpt lat="46.5238838176" lon="7.8087177258">
				<ele>2431.8</ele>
			</trkpt>
			<trkpt lat="46.5239001918" lon="7.8086866768">
				<ele>2430.5</ele>
			</trkpt>
			<trkpt lat="46.5239349529" lon="7.8086308224">
				<ele>2428.9</ele>
			</trkpt>
			<trkpt lat="46.5239385798" lon="7.8086082612">
				<ele>2428.0</ele>
			</trkpt>
			<trkpt lat="46.5239289056" lon="7.8086066313">
				<ele>2427.8</ele>
			</trkpt>
			<trkpt lat="46.5239176884" lon="7.8086120162">
				<ele>2427.2</ele>
			</trkpt>
			<trkpt lat="46.5238978770" lon="7.8085963061">
				<ele>2425.9</ele>
			</trkpt>
			<trkpt lat="46.5238704474" lon="7.8085719689">
				<ele>2424.7</ele>
			</trkpt>
			<trkpt lat="46.5238516876" lon="7.8085399116">
				<ele>2423.7</ele>
			</trkpt>
			<trkpt lat="46.5238278065" lon="7.8085226234">
				<ele>2422.4</ele>
			</trkpt>
			<trkpt lat="46.5237896861" lon="7.8084966630">
				<ele>2421.0</ele>
			</trkpt>
			<trkpt lat="46.5237841337" lon="7.8084779361">
				<ele>2420.6</ele>
			</trkpt>
			<trkpt lat="46.5237775761" lon="7.8084529605">
				<ele>2419.8</ele>
			</trkpt>
			<trkpt lat="46.5237618546" lon="7.8084271531">
				<ele>2419.0</ele>
			</trkpt>
			<trkpt lat="46.5237425722" lon="7.8084036672">
				<ele>2418.2</ele>
			</trkpt>
			<trkpt lat="46.5237269076" lon="7.8083576074">
				<ele>2416.7</ele>
			</trkpt>
			<trkpt lat="46.5237116835" lon="7.8083364687">
				<ele>2416.4</ele>
			</trkpt>
			<trkpt lat="46.5236893238" lon="7.8083215241">
				<ele>2416.2</ele>
			</trkpt>
			<trkpt lat="46.5236669099" lon="7.8083260499">
				<ele>2416.2</ele>
			</trkpt>
			<trkpt lat="46.5236572254" lon="7.8083275476">
				<ele>2415.6</ele>
			</trkpt>
			<trkpt lat="46.5236475417" lon="7.8083344926">
				<ele>2415.1</ele>
			</trkpt>
			<trkpt lat="46.5236302530" lon="7.8083258125">
				<ele>2414.1</ele>
			</trkpt>
			<trkpt lat="46.5236094299" lon="7.8083030853">
				<ele>2413.1</ele>
			</trkpt>
			<trkpt lat="46.5235830584" lon="7.8082631817">
				<ele>2412.1</ele>
			</trkpt>
			<trkpt lat="46.5235571579" lon="7.8082388689">
				<ele>2411.1</ele>
			</trkpt>
			<trkpt lat="46.5235414539" lon="7.8082076011">
				<ele>2409.7</ele>
			</trkpt>
			<trkpt lat="46.5235262211" lon="7.8081919232">
				<ele>2408.8</ele>
			</trkpt>
			<trkpt lat="46.5235017993" lon="7.8081831945">
				<ele>2408.0</ele>
			</trkpt>
			<trkpt lat="46.5234855336" lon="7.8081753033">
				<ele>2407.3</ele>
			</trkpt>
			<trkpt lat="46.5234799560" lon="7.8081643566">
				<ele>2406.9</ele>
			</trkpt>
			<trkpt lat="46.5234825558" lon="7.8081449035">
				<ele>2406.1</ele>
			</trkpt>
			<trkpt lat="46.5234922814" lon="7.8081223721">
				<ele>2405.4</ele>
			</trkpt>
			<trkpt lat="46.5234887697" lon="7.8081013262">
				<ele>2404.4</ele>
			</trkpt>
			<trkpt lat="46.5234770590" lon="7.8081035794">
				<ele>2404.2</ele>
			</trkpt>
			<trkpt lat="46.5234714861" lon="7.8080910824">
				<ele>2403.5</ele>
			</trkpt>
			<trkpt lat="46.5234746264" lon="7.8080576102">
				<ele>2402.8</ele>
			</trkpt>
			<trkpt lat="46.5234818453" lon="7.8080202689">
				<ele>2401.2</ele>
			</trkpt>
			<trkpt lat="46.5234976816" lon="7.8080024571">
				<ele>2400.8</ele>
			</trkpt>
			<trkpt lat="46.5235191168" lon="7.8079807867">
				<ele>2400.0</ele>
			</trkpt>
			<trkpt lat="46.5235217018" lon="7.8079659996">
				<ele>2399.6</ele>
			</trkpt>
			<trkpt lat="46.5235120718" lon="7.8079480277">
				<ele>2399.0</ele>
			</trkpt>
			<trkpt lat="46.5234978404" lon="7.8079370220">
				<ele>2398.2</ele>
			</trkpt>
			<trkpt lat="46.5234841103" lon="7.8079322631">
				<ele>2397.7</ele>
			</trkpt>
			<trkpt lat="46.5234739426" lon="7.8079275278">
				<ele>2397.4</ele>
			</trkpt>
			<trkpt lat="46.5234729712" lon="7.8079080376">
				<ele>2396.6</ele>
			</trkpt>
			<trkpt lat="46.5234806451" lon="7.8078940798">
				<ele>2396.2</ele>
			</trkpt>
			<trkpt lat="46.5235137975" lon="7.8078709254">
				<ele>2395.0</ele>
			</trkpt>
			<trkpt lat="46.5235433495" lon="7.8078594370">
				<ele>2394.5</ele>
			</trkpt>
			<trkpt lat="46.5235698260" lon="7.8078588355">
				<ele>2393.5</ele>
			</trkpt>
			<trkpt lat="46.5236125997" lon="7.8078591143">
				<ele>2392.5</ele>
			</trkpt>
			<trkpt lat="46.5236284194" lon="7.8078436346">
				<ele>2390.9</ele>
			</trkpt>
			<trkpt lat="46.5236172904" lon="7.8078162950">
				<ele>2390.3</ele>
			</trkpt>
			<trkpt lat="46.5235868964" lon="7.8077545611">
				<ele>2388.9</ele>
			</trkpt>
			<trkpt lat="46.5235615410" lon="7.8077146782">
				<ele>2388.0</ele>
			</trkpt>
			<trkpt lat="46.5235361567" lon="7.8076864596">
				<ele>2386.9</ele>
			</trkpt>
			<trkpt lat="46.5235016477" lon="7.8076426176">
				<ele>2385.5</ele>
			</trkpt>
			<trkpt lat="46.5234950873" lon="7.8076184233">
				<ele>2384.9</ele>
			</trkpt>
			<trkpt lat="46.5234885560" lon="7.8075825529">
				<ele>2383.5</ele>
			</trkpt>
			<trkpt lat="46.5234977792" lon="7.8075623630">
				<ele>2382.6</ele>
			</trkpt>
			<trkpt lat="46.5235334782" lon="7.8075361107">
				<ele>2381.1</ele>
			</trkpt>
			<trkpt lat="46.5235442444" lon="7.8075089203">
				<ele>2380.4</ele>
			</trkpt>
			<trkpt lat="46.5235555141" lon="7.8074817332">
				<ele>2379.1</ele>
			</trkpt>
			<trkpt lat="46.5235789787" lon="7.8074639732">
				<ele>2378.2</ele>
			</trkpt>
			<trkpt lat="46.5236059562" lon="7.8074641434">
				<ele>2377.7</ele>
			</trkpt>
			<trkpt lat="46.5236329189" lon="7.8074744538">
				<ele>2377.3</ele>
			</trkpt>
			<trkpt lat="46.5236620089" lon="7.8074473745">
				<ele>2376.1</ele>
			</trkpt>
			<trkpt lat="46.5236737347" lon="7.8074404425">
				<ele>2375.8</ele>
			</trkpt>
			<trkpt lat="46.5236905154" lon="7.8074475685">
				<ele>2375.5</ele>
			</trkpt>
			<trkpt lat="46.5237032831" lon="7.8074328507">
				<ele>2375.0</ele>
			</trkpt>
			<trkpt lat="46.5236992686" lon="7.8074086736">
				<ele>2374.1</ele>
			</trkpt>
			<trkpt lat="46.5236770456" lon="7.8073376514">
				<ele>2372.2</ele>
			</trkpt>
			<trkpt lat="46.5236583211" lon="7.8072946861">
				<ele>2371.3</ele>
			</trkpt>
			<trkpt lat="46.5236411216" lon="7.8072501666">
				<ele>2370.1</ele>
			</trkpt>
			<trkpt lat="46.5236259326" lon="7.8072181342">
				<ele>2369.1</ele>
			</trkpt>
			<trkpt lat="46.5236000443" lon="7.8071844770">
				<ele>2367.9</ele>
			</trkpt>
			<trkpt lat="46.5235721683" lon="7.8071367708">
				<ele>2366.9</ele>
			</trkpt>
			<trkpt lat="46.5235559741" lon="7.8070985017">
				<ele>2366.1</ele>
			</trkpt>
			<trkpt lat="46.5235453952" lon="7.8070540273">
				<ele>2364.9</ele>
			</trkpt>
			<trkpt lat="46.5235276957" lon="7.8070056220">
				<ele>2363.0</ele>
			</trkpt>
			<trkpt lat="46.5235190970" lon="7.8069829778">
				<ele>2362.8</ele>
			</trkpt>
			<trkpt lat="46.5235140835" lon="7.8069533469">
				<ele>2361.7</ele>
			</trkpt>
			<trkpt lat="46.5235004022" lon="7.8069252082">
				<ele>2361.2</ele>
			</trkpt>
			<trkpt lat="46.5234903312" lon="7.8068823020">
				<ele>2359.9</ele>
			</trkpt>
			<trkpt lat="46.5234782041" lon="7.8068463929">
				<ele>2359.0</ele>
			</trkpt>
			<trkpt lat="46.5234716324" lon="7.8068284413">
				<ele>2358.5</ele>
			</trkpt>
			<trkpt lat="46.5234635378" lon="7.8068057878">
				<ele>2358.0</ele>
			</trkpt>
			<trkpt lat="46.5234559556" lon="7.8067831513">
				<ele>2357.3</ele>
			</trkpt>
			<trkpt lat="46.5234560260" lon="7.8067558880">
				<ele>2356.3</ele>
			</trkpt>
			<trkpt lat="46.5234489768" lon="7.8067270253">
				<ele>2355.8</ele>
			</trkpt>
			<trkpt lat="46.5234367834" lon="7.8067144834">
				<ele>2355.7</ele>
			</trkpt>
			<trkpt lat="46.5234194734" lon="7.8067151477">
				<ele>2355.8</ele>
			</trkpt>
			<trkpt lat="46.5233980521" lon="7.8067298069">
				<ele>2355.9</ele>
			</trkpt>
			<trkpt lat="46.5233770896" lon="7.8067639400">
				<ele>2356.9</ele>
			</trkpt>
			<trkpt lat="46.5233617966" lon="7.8067724109">
				<ele>2357.2</ele>
			</trkpt>
			<trkpt lat="46.5233490906" lon="7.8067653135">
				<ele>2356.8</ele>
			</trkpt>
			<trkpt lat="46.5233415450" lon="7.8067286537">
				<ele>2356.2</ele>
			</trkpt>
			<trkpt lat="46.5233349506" lon="7.8067177138">
				<ele>2355.8</ele>
			</trkpt>
			<trkpt lat="46.5233222219" lon="7.8067176273">
				<ele>2355.7</ele>
			</trkpt>
			<trkpt lat="46.5233089505" lon="7.8067323418">
				<ele>2355.7</ele>
			</trkpt>
			<trkpt lat="46.5232946500" lon="7.8067509462">
				<ele>2356.2</ele>
			</trkpt>
			<trkpt lat="46.5232772987" lon="7.8067671841">
				<ele>2356.8</ele>
			</trkpt>
			<trkpt lat="46.5232605053" lon="7.8067639559">
				<ele>2357.2</ele>
			</trkpt>
			<trkpt lat="46.5232223855" lon="7.8067348948">
				<ele>2356.1</ele>
			</trkpt>
			<trkpt lat="46.5231980140" lon="7.8067105797">
				<ele>2355.1</ele>
			</trkpt>
			<trkpt lat="46.5231655257" lon="7.8066647852">
				<ele>2353.5</ele>
			</trkpt>
			<trkpt lat="46.5231422786" lon="7.8066404906">
				<ele>2352.8</ele>
			</trkpt>
			<trkpt lat="46.5231005357" lon="7.8066024524">
				<ele>2350.6</ele>
			</trkpt>
			<trkpt lat="46.5230796984" lon="7.8065867371">
				<ele>2348.7</ele>
			</trkpt>
			<trkpt lat="46.5230614511" lon="7.8065546836">
				<ele>2348.1</ele>
			</trkpt>
			<trkpt lat="46.5230416217" lon="7.8065444230">
				<ele>2347.2</ele>
			</trkpt>
			<trkpt lat="46.5230207871" lon="7.8065279258">
				<ele>2346.8</ele>
			</trkpt>
			<trkpt lat="46.5230050851" lon="7.8064958896">
				<ele>2346.1</ele>
			</trkpt>
			<trkpt lat="46.5229888358" lon="7.8064802055">
				<ele>2345.6</ele>
			</trkpt>
			<trkpt lat="46.5229725535" lon="7.8064746478">
				<ele>2345.1</ele>
			</trkpt>
			<trkpt lat="46.5229516637" lon="7.8064807485">
				<ele>2345.0</ele>
			</trkpt>
			<trkpt lat="46.5229307928" lon="7.8064782738">
				<ele>2344.7</ele>
			</trkpt>
			<trkpt lat="46.5229048455" lon="7.8064710858">
				<ele>2344.0</ele>
			</trkpt>
			<trkpt lat="46.5228550588" lon="7.8064279241">
				<ele>2342.9</ele>
			</trkpt>
			<trkpt lat="46.5228209766" lon="7.8064160150">
				<ele>2342.0</ele>
			</trkpt>
			<trkpt lat="46.5227904556" lon="7.8064072457">
				<ele>2341.9</ele>
			</trkpt>
			<trkpt lat="46.5227471706" lon="7.8064092976">
				<ele>2342.1</ele>
			</trkpt>
			<trkpt lat="46.5226926827" lon="7.8064151702">
				<ele>2342.6</ele>
			</trkpt>
			<trkpt lat="46.5226558523" lon="7.8064074137">
				<ele>2342.9</ele>
			</trkpt>
			<trkpt lat="46.5225406804" lon="7.8063879043">
				<ele>2344.5</ele>
			</trkpt>
			<trkpt lat="46.5224946459" lon="7.8063667404">
				<ele>2345.4</ele>
			</trkpt>
			<trkpt lat="46.5224322665" lon="7.8063788800">
				<ele>2347.0</ele>
			</trkpt>
			<trkpt lat="46.5223387806" lon="7.8063574330">
				<ele>2349.0</ele>
			</trkpt>
			<trkpt lat="46.5222451912" lon="7.8063818973">
				<ele>2351.4</ele>
			</trkpt>
			<trkpt lat="46.5222128554" lon="7.8063862658">
				<ele>2351.6</ele>
			</trkpt>
			<trkpt lat="46.5221801034" lon="7.8063802695">
				<ele>2351.4</ele>
			</trkpt>
			<trkpt lat="46.5221146306" lon="7.8063531093">
				<ele>2351.4</ele>
			</trkpt>
			<trkpt lat="46.5220841433" lon="7.8063506346">
				<ele>2351.4</ele>
			</trkpt>
			<trkpt lat="46.5220476397" lon="7.8063224461">
				<ele>2351.2</ele>
			</trkpt>
			<trkpt lat="46.5220225496" lon="7.8062978142">
				<ele>2351.6</ele>
			</trkpt>
			<trkpt lat="46.5219928458" lon="7.8062894938">
				<ele>2352.7</ele>
			</trkpt>
			<trkpt lat="46.5219745791" lon="7.8062800650">
				<ele>2352.7</ele>
			</trkpt>
			<trkpt lat="46.5219563671" lon="7.8062508012">
				<ele>2352.8</ele>
			</trkpt>
			<trkpt lat="46.5219266520" lon="7.8062459862">
				<ele>2353.8</ele>
			</trkpt>
			<trkpt lat="46.5218847990" lon="7.8062224401">
				<ele>2355.2</ele>
			</trkpt>
			<trkpt lat="46.5218696244" lon="7.8061943568">
				<ele>2355.6</ele>
			</trkpt>
			<trkpt lat="46.5218262720" lon="7.8061614696">
				<ele>2356.7</ele>
			</trkpt>
			<trkpt lat="46.5217874898" lon="7.8061286000">
				<ele>2357.9</ele>
			</trkpt>
			<trkpt lat="46.5217327205" lon="7.8060851448">
				<ele>2359.6</ele>
			</trkpt>
			<trkpt lat="46.5216916751" lon="7.8060429289">
				<ele>2360.5</ele>
			</trkpt>
			<trkpt lat="46.5216787787" lon="7.8060195270">
				<ele>2360.5</ele>
			</trkpt>
			<trkpt lat="46.5216225305" lon="7.8059632248">
				<ele>2360.2</ele>
			</trkpt>
			<trkpt lat="46.5215784786" lon="7.8059046469">
				<ele>2359.7</ele>
			</trkpt>
			<trkpt lat="46.5215534495" lon="7.8058555029">
				<ele>2358.9</ele>
			</trkpt>
			<trkpt lat="46.5215482639" lon="7.8057982831">
				<ele>2357.3</ele>
			</trkpt>
			<trkpt lat="46.5215278095" lon="7.8057503298">
				<ele>2356.5</ele>
			</trkpt>
			<trkpt lat="46.5215164239" lon="7.8057327767">
				<ele>2356.2</ele>
			</trkpt>
			<trkpt lat="46.5214745508" lon="7.8057127238">
				<ele>2356.5</ele>
			</trkpt>
			<trkpt lat="46.5214581447" lon="7.8056925690">
				<ele>2356.1</ele>
			</trkpt>
			<trkpt lat="46.5214005829" lon="7.8055777838">
				<ele>2353.1</ele>
			</trkpt>
			<trkpt lat="46.5213800203" lon="7.8055381317">
				<ele>2352.2</ele>
			</trkpt>
			<trkpt lat="46.5212781716" lon="7.8054459572">
				<ele>2350.6</ele>
			</trkpt>
			<trkpt lat="46.5212452406" lon="7.8053895799">
				<ele>2349.5</ele>
			</trkpt>
			<trkpt lat="46.5211487335" lon="7.8053452691">
				<ele>2349.5</ele>
			</trkpt>
			<trkpt lat="46.5210813353" lon="7.8052761868">
				<ele>2349.0</ele>
			</trkpt>
			<trkpt lat="46.5209603565" lon="7.8051298019">
				<ele>2348.2</ele>
			</trkpt>
			<trkpt lat="46.5208876339" lon="7.8050045295">
				<ele>2346.0</ele>
			</trkpt>
			<trkpt lat="46.5208671279" lon="7.8049503217">
				<ele>2345.4</ele>
			</trkpt>
			<trkpt lat="46.5208328041" lon="7.8048960070">
				<ele>2344.6</ele>
			</trkpt>
			<trkpt lat="46.5208013560" lon="7.8048146841">
				<ele>2343.6</ele>
			</trkpt>
			<trkpt lat="46.5207531619" lon="7.8047769307">
				<ele>2343.4</ele>
			</trkpt>
			<trkpt lat="46.5207078830" lon="7.8046996848">
				<ele>2342.6</ele>
			</trkpt>
			<trkpt lat="46.5206942829" lon="7.8046434257">
				<ele>2341.2</ele>
			</trkpt>
			<trkpt lat="46.5206640904" lon="7.8045912375">
				<ele>2340.6</ele>
			</trkpt>
			<trkpt lat="46.5206505324" lon="7.8045245925">
				<ele>2339.9</ele>
			</trkpt>
			<trkpt lat="46.5206078704" lon="7.8044868641">
				<ele>2339.9</ele>
			</trkpt>
			<trkpt lat="46.5205680302" lon="7.8044304542">
				<ele>2339.8</ele>
			</trkpt>
			<trkpt lat="46.5205517815" lon="7.8043471490">
				<ele>2338.4</ele>
			</trkpt>
			<trkpt lat="46.5204967682" lon="7.8042844082">
				<ele>2338.1</ele>
			</trkpt>
			<trkpt lat="46.5204475744" lon="7.8041488842">
				<ele>2335.7</ele>
			</trkpt>
			<trkpt lat="46.5204103975" lon="7.8041174355">
				<ele>2335.7</ele>
			</trkpt>
			<trkpt lat="46.5203211464" lon="7.8039816679">
				<ele>2335.7</ele>
			</trkpt>
			<trkpt lat="46.5202857807" lon="7.8038399956">
				<ele>2333.8</ele>
			</trkpt>
			<trkpt lat="46.5202102795" lon="7.8037167933">
				<ele>2333.8</ele>
			</trkpt>
			<trkpt lat="46.5201666978" lon="7.8035563528">
				<ele>2330.9</ele>
			</trkpt>
			<trkpt lat="46.5201241998" lon="7.8034728853">
				<ele>2330.9</ele>
			</trkpt>
			<trkpt lat="46.5200911789" lon="7.8034414653">
				<ele>2330.9</ele>
			</trkpt>
			<trkpt lat="46.5200253276" lon="7.8033245703">
				<ele>2329.9</ele>
			</trkpt>
			<trkpt lat="46.5199687586" lon="7.8033117050">
				<ele>2331.6</ele>
			</trkpt>
			<trkpt lat="46.5199219533" lon="7.8032698063">
				<ele>2332.1</ele>
			</trkpt>
			<trkpt lat="46.5198739344" lon="7.8031883741">
				<ele>2332.1</ele>
			</trkpt>
			<trkpt lat="46.5198480977" lon="7.8030821361">
				<ele>2331.7</ele>
			</trkpt>
			<trkpt lat="46.5198195859" lon="7.8029488521">
				<ele>2331.6</ele>
			</trkpt>
			<trkpt lat="46.5197731988" lon="7.8027987808">
				<ele>2331.4</ele>
			</trkpt>
			<trkpt lat="46.5197361416" lon="7.8027382342">
				<ele>2331.4</ele>
			</trkpt>
			<trkpt lat="46.5196861831" lon="7.8026780704">
				<ele>2331.3</ele>
			</trkpt>
			<trkpt lat="46.5196304673" lon="7.8026178679">
				<ele>2331.2</ele>
			</trkpt>
			<trkpt lat="46.5195780191" lon="7.8025627574">
				<ele>2331.1</ele>
			</trkpt>
			<trkpt lat="46.5195392222" lon="7.8025368894">
				<ele>2331.2</ele>
			</trkpt>
			<trkpt lat="46.5195064612" lon="7.8025308964">
				<ele>2331.2</ele>
			</trkpt>
			<trkpt lat="46.5194775499" lon="7.8025109203">
				<ele>2331.2</ele>
			</trkpt>
			<trkpt lat="46.5194555060" lon="7.8024898044">
				<ele>2331.2</ele>
			</trkpt>
			<trkpt lat="46.5194274409" lon="7.8024359912">
				<ele>2331.1</ele>
			</trkpt>
			<trkpt lat="46.5194054292" lon="7.8024020397">
				<ele>2331.1</ele>
			</trkpt>
			<trkpt lat="46.5193704509" lon="7.8023691871">
				<ele>2332.0</ele>
			</trkpt>
			<trkpt lat="46.5193157099" lon="7.8023164064">
				<ele>2332.7</ele>
			</trkpt>
			<trkpt lat="46.5192801195" lon="7.8022275272">
				<ele>2332.4</ele>
			</trkpt>
			<trkpt lat="46.5192672827" lon="7.8021796157">
				<ele>2332.0</ele>
			</trkpt>
			<trkpt lat="46.5192643916" lon="7.8021189088">
				<ele>2330.9</ele>
			</trkpt>
			<trkpt lat="46.5192622014" lon="7.8020780530">
				<ele>2329.6</ele>
			</trkpt>
			<trkpt lat="46.5192455422" lon="7.8020382868">
				<ele>2329.5</ele>
			</trkpt>
			<trkpt lat="46.5192311272" lon="7.8020113716">
				<ele>2329.8</ele>
			</trkpt>
			<trkpt lat="46.5192060548" lon="7.8019809050">
				<ele>2331.2</ele>
			</trkpt>
			<trkpt lat="46.5191924077" lon="7.8019528345">
				<ele>2331.6</ele>
			</trkpt>
			<trkpt lat="46.5191817635" lon="7.8019422729">
				<ele>2331.7</ele>
			</trkpt>
			<trkpt lat="46.5191490099" lon="7.8019339475">
				<ele>2333.0</ele>
			</trkpt>
			<trkpt lat="46.5191360699" lon="7.8019268893">
				<ele>2333.6</ele>
			</trkpt>
			<trkpt lat="46.5191148359" lon="7.8018859321">
				<ele>2334.0</ele>
			</trkpt>
			<trkpt lat="46.5191019425" lon="7.8018613600">
				<ele>2334.8</ele>
			</trkpt>
			<trkpt lat="46.5190837150" lon="7.8018367644">
				<ele>2335.4</ele>
			</trkpt>
			<trkpt lat="46.5190563239" lon="7.8018167990">
				<ele>2336.5</ele>
			</trkpt>
			<trkpt lat="46.5190145017" lon="7.8017804217">
				<ele>2338.3</ele>
			</trkpt>
			<trkpt lat="46.5189802917" lon="7.8017464017">
				<ele>2339.6</ele>
			</trkpt>
			<trkpt lat="46.5189605389" lon="7.8017206368">
				<ele>2339.7</ele>
			</trkpt>
			<trkpt lat="46.5189392516" lon="7.8017018589">
				<ele>2340.4</ele>
			</trkpt>
			<trkpt lat="46.5189157107" lon="7.8016678977">
				<ele>2340.8</ele>
			</trkpt>
			<trkpt lat="46.5188815458" lon="7.8016140447">
				<ele>2341.1</ele>
			</trkpt>
			<trkpt lat="46.5188368383" lon="7.8015122957">
				<ele>2340.7</ele>
			</trkpt>
			<trkpt lat="46.5187905992" lon="7.8014140423">
				<ele>2340.4</ele>
			</trkpt>
			<trkpt lat="46.5187640268" lon="7.8013742230">
				<ele>2340.7</ele>
			</trkpt>
			<trkpt lat="46.5187237179" lon="7.8013401888">
				<ele>2342.4</ele>
			</trkpt>
			<trkpt lat="46.5186810954" lon="7.8013178152">
				<ele>2345.1</ele>
			</trkpt>
			<trkpt lat="46.5186496397" lon="7.8012748877">
				<ele>2344.8</ele>
			</trkpt>
			<trkpt lat="46.5186206419" lon="7.8012143326">
				<ele>2345.5</ele>
			</trkpt>
			<trkpt lat="46.5186029285" lon="7.8011100938">
				<ele>2345.4</ele>
			</trkpt>
			<trkpt lat="46.5185462541" lon="7.8010118882">
				<ele>2344.8</ele>
			</trkpt>
			<trkpt lat="46.5184756452" lon="7.8009219430">
				<ele>2345.4</ele>
			</trkpt>
			<trkpt lat="46.5184206602" lon="7.8008354387">
				<ele>2348.4</ele>
			</trkpt>
			<trkpt lat="46.5183804127" lon="7.8007708472">
				<ele>2350.3</ele>
			</trkpt>
			<trkpt lat="46.5183684176" lon="7.8007521976">
				<ele>2351.0</ele>
			</trkpt>
			<trkpt lat="46.5183624799" lon="7.8007269420">
				<ele>2351.7</ele>
			</trkpt>
			<trkpt lat="46.5183651418" lon="7.8007017316">
				<ele>2353.0</ele>
			</trkpt>
			<trkpt lat="46.5183609099" lon="7.8006804754">
				<ele>2353.4</ele>
			</trkpt>
			<trkpt lat="46.5183610155" lon="7.8006472851">
				<ele>2353.0</ele>
			</trkpt>
			<trkpt lat="46.5183525502" lon="7.8006021015">
				<ele>2353.2</ele>
			</trkpt>
			<trkpt lat="46.5183582850" lon="7.8005583155">
				<ele>2353.6</ele>
			</trkpt>
			<trkpt lat="46.5183536569" lon="7.8005257716">
				<ele>2354.3</ele>
			</trkpt>
			<trkpt lat="46.5183318809" lon="7.8004712204">
				<ele>2355.2</ele>
			</trkpt>
			<trkpt lat="46.5182907797" lon="7.8004033009">
				<ele>2356.5</ele>
			</trkpt>
			<trkpt lat="46.5182551179" lon="7.8003845451">
				<ele>2358.1</ele>
			</trkpt>
			<trkpt lat="46.5182254001" lon="7.8003916966">
				<ele>2358.9</ele>
			</trkpt>
			<trkpt lat="46.5181986830" lon="7.8004001837">
				<ele>2358.8</ele>
			</trkpt>
			<trkpt lat="46.5181775954" lon="7.8004007468">
				<ele>2358.8</ele>
			</trkpt>
			<trkpt lat="46.5181370505" lon="7.8004264343">
				<ele>2359.1</ele>
			</trkpt>
			<trkpt lat="46.5180844399" lon="7.8004560415">
				<ele>2359.5</ele>
			</trkpt>
			<trkpt lat="46.5180654447" lon="7.8004745233">
				<ele>2359.2</ele>
			</trkpt>
			<trkpt lat="46.5180426065" lon="7.8004823848">
				<ele>2358.9</ele>
			</trkpt>
			<trkpt lat="46.5180279205" lon="7.8004982369">
				<ele>2358.9</ele>
			</trkpt>
			<trkpt lat="46.5179902457" lon="7.8005690706">
				<ele>2358.9</ele>
			</trkpt>
			<trkpt lat="46.5179720398" lon="7.8006081467">
				<ele>2359.0</ele>
			</trkpt>
			<trkpt lat="46.5179336054" lon="7.8006464621">
				<ele>2358.8</ele>
			</trkpt>
			<trkpt lat="46.5179137429" lon="7.8006662670">
				<ele>2358.5</ele>
			</trkpt>
			<trkpt lat="46.5178835428" lon="7.8006893521">
				<ele>2358.5</ele>
			</trkpt>
			<trkpt lat="46.5178356529" lon="7.8007249588">
				<ele>2359.0</ele>
			</trkpt>
			<trkpt lat="46.5178032982" lon="7.8007467000">
				<ele>2359.3</ele>
			</trkpt>
			<trkpt lat="46.5177795900" lon="7.8007565364">
				<ele>2359.4</ele>
			</trkpt>
			<trkpt lat="46.5177377402" lon="7.8007881962">
				<ele>2359.4</ele>
			</trkpt>
			<trkpt lat="46.5177036591" lon="7.8008125839">
				<ele>2359.4</ele>
			</trkpt>
			<trkpt lat="46.5176760164" lon="7.8008403248">
				<ele>2359.2</ele>
			</trkpt>
			<trkpt lat="46.5176525859" lon="7.8008986256">
				<ele>2359.8</ele>
			</trkpt>
			<trkpt lat="46.5176317963" lon="7.8009383490">
				<ele>2360.1</ele>
			</trkpt>
			<trkpt lat="46.5175941699" lon="7.8009939094">
				<ele>2360.2</ele>
			</trkpt>
			<trkpt lat="46.5175648437" lon="7.8010449385">
				<ele>2361.0</ele>
			</trkpt>
			<trkpt lat="46.5175410021" lon="7.8010881723">
				<ele>2361.3</ele>
			</trkpt>
			<trkpt lat="46.5175350212" lon="7.8011074837">
				<ele>2361.6</ele>
			</trkpt>
			<trkpt lat="46.5175348686" lon="7.8011722209">
				<ele>2361.7</ele>
			</trkpt>
			<trkpt lat="46.5175347306" lon="7.8012296091">
				<ele>2361.5</ele>
			</trkpt>
			<trkpt lat="46.5175409689" lon="7.8012790256">
				<ele>2360.9</ele>
			</trkpt>
			<trkpt lat="46.5175413247" lon="7.8013057153">
				<ele>2360.5</ele>
			</trkpt>
			<trkpt lat="46.5175353001" lon="7.8013443904">
				<ele>2360.3</ele>
			</trkpt>
			<trkpt lat="46.5175199387" lon="7.8013856742">
				<ele>2360.4</ele>
			</trkpt>
			<trkpt lat="46.5174961415" lon="7.8014122157">
				<ele>2361.1</ele>
			</trkpt>
			<trkpt lat="46.5174833569" lon="7.8014381659">
				<ele>2360.5</ele>
			</trkpt>
			<trkpt lat="46.5174878703" lon="7.8015009149">
				<ele>2359.5</ele>
			</trkpt>
			<trkpt lat="46.5174856215" lon="7.8015516168">
				<ele>2358.3</ele>
			</trkpt>
			<trkpt lat="46.5174757677" lon="7.8015949313">
				<ele>2357.6</ele>
			</trkpt>
			<trkpt lat="46.5174604297" lon="7.8016288784">
				<ele>2357.3</ele>
			</trkpt>
			<trkpt lat="46.5174438521" lon="7.8016481318">
				<ele>2357.5</ele>
			</trkpt>
			<trkpt lat="46.5174302850" lon="7.8016513766">
				<ele>2357.8</ele>
			</trkpt>
			<trkpt lat="46.5174347959" lon="7.8017121315">
				<ele>2357.2</ele>
			</trkpt>
			<trkpt lat="46.5174430724" lon="7.8017936053">
				<ele>2356.1</ele>
			</trkpt>
			<trkpt lat="46.5174522205" lon="7.8018670569">
				<ele>2354.0</ele>
			</trkpt>
			<trkpt lat="46.5174538340" lon="7.8018997631">
				<ele>2353.2</ele>
			</trkpt>
			<trkpt lat="46.5174418407" lon="7.8019510768">
				<ele>2352.5</ele>
			</trkpt>
			<trkpt lat="46.5174299279" lon="7.8019716904">
				<ele>2352.1</ele>
			</trkpt>
			<trkpt lat="46.5174040052" lon="7.8019988949">
				<ele>2351.9</ele>
			</trkpt>
			<trkpt lat="46.5173670067" lon="7.8020493894">
				<ele>2351.1</ele>
			</trkpt>
			<trkpt lat="46.5173525658" lon="7.8020613071">
				<ele>2351.0</ele>
			</trkpt>
			<trkpt lat="46.5173258363" lon="7.8020738200">
				<ele>2351.2</ele>
			</trkpt>
			<trkpt lat="46.5173358628" lon="7.8021312758">
				<ele>2350.2</ele>
			</trkpt>
			<trkpt lat="46.5173365963" lon="7.8021773197">
				<ele>2348.3</ele>
			</trkpt>
			<trkpt lat="46.5173230508" lon="7.8021712350">
				<ele>2347.5</ele>
			</trkpt>
			<trkpt lat="46.5173098974" lon="7.8021771667">
				<ele>2346.7</ele>
			</trkpt>
			<trkpt lat="46.5173216355" lon="7.8022312848">
				<ele>2345.1</ele>
			</trkpt>
			<trkpt lat="46.5173245102" lon="7.8022660061">
				<ele>2344.8</ele>
			</trkpt>
			<trkpt lat="46.5173053330" lon="7.8023105999">
				<ele>2344.2</ele>
			</trkpt>
			<trkpt lat="46.5172742271" lon="7.8023778002">
				<ele>2342.6</ele>
			</trkpt>
			<trkpt lat="46.5172499516" lon="7.8024243664">
				<ele>2342.1</ele>
			</trkpt>
			<trkpt lat="46.5172189060" lon="7.8024668865">
				<ele>2342.4</ele>
			</trkpt>
			<trkpt lat="46.5171747337" lon="7.8025073252">
				<ele>2342.5</ele>
			</trkpt>
			<trkpt lat="46.5171352331" lon="7.8025411096">
				<ele>2342.6</ele>
			</trkpt>
			<trkpt lat="46.5171126667" lon="7.8025823574">
				<ele>2342.4</ele>
			</trkpt>
			<trkpt lat="46.5170922452" lon="7.8026135856">
				<ele>2341.5</ele>
			</trkpt>
			<trkpt lat="46.5170815871" lon="7.8026382214">
				<ele>2341.1</ele>
			</trkpt>
			<trkpt lat="46.5170754835" lon="7.8027069183">
				<ele>2341.5</ele>
			</trkpt>
			<trkpt lat="46.5170749303" lon="7.8027589605">
				<ele>2342.0</ele>
			</trkpt>
			<trkpt lat="46.5170664002" lon="7.8027822673">
				<ele>2341.8</ele>
			</trkpt>
			<trkpt lat="46.5170412895" lon="7.8028228203">
				<ele>2341.2</ele>
			</trkpt>
			<trkpt lat="46.5170208341" lon="7.8028700639">
				<ele>2341.3</ele>
			</trkpt>
			<trkpt lat="46.5169999525" lon="7.8029159876">
				<ele>2340.9</ele>
			</trkpt>
			<trkpt lat="46.5169599228" lon="7.8029911419">
				<ele>2340.5</ele>
			</trkpt>
			<trkpt lat="46.5169152775" lon="7.8030502626">
				<ele>2339.5</ele>
			</trkpt>
			<trkpt lat="46.5168752734" lon="7.8031174149">
				<ele>2339.1</ele>
			</trkpt>
			<trkpt lat="46.5168535853" lon="7.8031453120">
				<ele>2338.8</ele>
			</trkpt>
			<trkpt lat="46.5168268259" lon="7.8031698385">
				<ele>2338.6</ele>
			</trkpt>
			<trkpt lat="46.5168008695" lon="7.8032103854">
				<ele>2338.0</ele>
			</trkpt>
			<trkpt lat="46.5167732145" lon="7.8032529275">
				<ele>2337.2</ele>
			</trkpt>
			<trkpt lat="46.5167549440" lon="7.8032728329">
				<ele>2336.2</ele>
			</trkpt>
			<trkpt lat="46.5167405006" lon="7.8032827570">
				<ele>2335.5</ele>
			</trkpt>
			<trkpt lat="46.5167256636" lon="7.8032866704">
				<ele>2335.0</ele>
			</trkpt>
			<trkpt lat="46.5167154813" lon="7.8032892734">
				<ele>2335.0</ele>
			</trkpt>
			<trkpt lat="46.5166984694" lon="7.8033118580">
				<ele>2334.3</ele>
			</trkpt>
			<trkpt lat="46.5166806134" lon="7.8033371092">
				<ele>2333.9</ele>
			</trkpt>
			<trkpt lat="46.5166581041" lon="7.8033543152">
				<ele>2333.5</ele>
			</trkpt>
			<trkpt lat="46.5166287438" lon="7.8033988523">
				<ele>2333.0</ele>
			</trkpt>
			<trkpt lat="46.5166041357" lon="7.8034113786">
				<ele>2332.4</ele>
			</trkpt>
			<trkpt lat="46.5165701746" lon="7.8034318559">
				<ele>2331.1</ele>
			</trkpt>
			<trkpt lat="46.5165480958" lon="7.8034497288">
				<ele>2330.6</ele>
			</trkpt>
			<trkpt lat="46.5165246973" lon="7.8034836213">
				<ele>2330.2</ele>
			</trkpt>
			<trkpt lat="46.5165047003" lon="7.8035142002">
				<ele>2330.1</ele>
			</trkpt>
			<trkpt lat="46.5164902157" lon="7.8035427961">
				<ele>2330.0</ele>
			</trkpt>
			<trkpt lat="46.5164871713" lon="7.8035774898">
				<ele>2330.3</ele>
			</trkpt>
			<trkpt lat="46.5164883726" lon="7.8036041854">
				<ele>2330.7</ele>
			</trkpt>
			<trkpt lat="46.5164819807" lon="7.8036194924">
				<ele>2330.6</ele>
			</trkpt>
			<trkpt lat="46.5164751649" lon="7.8036328034">
				<ele>2330.5</ele>
			</trkpt>
			<trkpt lat="46.5164687793" lon="7.8036434322">
				<ele>2330.7</ele>
			</trkpt>
			<trkpt lat="46.5164547835" lon="7.8036486802">
				<ele>2330.5</ele>
			</trkpt>
			<trkpt lat="46.5164314147" lon="7.8036705584">
				<ele>2330.4</ele>
			</trkpt>
			<trkpt lat="46.5164195158" lon="7.8036838344">
				<ele>2330.1</ele>
			</trkpt>
			<trkpt lat="46.5164004196" lon="7.8036917330">
				<ele>2329.8</ele>
			</trkpt>
			<trkpt lat="46.5163914931" lon="7.8037036872">
				<ele>2329.9</ele>
			</trkpt>
			<trkpt lat="46.5163740233" lon="7.8037402775">
				<ele>2330.0</ele>
			</trkpt>
			<trkpt lat="46.5163510284" lon="7.8037828504">
				<ele>2329.9</ele>
			</trkpt>
			<trkpt lat="46.5163306047" lon="7.8038481403">
				<ele>2330.5</ele>
			</trkpt>
			<trkpt lat="46.5163209980" lon="7.8038787111">
				<ele>2330.8</ele>
			</trkpt>
			<trkpt lat="46.5163152988" lon="7.8039026362">
				<ele>2330.6</ele>
			</trkpt>
			<trkpt lat="46.5163083415" lon="7.8039179130">
				<ele>2330.3</ele>
			</trkpt>
			<trkpt lat="46.5162983375" lon="7.8039378355">
				<ele>2330.1</ele>
			</trkpt>
			<trkpt lat="46.5162796843" lon="7.8039643575">
				<ele>2330.1</ele>
			</trkpt>
			<trkpt lat="46.5162592705" lon="7.8039988551">
				<ele>2330.0</ele>
			</trkpt>
			<trkpt lat="46.5162423864" lon="7.8040127494">
				<ele>2330.0</ele>
			</trkpt>
			<trkpt lat="46.5162207474" lon="7.8040252827">
				<ele>2329.3</ele>
			</trkpt>
			<trkpt lat="46.5161999440" lon="7.8040491321">
				<ele>2329.4</ele>
			</trkpt>
			<trkpt lat="46.5161630474" lon="7.8041041725">
				<ele>2329.1</ele>
			</trkpt>
			<trkpt lat="46.5161421752" lon="7.8041466687">
				<ele>2329.0</ele>
			</trkpt>
			<trkpt lat="46.5161231140" lon="7.8041658643">
				<ele>2329.0</ele>
			</trkpt>
			<trkpt lat="46.5160970137" lon="7.8042203133">
				<ele>2329.1</ele>
			</trkpt>
			<trkpt lat="46.5160804924" lon="7.8042528438">
				<ele>2329.2</ele>
			</trkpt>
			<trkpt lat="46.5160617833" lon="7.8042940120">
				<ele>2329.5</ele>
			</trkpt>
			<trkpt lat="46.5160431117" lon="7.8043238692">
				<ele>2329.3</ele>
			</trkpt>
			<trkpt lat="46.5160305334" lon="7.8043411027">
				<ele>2329.0</ele>
			</trkpt>
			<trkpt lat="46.5160213999" lon="7.8043590362">
				<ele>2329.0</ele>
			</trkpt>
			<trkpt lat="46.5160117050" lon="7.8044142336">
				<ele>2328.9</ele>
			</trkpt>
			<trkpt lat="46.5160029676" lon="7.8044428161">
				<ele>2328.6</ele>
			</trkpt>
			<trkpt lat="46.5159868607" lon="7.8044806661">
				<ele>2327.7</ele>
			</trkpt>
			<trkpt lat="46.5159763735" lon="7.8045165602">
				<ele>2327.3</ele>
			</trkpt>
			<trkpt lat="46.5159775392" lon="7.8045511777">
				<ele>2327.0</ele>
			</trkpt>
			<trkpt lat="46.5159773706" lon="7.8045977869">
				<ele>2326.6</ele>
			</trkpt>
			<trkpt lat="46.5159720803" lon="7.8046290379">
				<ele>2326.6</ele>
			</trkpt>
			<trkpt lat="46.5159602545" lon="7.8046782407">
				<ele>2327.0</ele>
			</trkpt>
			<trkpt lat="46.5159509524" lon="7.8047147289">
				<ele>2327.5</ele>
			</trkpt>
			<trkpt lat="46.5159346201" lon="7.8047635488">
				<ele>2328.1</ele>
			</trkpt>
			<trkpt lat="46.5159233918" lon="7.8048116732">
				<ele>2328.8</ele>
			</trkpt>
			<trkpt lat="46.5158908534" lon="7.8048595103">
				<ele>2330.0</ele>
			</trkpt>
			<trkpt lat="46.5158518182" lon="7.8049163343">
				<ele>2331.7</ele>
			</trkpt>
			<trkpt lat="46.5158239657" lon="7.8049446308">
				<ele>2332.3</ele>
			</trkpt>
			<trkpt lat="46.5157849412" lon="7.8049954079">
				<ele>2333.0</ele>
			</trkpt>
			<trkpt lat="46.5157431566" lon="7.8050371099">
				<ele>2332.9</ele>
			</trkpt>
			<trkpt lat="46.5156981102" lon="7.8050915731">
				<ele>2333.7</ele>
			</trkpt>
			<trkpt lat="46.5156697283" lon="7.8051447547">
				<ele>2334.8</ele>
			</trkpt>
			<trkpt lat="46.5156534682" lon="7.8051656636">
				<ele>2335.0</ele>
			</trkpt>
			<trkpt lat="46.5156023833" lon="7.8052238380">
				<ele>2335.8</ele>
			</trkpt>
			<trkpt lat="46.5155758913" lon="7.8052627116">
				<ele>2336.0</ele>
			</trkpt>
			<trkpt lat="46.5155322850" lon="7.8052975858">
				<ele>2336.0</ele>
			</trkpt>
			<trkpt lat="46.5155271218" lon="7.8053224135">
				<ele>2336.3</ele>
			</trkpt>
			<trkpt lat="46.5155233663" lon="7.8053434849">
				<ele>2336.9</ele>
			</trkpt>
			<trkpt lat="46.5155195928" lon="7.8053698331">
				<ele>2337.4</ele>
			</trkpt>
			<trkpt lat="46.5155023540" lon="7.8054126003">
				<ele>2337.7</ele>
			</trkpt>
			<trkpt lat="46.5154753762" lon="7.8054597577">
				<ele>2338.9</ele>
			</trkpt>
			<trkpt lat="46.5154595605" lon="7.8054882139">
				<ele>2339.0</ele>
			</trkpt>
			<trkpt lat="46.5154418831" lon="7.8055219209">
				<ele>2338.9</ele>
			</trkpt>
			<trkpt lat="46.5154228340" lon="7.8055458075">
				<ele>2338.8</ele>
			</trkpt>
			<trkpt lat="46.5153852377" lon="7.8055830284">
				<ele>2338.7</ele>
			</trkpt>
			<trkpt lat="46.5153726615" lon="7.8056107772">
				<ele>2338.6</ele>
			</trkpt>
			<trkpt lat="46.5153322242" lon="7.8056728541">
				<ele>2338.5</ele>
			</trkpt>
			<trkpt lat="46.5152959313" lon="7.8057410186">
				<ele>2338.5</ele>
			</trkpt>
			<trkpt lat="46.5152698947" lon="7.8057836607">
				<ele>2338.2</ele>
			</trkpt>
			<trkpt lat="46.5152638081" lon="7.8058077256">
				<ele>2338.2</ele>
			</trkpt>
			<trkpt lat="46.5152609457" lon="7.8058416250">
				<ele>2338.5</ele>
			</trkpt>
			<trkpt lat="46.5152535026" lon="7.8058566117">
				<ele>2338.6</ele>
			</trkpt>
			<trkpt lat="46.5152205856" lon="7.8058712698">
				<ele>2339.3</ele>
			</trkpt>
			<trkpt lat="46.5151853804" lon="7.8058783537">
				<ele>2340.2</ele>
			</trkpt>
			<trkpt lat="46.5151737782" lon="7.8058887653">
				<ele>2340.6</ele>
			</trkpt>
			<trkpt lat="46.5151626048" lon="7.8059112448">
				<ele>2341.6</ele>
			</trkpt>
			<trkpt lat="46.5151496276" lon="7.8059156003">
				<ele>2341.9</ele>
			</trkpt>
			<trkpt lat="46.5151116603" lon="7.8059173631">
				<ele>2342.7</ele>
			</trkpt>
			<trkpt lat="46.5150898705" lon="7.8059291507">
				<ele>2343.6</ele>
			</trkpt>
			<trkpt lat="46.5150763910" lon="7.8059470804">
				<ele>2343.8</ele>
			</trkpt>
			<trkpt lat="46.5150661434" lon="7.8059725900">
				<ele>2343.8</ele>
			</trkpt>
			<trkpt lat="46.5150618723" lon="7.8060110011">
				<ele>2344.5</ele>
			</trkpt>
			<trkpt lat="46.5150520584" lon="7.8060470682">
				<ele>2345.1</ele>
			</trkpt>
			<trkpt lat="46.5150357710" lon="7.8060792866">
				<ele>2345.1</ele>
			</trkpt>
			<trkpt lat="46.5150088055" lon="7.8061226903">
				<ele>2345.3</ele>
			</trkpt>
			<trkpt lat="46.5149772002" lon="7.8061682782">
				<ele>2345.1</ele>
			</trkpt>
			<trkpt lat="46.5149460349" lon="7.8062251919">
				<ele>2345.5</ele>
			</trkpt>
			<trkpt lat="46.5149093162" lon="7.8062775076">
				<ele>2345.9</ele>
			</trkpt>
			<trkpt lat="46.5148791595" lon="7.8063035205">
				<ele>2346.1</ele>
			</trkpt>
			<trkpt lat="46.5148517960" lon="7.8063197533">
				<ele>2346.1</ele>
			</trkpt>
			<trkpt lat="46.5148355906" lon="7.8063210503">
				<ele>2346.0</ele>
			</trkpt>
			<trkpt lat="46.5148221329" lon="7.8063321912">
				<ele>2346.4</ele>
			</trkpt>
			<trkpt lat="46.5148137642" lon="7.8063441484">
				<ele>2346.6</ele>
			</trkpt>
			<trkpt lat="46.5147993476" lon="7.8063680921">
				<ele>2347.2</ele>
			</trkpt>
			<trkpt lat="46.5147872567" lon="7.8063905659">
				<ele>2347.9</ele>
			</trkpt>
			<trkpt lat="46.5147755498" lon="7.8064416959">
				<ele>2349.1</ele>
			</trkpt>
			<trkpt lat="46.5147754223" lon="7.8064922269">
				<ele>2349.8</ele>
			</trkpt>
			<trkpt lat="46.5147765208" lon="7.8066031098">
				<ele>2351.3</ele>
			</trkpt>
			<trkpt lat="46.5147828447" lon="7.8066642790">
				<ele>2352.2</ele>
			</trkpt>
			<trkpt lat="46.5147928372" lon="7.8067398317">
				<ele>2352.7</ele>
			</trkpt>
			<trkpt lat="46.5147899178" lon="7.8067940968">
				<ele>2353.3</ele>
			</trkpt>
			<trkpt lat="46.5147902904" lon="7.8068318091">
				<ele>2353.5</ele>
			</trkpt>
			<trkpt lat="46.5147957275" lon="7.8068778828">
				<ele>2354.2</ele>
			</trkpt>
			<trkpt lat="46.5148038847" lon="7.8069451232">
				<ele>2355.1</ele>
			</trkpt>
			<trkpt lat="46.5148000982" lon="7.8069782469">
				<ele>2355.5</ele>
			</trkpt>
			<trkpt lat="46.5148018714" lon="7.8070084499">
				<ele>2355.9</ele>
			</trkpt>
			<trkpt lat="46.5148164214" lon="7.8071127143">
				<ele>2357.3</ele>
			</trkpt>
			<trkpt lat="46.5148251090" lon="7.8071550571">
				<ele>2357.9</ele>
			</trkpt>
			<trkpt lat="46.5148268546" lon="7.8071965581">
				<ele>2358.2</ele>
			</trkpt>
			<trkpt lat="46.5148081336" lon="7.8072717462">
				<ele>2359.4</ele>
			</trkpt>
			<trkpt lat="46.5147912926" lon="7.8073386471">
				<ele>2361.3</ele>
			</trkpt>
			<trkpt lat="46.5147796130" lon="7.8073784670">
				<ele>2362.1</ele>
			</trkpt>
			<trkpt lat="46.5147619554" lon="7.8074031303">
				<ele>2363.0</ele>
			</trkpt>
			<trkpt lat="46.5147554242" lon="7.8074226450">
				<ele>2363.6</ele>
			</trkpt>
			<trkpt lat="46.5147530170" lon="7.8074603257">
				<ele>2364.4</ele>
			</trkpt>
			<trkpt lat="46.5147524164" lon="7.8075123645">
				<ele>2365.7</ele>
			</trkpt>
			<trkpt lat="46.5147504859" lon="7.8075417485">
				<ele>2366.7</ele>
			</trkpt>
			<trkpt lat="46.5147374161" lon="7.8075830572">
				<ele>2367.2</ele>
			</trkpt>
			<trkpt lat="46.5147182182" lon="7.8076665289">
				<ele>2368.9</ele>
			</trkpt>
			<trkpt lat="46.5147060471" lon="7.8077191546">
				<ele>2370.4</ele>
			</trkpt>
			<trkpt lat="46.5146998693" lon="7.8077794171">
				<ele>2371.7</ele>
			</trkpt>
			<trkpt lat="46.5146894793" lon="7.8078569680">
				<ele>2373.9</ele>
			</trkpt>
			<trkpt lat="46.5146647344" lon="7.8079365850">
				<ele>2375.5</ele>
			</trkpt>
			<trkpt lat="46.5146561998" lon="7.8080134057">
				<ele>2376.7</ele>
			</trkpt>
			<trkpt lat="46.5146360825" lon="7.8080945915">
				<ele>2378.6</ele>
			</trkpt>
			<trkpt lat="46.5146234434" lon="7.8081472258">
				<ele>2379.9</ele>
			</trkpt>
			<trkpt lat="46.5146246448" lon="7.8082204002">
				<ele>2381.6</ele>
			</trkpt>
			<trkpt lat="46.5146267850" lon="7.8082898145">
				<ele>2383.5</ele>
			</trkpt>
			<trkpt lat="46.5146150421" lon="7.8083545212">
				<ele>2384.5</ele>
			</trkpt>
			<trkpt lat="46.5146052111" lon="7.8083928549">
				<ele>2386.1</ele>
			</trkpt>
			<trkpt lat="46.5146111758" lon="7.8084147993">
				<ele>2386.5</ele>
			</trkpt>
			<trkpt lat="46.5146134263" lon="7.8084419833">
				<ele>2387.5</ele>
			</trkpt>
			<trkpt lat="46.5146031913" lon="7.8084607027">
				<ele>2388.1</ele>
			</trkpt>
			<trkpt lat="46.5145934199" lon="7.8084779276">
				<ele>2388.5</ele>
			</trkpt>
			<trkpt lat="46.5145919823" lon="7.8084967603">
				<ele>2388.8</ele>
			</trkpt>
			<trkpt lat="46.5145993249" lon="7.8085209943">
				<ele>2389.2</ele>
			</trkpt>
			<trkpt lat="46.5145997321" lon="7.8085451300">
				<ele>2389.4</ele>
			</trkpt>
			<trkpt lat="46.5145958952" lon="7.8085963647">
				<ele>2389.7</ele>
			</trkpt>
			<trkpt lat="46.5145804109" lon="7.8086745971">
				<ele>2390.3</ele>
			</trkpt>
			<trkpt lat="46.5145761339" lon="7.8087145196">
				<ele>2391.0</ele>
			</trkpt>
			<trkpt lat="46.5145718831" lon="7.8087491517">
				<ele>2391.1</ele>
			</trkpt>
			<trkpt lat="46.5145653115" lon="7.8087837665">
				<ele>2391.1</ele>
			</trkpt>
			<trkpt lat="46.5145531964" lon="7.8088107481">
				<ele>2391.8</ele>
			</trkpt>
			<trkpt lat="46.5145415482" lon="7.8088407695">
				<ele>2392.4</ele>
			</trkpt>
			<trkpt lat="46.5145368148" lon="7.8088799316">
				<ele>2393.0</ele>
			</trkpt>
			<trkpt lat="46.5145325575" lon="7.8089138082">
				<ele>2393.6</ele>
			</trkpt>
			<trkpt lat="46.5145194822" lon="7.8089566274">
				<ele>2394.4</ele>
			</trkpt>
			<trkpt lat="46.5145002956" lon="7.8090363199">
				<ele>2396.0</ele>
			</trkpt>
			<trkpt lat="46.5144764092" lon="7.8091393304">
				<ele>2398.0</ele>
			</trkpt>
			<trkpt lat="46.5144549386" lon="7.8092076852">
				<ele>2399.9</ele>
			</trkpt>
			<trkpt lat="46.5144464581" lon="7.8092648958">
				<ele>2400.8</ele>
			</trkpt>
			<trkpt lat="46.5144189531" lon="7.8093354360">
				<ele>2401.7</ele>
			</trkpt>
			<trkpt lat="46.5144026041" lon="7.8093917847">
				<ele>2403.1</ele>
			</trkpt>
			<trkpt lat="46.5143876730" lon="7.8094353338">
				<ele>2404.1</ele>
			</trkpt>
			<trkpt lat="46.5143587450" lon="7.8095201717">
				<ele>2406.2</ele>
			</trkpt>
			<trkpt lat="46.5143218606" lon="7.8096365923">
				<ele>2409.7</ele>
			</trkpt>
			<trkpt lat="46.5143008181" lon="7.8097170144">
				<ele>2412.3</ele>
			</trkpt>
			<trkpt lat="46.5142862873" lon="7.8097839560">
				<ele>2413.9</ele>
			</trkpt>
			<trkpt lat="46.5142662123" lon="7.8098462866">
				<ele>2415.4</ele>
			</trkpt>
			<trkpt lat="46.5142507846" lon="7.8099041651">
				<ele>2416.5</ele>
			</trkpt>
			<trkpt lat="46.5142106944" lon="7.8100077159">
				<ele>2418.3</ele>
			</trkpt>
			<trkpt lat="46.5141818210" lon="7.8100729557">
				<ele>2419.3</ele>
			</trkpt>
			<trkpt lat="46.5141195006" lon="7.8101769662">
				<ele>2421.0</ele>
			</trkpt>
			<trkpt lat="46.5140771716" lon="7.8102525893">
				<ele>2422.2</ele>
			</trkpt>
			<trkpt lat="46.5140404707" lon="7.8102988691">
				<ele>2422.8</ele>
			</trkpt>
			<trkpt lat="46.5140274229" lon="7.8103303786">
				<ele>2423.6</ele>
			</trkpt>
			<trkpt lat="46.5140241335" lon="7.8103514522">
				<ele>2424.1</ele>
			</trkpt>
			<trkpt lat="46.5140272829" lon="7.8103869411">
				<ele>2424.5</ele>
			</trkpt>
			<trkpt lat="46.5140239393" lon="7.8104246012">
				<ele>2425.1</ele>
			</trkpt>
			<trkpt lat="46.5140173219" lon="7.8104758051">
				<ele>2425.8</ele>
			</trkpt>
			<trkpt lat="46.5140172281" lon="7.8105127574">
				<ele>2426.3</ele>
			</trkpt>
			<trkpt lat="46.5140259497" lon="7.8105415357">
				<ele>2426.4</ele>
			</trkpt>
			<trkpt lat="46.5140379344" lon="7.8105628048">
				<ele>2427.2</ele>
			</trkpt>
			<trkpt lat="46.5140443270" lon="7.8105968320">
				<ele>2428.2</ele>
			</trkpt>
			<trkpt lat="46.5140520389" lon="7.8106565120">
				<ele>2429.4</ele>
			</trkpt>
			<trkpt lat="46.5140486638" lon="7.8107092604">
				<ele>2430.9</ele>
			</trkpt>
			<trkpt lat="46.5140407172" lon="7.8107378081">
				<ele>2431.4</ele>
			</trkpt>
			<trkpt lat="46.5140221150" lon="7.8107677412">
				<ele>2431.5</ele>
			</trkpt>
			<trkpt lat="46.5140114307" lon="7.8107834339">
				<ele>2431.8</ele>
			</trkpt>
			<trkpt lat="46.5139965858" lon="7.8107922965">
				<ele>2432.2</ele>
			</trkpt>
			<trkpt lat="46.5139747552" lon="7.8108191582">
				<ele>2432.8</ele>
			</trkpt>
			<trkpt lat="46.5139631378" lon="7.8108340889">
				<ele>2433.4</ele>
			</trkpt>
			<trkpt lat="46.5139487952" lon="7.8108323887">
				<ele>2433.7</ele>
			</trkpt>
			<trkpt lat="46.5139247774" lon="7.8108102018">
				<ele>2433.8</ele>
			</trkpt>
			<trkpt lat="46.5139030407" lon="7.8108001240">
				<ele>2433.9</ele>
			</trkpt>
			<trkpt lat="46.5138748334" lon="7.8107854271">
				<ele>2434.4</ele>
			</trkpt>
			<trkpt lat="46.5138549217" lon="7.8107866726">
				<ele>2434.8</ele>
			</trkpt>
			<trkpt lat="46.5138414490" lon="7.8108023333">
				<ele>2434.9</ele>
			</trkpt>
			<trkpt lat="46.5138222546" lon="7.8108373044">
				<ele>2435.3</ele>
			</trkpt>
			<trkpt lat="46.5137955234" lon="7.8108442880">
				<ele>2436.1</ele>
			</trkpt>
			<trkpt lat="46.5137270669" lon="7.8108330287">
				<ele>2437.1</ele>
			</trkpt>
			<trkpt lat="46.5136817837" lon="7.8108326906">
				<ele>2437.9</ele>
			</trkpt>
			<trkpt lat="46.5136273085" lon="7.8108125628">
				<ele>2438.9</ele>
			</trkpt>
			<trkpt lat="46.5135415876" lon="7.8107688578">
				<ele>2440.9</ele>
			</trkpt>
			<trkpt lat="46.5134662837" lon="7.8107306437">
				<ele>2442.9</ele>
			</trkpt>
			<trkpt lat="46.5134188388" lon="7.8106926225">
				<ele>2444.1</ele>
			</trkpt>
			<trkpt lat="46.5133703043" lon="7.8106384495">
				<ele>2445.5</ele>
			</trkpt>
			<trkpt lat="46.5132917699" lon="7.8105427902">
				<ele>2448.4</ele>
			</trkpt>
			<trkpt lat="46.5132340228" lon="7.8104723827">
				<ele>2449.8</ele>
			</trkpt>
			<trkpt lat="46.5131276585" lon="7.8103675573">
				<ele>2451.8</ele>
			</trkpt>
			<trkpt lat="46.5130882896" lon="7.8103439503">
				<ele>2452.6</ele>
			</trkpt>
			<trkpt lat="46.5130524312" lon="7.8103113885">
				<ele>2453.1</ele>
			</trkpt>
			<trkpt lat="46.5129644951" lon="7.8102407889">
				<ele>2454.4</ele>
			</trkpt>
			<trkpt lat="46.5129158071" lon="7.8102224863">
				<ele>2454.7</ele>
			</trkpt>
			<trkpt lat="46.5128393193" lon="7.8101914196">
				<ele>2454.9</ele>
			</trkpt>
			<trkpt lat="46.5127812978" lon="7.8101856153">
				<ele>2454.9</ele>
			</trkpt>
		</trkseg>
	</trk>
</gpx>
