<?xml version="1.0"?>
<gpx version="1.1" xmlns="http://www.topografix.com/GPX/1/1" xmlns:xsi="http://www.w3.org/2001/XMLSchema-instance" xsi:schemaLocation="http://www.topografix.com/GPX/1/1 http://www.topografix.com/GPX/1/1/gpx.xsd">
	<metadata>
		<name>Schwyz_Grosser_Mythen</name>
	</metadata>
	<trk type="hiking">
		<trkseg>
			<trkpt lat="47.0233493394" lon="8.6593149623">
				<ele>542.8</ele>
			</trkpt>
			<trkpt lat="47.0234722645" lon="8.6592412103">
				<ele>544.4</ele>
			</trkpt>
			<trkpt lat="47.0236329557" lon="8.6591717615">
				<ele>546.1</ele>
			</trkpt>
			<trkpt lat="47.0236799370" lon="8.6591545836">
				<ele>546.6</ele>
			</trkpt>
			<trkpt lat="47.0237333118" lon="8.6591350780">
				<ele>547.2</ele>
			</trkpt>
			<trkpt lat="47.0238403589" lon="8.6590960865">
				<ele>548.5</ele>
			</trkpt>
			<trkpt lat="47.0239325767" lon="8.6590421418">
				<ele>549.6</ele>
			</trkpt>
			<trkpt lat="47.0240285679" lon="8.6589844544">
				<ele>550.8</ele>
			</trkpt>
			<trkpt lat="47.0240285742" lon="8.6591404002">
				<ele>551.0</ele>
			</trkpt>
			<trkpt lat="47.0240309694" lon="8.6592281627">
				<ele>551.3</ele>
			</trkpt>
			<trkpt lat="47.0240302439" lon="8.6592963707">
				<ele>551.5</ele>
			</trkpt>
			<trkpt lat="47.0240053936" lon="8.6594395558">
				<ele>552.3</ele>
			</trkpt>
			<trkpt lat="47.0239767141" lon="8.6596289611">
				<ele>553.6</ele>
			</trkpt>
			<trkpt lat="47.0239534843" lon="8.6597770634">
				<ele>554.8</ele>
			</trkpt>
			<trkpt lat="47.0239292299" lon="8.6598642191">
				<ele>555.8</ele>
			</trkpt>
			<trkpt lat="47.0238986305" lon="8.6599219989">
				<ele>556.6</ele>
			</trkpt>
			<trkpt lat="47.0238632292" lon="8.6599601727">
				<ele>557.3</ele>
			</trkpt>
			<trkpt lat="47.0237978503" lon="8.6599976641">
				<ele>558.5</ele>
			</trkpt>
			<trkpt lat="47.0237091243" lon="8.6600370708">
				<ele>559.7</ele>
			</trkpt>
			<trkpt lat="47.0236389263" lon="8.6600573897">
				<ele>560.4</ele>
			</trkpt>
			<trkpt lat="47.0235483287" lon="8.6601162631">
				<ele>561.3</ele>
			</trkpt>
			<trkpt lat="47.0234894243" lon="8.6601709377">
				<ele>562.0</ele>
			</trkpt>
			<trkpt lat="47.0234033087" lon="8.6602786271">
				<ele>563.3</ele>
			</trkpt>
			<trkpt lat="47.0233188483" lon="8.6603863407">
				<ele>564.7</ele>
			</trkpt>
			<trkpt lat="47.0232493026" lon="8.6605017080">
				<ele>565.8</ele>
			</trkpt>
			<trkpt lat="47.0232346333" lon="8.6605309604">
				<ele>566.1</ele>
			</trkpt>
			<trkpt lat="47.0231744112" lon="8.6606510783">
				<ele>567.1</ele>
			</trkpt>
			<trkpt lat="47.0231214965" lon="8.6607692577">
				<ele>568.2</ele>
			</trkpt>
			<trkpt lat="47.0230837302" lon="8.6608731662">
				<ele>569.2</ele>
			</trkpt>
			<trkpt lat="47.0230627338" lon="8.6609677084">
				<ele>570.0</ele>
			</trkpt>
			<trkpt lat="47.0230586276" lon="8.6610407190">
				<ele>570.6</ele>
			</trkpt>
			<trkpt lat="47.0230695575" lon="8.6611091782">
				<ele>571.1</ele>
			</trkpt>
			<trkpt lat="47.0230955929" lon="8.6611682469">
				<ele>571.5</ele>
			</trkpt>
			<trkpt lat="47.0231218700" lon="8.6612029571">
				<ele>571.9</ele>
			</trkpt>
			<trkpt lat="47.0231381986" lon="8.6612350075">
				<ele>572.1</ele>
			</trkpt>
			<trkpt lat="47.0231523353" lon="8.6613157218">
				<ele>572.4</ele>
			</trkpt>
			<trkpt lat="47.0231534803" lon="8.6613644882">
				<ele>572.5</ele>
			</trkpt>
			<trkpt lat="47.0231360966" lon="8.6614323023">
				<ele>572.8</ele>
			</trkpt>
			<trkpt lat="47.0231021339" lon="8.6614924507">
				<ele>573.3</ele>
			</trkpt>
			<trkpt lat="47.0230555087" lon="8.6615673597">
				<ele>573.9</ele>
			</trkpt>
			<trkpt lat="47.0230112549" lon="8.6616552941">
				<ele>574.7</ele>
			</trkpt>
			<trkpt lat="47.0229669921" lon="8.6617432278">
				<ele>576.2</ele>
			</trkpt>
			<trkpt lat="47.0228819421" lon="8.6619069529">
				<ele>579.1</ele>
			</trkpt>
			<trkpt lat="47.0228241901" lon="8.6620104048">
				<ele>580.9</ele>
			</trkpt>
			<trkpt lat="47.0227276299" lon="8.6621592777">
				<ele>583.4</ele>
			</trkpt>
			<trkpt lat="47.0226547202" lon="8.6622769983">
				<ele>585.3</ele>
			</trkpt>
			<trkpt lat="47.0226408677" lon="8.6623185897">
				<ele>585.9</ele>
			</trkpt>
			<trkpt lat="47.0226168668" lon="8.6623906511">
				<ele>586.9</ele>
			</trkpt>
			<trkpt lat="47.0226089215" lon="8.6624152672">
				<ele>587.2</ele>
			</trkpt>
			<trkpt lat="47.0225755117" lon="8.6625188257">
				<ele>588.6</ele>
			</trkpt>
			<trkpt lat="47.0225496341" lon="8.6626010738">
				<ele>589.6</ele>
			</trkpt>
			<trkpt lat="47.0225054965" lon="8.6626780377">
				<ele>590.7</ele>
			</trkpt>
			<trkpt lat="47.0224581515" lon="8.6627427461">
				<ele>591.9</ele>
			</trkpt>
			<trkpt lat="47.0224075480" lon="8.6628000664">
				<ele>593.0</ele>
			</trkpt>
			<trkpt lat="47.0223871217" lon="8.6628410256">
				<ele>593.6</ele>
			</trkpt>
			<trkpt lat="47.0223832744" lon="8.6628896513">
				<ele>594.2</ele>
			</trkpt>
			<trkpt lat="47.0223936576" lon="8.6630092714">
				<ele>596.0</ele>
			</trkpt>
			<trkpt lat="47.0224076535" lon="8.6631021898">
				<ele>597.6</ele>
			</trkpt>
			<trkpt lat="47.0224087898" lon="8.6631533762">
				<ele>598.3</ele>
			</trkpt>
			<trkpt lat="47.0223268313" lon="8.6633391107">
				<ele>602.2</ele>
			</trkpt>
			<trkpt lat="47.0222891411" lon="8.6634357166">
				<ele>604.6</ele>
			</trkpt>
			<trkpt lat="47.0222279208" lon="8.6635512681">
				<ele>607.6</ele>
			</trkpt>
			<trkpt lat="47.0221887223" lon="8.6636331975">
				<ele>609.4</ele>
			</trkpt>
			<trkpt lat="47.0221679578" lon="8.6637058131">
				<ele>610.7</ele>
			</trkpt>
			<trkpt lat="47.0221433879" lon="8.6638222010">
				<ele>612.9</ele>
			</trkpt>
			<trkpt lat="47.0221213485" lon="8.6640141958">
				<ele>616.4</ele>
			</trkpt>
			<trkpt lat="47.0220906335" lon="8.6642376435">
				<ele>620.6</ele>
			</trkpt>
			<trkpt lat="47.0220755183" lon="8.6644053939">
				<ele>622.9</ele>
			</trkpt>
			<trkpt lat="47.0220707152" lon="8.6645417415">
				<ele>624.8</ele>
			</trkpt>
			<trkpt lat="47.0220498721" lon="8.6646216554">
				<ele>626.4</ele>
			</trkpt>
			<trkpt lat="47.0220069025" lon="8.6647449367">
				<ele>628.4</ele>
			</trkpt>
			<trkpt lat="47.0219609954" lon="8.6648316050">
				<ele>630.7</ele>
			</trkpt>
			<trkpt lat="47.0218968536" lon="8.6649080961">
				<ele>633.7</ele>
			</trkpt>
			<trkpt lat="47.0218197911" lon="8.6649477598">
				<ele>636.2</ele>
			</trkpt>
			<trkpt lat="47.0217295551" lon="8.6649724938">
				<ele>639.7</ele>
			</trkpt>
			<trkpt lat="47.0216261639" lon="8.6649798918">
				<ele>643.3</ele>
			</trkpt>
			<trkpt lat="47.0215544403" lon="8.6649879869">
				<ele>644.8</ele>
			</trkpt>
			<trkpt lat="47.0215008724" lon="8.6650111261">
				<ele>646.2</ele>
			</trkpt>
			<trkpt lat="47.0214655210" lon="8.6650444282">
				<ele>647.6</ele>
			</trkpt>
			<trkpt lat="47.0214418183" lon="8.6650804309">
				<ele>648.6</ele>
			</trkpt>
			<trkpt lat="47.0214141448" lon="8.6651748165">
				<ele>650.4</ele>
			</trkpt>
			<trkpt lat="47.0213642233" lon="8.6653247455">
				<ele>652.9</ele>
			</trkpt>
			<trkpt lat="47.0213327533" lon="8.6654628893">
				<ele>654.6</ele>
			</trkpt>
			<trkpt lat="47.0213146990" lon="8.6655940382">
				<ele>655.9</ele>
			</trkpt>
			<trkpt lat="47.0213052251" lon="8.6657010213">
				<ele>657.3</ele>
			</trkpt>
			<trkpt lat="47.0213040529" lon="8.6658106399">
				<ele>658.3</ele>
			</trkpt>
			<trkpt lat="47.0213125082" lon="8.6659545768">
				<ele>660.5</ele>
			</trkpt>
			<trkpt lat="47.0213436369" lon="8.6660040151">
				<ele>661.4</ele>
			</trkpt>
			<trkpt lat="47.0213764729" lon="8.6660486244">
				<ele>662.9</ele>
			</trkpt>
			<trkpt lat="47.0214262966" lon="8.6660643788">
				<ele>664.4</ele>
			</trkpt>
			<trkpt lat="47.0214665094" lon="8.6660433832">
				<ele>665.7</ele>
			</trkpt>
			<trkpt lat="47.0214986976" lon="8.6659929467">
				<ele>667.1</ele>
			</trkpt>
			<trkpt lat="47.0215313988" lon="8.6658962428">
				<ele>669.2</ele>
			</trkpt>
			<trkpt lat="47.0215569313" lon="8.6658456539">
				<ele>670.3</ele>
			</trkpt>
			<trkpt lat="47.0215771243" lon="8.6658266339">
				<ele>671.0</ele>
			</trkpt>
			<trkpt lat="47.0216088001" lon="8.6658249246">
				<ele>671.6</ele>
			</trkpt>
			<trkpt lat="47.0216319744" lon="8.6658400694">
				<ele>672.2</ele>
			</trkpt>
			<trkpt lat="47.0216482577" lon="8.6658745529">
				<ele>672.9</ele>
			</trkpt>
			<trkpt lat="47.0216657283" lon="8.6659553429">
				<ele>674.4</ele>
			</trkpt>
			<trkpt lat="47.0216851137" lon="8.6660118266">
				<ele>674.9</ele>
			</trkpt>
			<trkpt lat="47.0217043516" lon="8.6660829217">
				<ele>675.5</ele>
			</trkpt>
			<trkpt lat="47.0217067507" lon="8.6661706936">
				<ele>676.7</ele>
			</trkpt>
			<trkpt lat="47.0217011245" lon="8.6662290389">
				<ele>677.8</ele>
			</trkpt>
			<trkpt lat="47.0216953251" lon="8.6663044293">
				<ele>677.9</ele>
			</trkpt>
			<trkpt lat="47.0217043014" lon="8.6663996662">
				<ele>679.0</ele>
			</trkpt>
			<trkpt lat="47.0217180346" lon="8.6665169285">
				<ele>681.0</ele>
			</trkpt>
			<trkpt lat="47.0217234537" lon="8.6666704529">
				<ele>683.1</ele>
			</trkpt>
			<trkpt lat="47.0217231317" lon="8.6668224642">
				<ele>686.1</ele>
			</trkpt>
			<trkpt lat="47.0216968512" lon="8.6669437044">
				<ele>686.9</ele>
			</trkpt>
			<trkpt lat="47.0216619993" lon="8.6670866509">
				<ele>687.4</ele>
			</trkpt>
			<trkpt lat="47.0216507030" lon="8.6672082066">
				<ele>688.3</ele>
			</trkpt>
			<trkpt lat="47.0216370210" lon="8.6673954969">
				<ele>689.2</ele>
			</trkpt>
			<trkpt lat="47.0216367376" lon="8.6675782122">
				<ele>690.6</ele>
			</trkpt>
			<trkpt lat="47.0216387296" lon="8.6678584593">
				<ele>696.5</ele>
			</trkpt>
			<trkpt lat="47.0216321719" lon="8.6680045000">
				<ele>701.0</ele>
			</trkpt>
			<trkpt lat="47.0216054125" lon="8.6681695604">
				<ele>706.2</ele>
			</trkpt>
			<trkpt lat="47.0215603839" lon="8.6683293217">
				<ele>708.0</ele>
			</trkpt>
			<trkpt lat="47.0214954043" lon="8.6684837711">
				<ele>708.3</ele>
			</trkpt>
			<trkpt lat="47.0214534941" lon="8.6686630982">
				<ele>709.9</ele>
			</trkpt>
			<trkpt lat="47.0214337463" lon="8.6687966419">
				<ele>711.8</ele>
			</trkpt>
			<trkpt lat="47.0214099906" lon="8.6689910138">
				<ele>715.6</ele>
			</trkpt>
			<trkpt lat="47.0213962188" lon="8.6691880474">
				<ele>719.1</ele>
			</trkpt>
			<trkpt lat="47.0213943121" lon="8.6693658584">
				<ele>722.3</ele>
			</trkpt>
			<trkpt lat="47.0214061781" lon="8.6695025863">
				<ele>724.2</ele>
			</trkpt>
			<trkpt lat="47.0214678747" lon="8.6693431958">
				<ele>725.5</ele>
			</trkpt>
			<trkpt lat="47.0215226359" lon="8.6692079958">
				<ele>726.6</ele>
			</trkpt>
			<trkpt lat="47.0215630583" lon="8.6691675110">
				<ele>727.1</ele>
			</trkpt>
			<trkpt lat="47.0215602305" lon="8.6692131336">
				<ele>727.0</ele>
			</trkpt>
			<trkpt lat="47.0215561754" lon="8.6692783288">
				<ele>728.1</ele>
			</trkpt>
			<trkpt lat="47.0215497046" lon="8.6693826171">
				<ele>728.7</ele>
			</trkpt>
			<trkpt lat="47.0215395473" lon="8.6696183446">
				<ele>732.2</ele>
			</trkpt>
			<trkpt lat="47.0215110070" lon="8.6698166712">
				<ele>735.1</ele>
			</trkpt>
			<trkpt lat="47.0214472869" lon="8.6700765717">
				<ele>739.6</ele>
			</trkpt>
			<trkpt lat="47.0214189776" lon="8.6702541315">
				<ele>742.8</ele>
			</trkpt>
			<trkpt lat="47.0213803223" lon="8.6704492656">
				<ele>745.8</ele>
			</trkpt>
			<trkpt lat="47.0213376506" lon="8.6706095779">
				<ele>748.4</ele>
			</trkpt>
			<trkpt lat="47.0213058605" lon="8.6707769415">
				<ele>752.1</ele>
			</trkpt>
			<trkpt lat="47.0212877040" lon="8.6709154137">
				<ele>754.4</ele>
			</trkpt>
			<trkpt lat="47.0212795049" lon="8.6710589560">
				<ele>756.6</ele>
			</trkpt>
			<trkpt lat="47.0212828886" lon="8.6711686005">
				<ele>757.9</ele>
			</trkpt>
			<trkpt lat="47.0212856795" lon="8.6712588941">
				<ele>758.4</ele>
			</trkpt>
			<trkpt lat="47.0213220313" lon="8.6714424639">
				<ele>760.6</ele>
			</trkpt>
			<trkpt lat="47.0213668778" lon="8.6716116000">
				<ele>763.3</ele>
			</trkpt>
			<trkpt lat="47.0213883957" lon="8.6716610979">
				<ele>763.1</ele>
			</trkpt>
			<trkpt lat="47.0214075258" lon="8.6717051068">
				<ele>763.7</ele>
			</trkpt>
			<trkpt lat="47.0214296864" lon="8.6718128274">
				<ele>764.9</ele>
			</trkpt>
			<trkpt lat="47.0214493642" lon="8.6719984493">
				<ele>766.4</ele>
			</trkpt>
			<trkpt lat="47.0214854441" lon="8.6722063774">
				<ele>767.9</ele>
			</trkpt>
			<trkpt lat="47.0215300184" lon="8.6723998722">
				<ele>770.0</ele>
			</trkpt>
			<trkpt lat="47.0215585123" lon="8.6725393915">
				<ele>772.0</ele>
			</trkpt>
			<trkpt lat="47.0215754186" lon="8.6726713557">
				<ele>773.7</ele>
			</trkpt>
			<trkpt lat="47.0215821752" lon="8.6728176883">
				<ele>776.2</ele>
			</trkpt>
			<trkpt lat="47.0216353651" lon="8.6729846000">
				<ele>779.4</ele>
			</trkpt>
			<trkpt lat="47.0217264502" lon="8.6731913609">
				<ele>783.5</ele>
			</trkpt>
			<trkpt lat="47.0218103239" lon="8.6733400741">
				<ele>786.9</ele>
			</trkpt>
			<trkpt lat="47.0218883023" lon="8.6734547254">
				<ele>789.5</ele>
			</trkpt>
			<trkpt lat="47.0219945828" lon="8.6735819085">
				<ele>793.4</ele>
			</trkpt>
			<trkpt lat="47.0220847068" lon="8.6736998126">
				<ele>796.7</ele>
			</trkpt>
			<trkpt lat="47.0221542434" lon="8.6738439757">
				<ele>799.6</ele>
			</trkpt>
			<trkpt lat="47.0221854608" lon="8.6739634983">
				<ele>802.0</ele>
			</trkpt>
			<trkpt lat="47.0222001054" lon="8.6741123462">
				<ele>804.9</ele>
			</trkpt>
			<trkpt lat="47.0222134209" lon="8.6741958166">
				<ele>805.6</ele>
			</trkpt>
			<trkpt lat="47.0221934185" lon="8.6743557290">
				<ele>807.9</ele>
			</trkpt>
			<trkpt lat="47.0221862424" lon="8.6744565460">
				<ele>809.4</ele>
			</trkpt>
			<trkpt lat="47.0221809710" lon="8.6745692965">
				<ele>811.0</ele>
			</trkpt>
			<trkpt lat="47.0221799797" lon="8.6746613466">
				<ele>812.2</ele>
			</trkpt>
			<trkpt lat="47.0221750832" lon="8.6747384495">
				<ele>813.2</ele>
			</trkpt>
			<trkpt lat="47.0221640333" lon="8.6748213522">
				<ele>814.5</ele>
			</trkpt>
			<trkpt lat="47.0221409977" lon="8.6748861603">
				<ele>815.6</ele>
			</trkpt>
			<trkpt lat="47.0221156961" lon="8.6749717150">
				<ele>817.0</ele>
			</trkpt>
			<trkpt lat="47.0220778651" lon="8.6750896502">
				<ele>818.8</ele>
			</trkpt>
			<trkpt lat="47.0220726247" lon="8.6751994143">
				<ele>820.4</ele>
			</trkpt>
			<trkpt lat="47.0220491637" lon="8.6753028232">
				<ele>821.9</ele>
			</trkpt>
			<trkpt lat="47.0220137171" lon="8.6753881437">
				<ele>823.2</ele>
			</trkpt>
			<trkpt lat="47.0219804948" lon="8.6754556841">
				<ele>825.0</ele>
			</trkpt>
			<trkpt lat="47.0219432068" lon="8.6755231370">
				<ele>825.7</ele>
			</trkpt>
			<trkpt lat="47.0218974775" lon="8.6756201034">
				<ele>826.8</ele>
			</trkpt>
			<trkpt lat="47.0218945167" lon="8.6757061596">
				<ele>828.8</ele>
			</trkpt>
			<trkpt lat="47.0219019022" lon="8.6757746424">
				<ele>830.3</ele>
			</trkpt>
			<trkpt lat="47.0219311483" lon="8.6758881754">
				<ele>832.5</ele>
			</trkpt>
			<trkpt lat="47.0219569373" lon="8.6759452059">
				<ele>833.6</ele>
			</trkpt>
			<trkpt lat="47.0220171817" lon="8.6760089598">
				<ele>835.2</ele>
			</trkpt>
			<trkpt lat="47.0220958617" lon="8.6760582946">
				<ele>837.5</ele>
			</trkpt>
			<trkpt lat="47.0221992998" lon="8.6760725571">
				<ele>840.3</ele>
			</trkpt>
			<trkpt lat="47.0222601842" lon="8.6760769353">
				<ele>843.8</ele>
			</trkpt>
			<trkpt lat="47.0223350436" lon="8.6760901213">
				<ele>844.8</ele>
			</trkpt>
			<trkpt lat="47.0223613529" lon="8.6760838743">
				<ele>844.7</ele>
			</trkpt>
			<trkpt lat="47.0224753669" lon="8.6760567955">
				<ele>847.7</ele>
			</trkpt>
			<trkpt lat="47.0226089370" lon="8.6760306494">
				<ele>850.8</ele>
			</trkpt>
			<trkpt lat="47.0227242482" lon="8.6759991938">
				<ele>853.7</ele>
			</trkpt>
			<trkpt lat="47.0228448662" lon="8.6759386207">
				<ele>856.7</ele>
			</trkpt>
			<trkpt lat="47.0229440102" lon="8.6758605172">
				<ele>859.2</ele>
			</trkpt>
			<trkpt lat="47.0230684284" lon="8.6757561715">
				<ele>862.6</ele>
			</trkpt>
			<trkpt lat="47.0231155794" lon="8.6757109645">
				<ele>863.8</ele>
			</trkpt>
			<trkpt lat="47.0231774162" lon="8.6756929077">
				<ele>865.1</ele>
			</trkpt>
			<trkpt lat="47.0232524513" lon="8.6756873215">
				<ele>866.4</ele>
			</trkpt>
			<trkpt lat="47.0232989104" lon="8.6757054535">
				<ele>867.2</ele>
			</trkpt>
			<trkpt lat="47.0233548721" lon="8.6757700864">
				<ele>868.3</ele>
			</trkpt>
			<trkpt lat="47.0234189337" lon="8.6758544209">
				<ele>869.7</ele>
			</trkpt>
			<trkpt lat="47.0234524611" lon="8.6758812801">
				<ele>870.3</ele>
			</trkpt>
			<trkpt lat="47.0234784070" lon="8.6759020677">
				<ele>870.5</ele>
			</trkpt>
			<trkpt lat="47.0235448243" lon="8.6759231013">
				<ele>871.0</ele>
			</trkpt>
			<trkpt lat="47.0236298253" lon="8.6759201924">
				<ele>872.2</ele>
			</trkpt>
			<trkpt lat="47.0237315974" lon="8.6759079065">
				<ele>873.7</ele>
			</trkpt>
			<trkpt lat="47.0238097327" lon="8.6759243414">
				<ele>875.1</ele>
			</trkpt>
			<trkpt lat="47.0238989988" lon="8.6759897431">
				<ele>876.5</ele>
			</trkpt>
			<trkpt lat="47.0239997293" lon="8.6760749053">
				<ele>878.1</ele>
			</trkpt>
			<trkpt lat="47.0240510486" lon="8.6761053357">
				<ele>878.9</ele>
			</trkpt>
			<trkpt lat="47.0240927962" lon="8.6760965347">
				<ele>879.5</ele>
			</trkpt>
			<trkpt lat="47.0241514981" lon="8.6760613574">
				<ele>880.7</ele>
			</trkpt>
			<trkpt lat="47.0242289236" lon="8.6759875882">
				<ele>882.5</ele>
			</trkpt>
			<trkpt lat="47.0243160263" lon="8.6759457492">
				<ele>884.1</ele>
			</trkpt>
			<trkpt lat="47.0243610841" lon="8.6759394910">
				<ele>885.0</ele>
			</trkpt>
			<trkpt lat="47.0244557622" lon="8.6759660395">
				<ele>886.8</ele>
			</trkpt>
			<trkpt lat="47.0245355613" lon="8.6759824938">
				<ele>888.6</ele>
			</trkpt>
			<trkpt lat="47.0246023817" lon="8.6759669735">
				<ele>890.0</ele>
			</trkpt>
			<trkpt lat="47.0246677568" lon="8.6759294958">
				<ele>891.7</ele>
			</trkpt>
			<trkpt lat="47.0247231836" lon="8.6758893604">
				<ele>893.1</ele>
			</trkpt>
			<trkpt lat="47.0248955410" lon="8.6758202333">
				<ele>897.3</ele>
			</trkpt>
			<trkpt lat="47.0250594649" lon="8.6757606623">
				<ele>900.5</ele>
			</trkpt>
			<trkpt lat="47.0252801380" lon="8.6756926613">
				<ele>905.2</ele>
			</trkpt>
			<trkpt lat="47.0254756946" lon="8.6756362407">
				<ele>910.3</ele>
			</trkpt>
			<trkpt lat="47.0256078374" lon="8.6755881282">
				<ele>913.6</ele>
			</trkpt>
			<trkpt lat="47.0256811294" lon="8.6755898181">
				<ele>915.2</ele>
			</trkpt>
			<trkpt lat="47.0257724625" lon="8.6756187369">
				<ele>917.6</ele>
			</trkpt>
			<trkpt lat="47.0259214646" lon="8.6757074490">
				<ele>922.0</ele>
			</trkpt>
			<trkpt lat="47.0259585243" lon="8.6757270998">
				<ele>922.7</ele>
			</trkpt>
			<trkpt lat="47.0259997077" lon="8.6757489269">
				<ele>924.2</ele>
			</trkpt>
			<trkpt lat="47.0260655884" lon="8.6757838630">
				<ele>925.1</ele>
			</trkpt>
			<trkpt lat="47.0261901392" lon="8.6758232870">
				<ele>928.0</ele>
			</trkpt>
			<trkpt lat="47.0262948886" lon="8.6758427516">
				<ele>930.5</ele>
			</trkpt>
			<trkpt lat="47.0264898149" lon="8.6758448121">
				<ele>934.4</ele>
			</trkpt>
			<trkpt lat="47.0265073096" lon="8.6758425818">
				<ele>934.3</ele>
			</trkpt>
			<trkpt lat="47.0266516547" lon="8.6758241784">
				<ele>937.1</ele>
			</trkpt>
			<trkpt lat="47.0267783855" lon="8.6758149339">
				<ele>939.2</ele>
			</trkpt>
			<trkpt lat="47.0268384107" lon="8.6758072026">
				<ele>941.0</ele>
			</trkpt>
			<trkpt lat="47.0269285435" lon="8.6757922255">
				<ele>943.4</ele>
			</trkpt>
			<trkpt lat="47.0269907064" lon="8.6757965048">
				<ele>945.6</ele>
			</trkpt>
			<trkpt lat="47.0270351060" lon="8.6757995522">
				<ele>946.5</ele>
			</trkpt>
			<trkpt lat="47.0271163853" lon="8.6758330968">
				<ele>947.5</ele>
			</trkpt>
			<trkpt lat="47.0272178324" lon="8.6758500638">
				<ele>949.2</ele>
			</trkpt>
			<trkpt lat="47.0272975267" lon="8.6758762671">
				<ele>950.6</ele>
			</trkpt>
			<trkpt lat="47.0274387258" lon="8.6759160720">
				<ele>954.3</ele>
			</trkpt>
			<trkpt lat="47.0275431774" lon="8.6759647653">
				<ele>956.5</ele>
			</trkpt>
			<trkpt lat="47.0276495908" lon="8.6759842968">
				<ele>958.9</ele>
			</trkpt>
			<trkpt lat="47.0277329630" lon="8.6759789047">
				<ele>960.8</ele>
			</trkpt>
			<trkpt lat="47.0278418726" lon="8.6759229359">
				<ele>963.0</ele>
			</trkpt>
			<trkpt lat="47.0279316714" lon="8.6757836663">
				<ele>966.0</ele>
			</trkpt>
			<trkpt lat="47.0279980354" lon="8.6756560651">
				<ele>969.0</ele>
			</trkpt>
			<trkpt lat="47.0280521481" lon="8.6755817680">
				<ele>970.8</ele>
			</trkpt>
			<trkpt lat="47.0280905414" lon="8.6755753513">
				<ele>971.7</ele>
			</trkpt>
			<trkpt lat="47.0281619333" lon="8.6755989162">
				<ele>973.5</ele>
			</trkpt>
			<trkpt lat="47.0282343870" lon="8.6756341229">
				<ele>975.2</ele>
			</trkpt>
			<trkpt lat="47.0282514358" lon="8.6756424101">
				<ele>976.1</ele>
			</trkpt>
			<trkpt lat="47.0283542242" lon="8.6756910653">
				<ele>978.2</ele>
			</trkpt>
			<trkpt lat="47.0284078115" lon="8.6756655139">
				<ele>979.6</ele>
			</trkpt>
			<trkpt lat="47.0284867604" lon="8.6756064058">
				<ele>981.9</ele>
			</trkpt>
			<trkpt lat="47.0285622938" lon="8.6755545472">
				<ele>983.9</ele>
			</trkpt>
			<trkpt lat="47.0286256556" lon="8.6755511270">
				<ele>985.1</ele>
			</trkpt>
			<trkpt lat="47.0286919064" lon="8.6755867830">
				<ele>986.6</ele>
			</trkpt>
			<trkpt lat="47.0287845191" lon="8.6756522681">
				<ele>989.4</ele>
			</trkpt>
			<trkpt lat="47.0288556124" lon="8.6757026268">
				<ele>991.3</ele>
			</trkpt>
			<trkpt lat="47.0289138942" lon="8.6757064310">
				<ele>992.6</ele>
			</trkpt>
			<trkpt lat="47.0289693288" lon="8.6756638446">
				<ele>994.1</ele>
			</trkpt>
			<trkpt lat="47.0290268929" lon="8.6755798765">
				<ele>995.6</ele>
			</trkpt>
			<trkpt lat="47.0290550001" lon="8.6755578158">
				<ele>996.2</ele>
			</trkpt>
			<trkpt lat="47.0290880720" lon="8.6755376986">
				<ele>996.9</ele>
			</trkpt>
			<trkpt lat="47.0291138573" lon="8.6755299384">
				<ele>997.4</ele>
			</trkpt>
			<trkpt lat="47.0291546142" lon="8.6755246024">
				<ele>998.3</ele>
			</trkpt>
			<trkpt lat="47.0292073327" lon="8.6755362644">
				<ele>999.5</ele>
			</trkpt>
			<trkpt lat="47.0292457910" lon="8.6755455058">
				<ele>1000.5</ele>
			</trkpt>
			<trkpt lat="47.0292692766" lon="8.6755533493">
				<ele>1001.0</ele>
			</trkpt>
			<trkpt lat="47.0293092319" lon="8.6755563625">
				<ele>1001.7</ele>
			</trkpt>
			<trkpt lat="47.0293584488" lon="8.6755606418">
				<ele>1002.8</ele>
			</trkpt>
			<trkpt lat="47.0294049371" lon="8.6755543852">
				<ele>1003.8</ele>
			</trkpt>
			<trkpt lat="47.0294572064" lon="8.6755409730">
				<ele>1005.1</ele>
			</trkpt>
			<trkpt lat="47.0295167597" lon="8.6755151903">
				<ele>1006.6</ele>
			</trkpt>
			<trkpt lat="47.0295877708" lon="8.6754831457">
				<ele>1008.0</ele>
			</trkpt>
			<trkpt lat="47.0296763969" lon="8.6754535203">
				<ele>1010.0</ele>
			</trkpt>
			<trkpt lat="47.0297499516" lon="8.6754308363">
				<ele>1012.7</ele>
			</trkpt>
			<trkpt lat="47.0298665590" lon="8.6754335246">
				<ele>1014.1</ele>
			</trkpt>
			<trkpt lat="47.0299050572" lon="8.6754173607">
				<ele>1014.5</ele>
			</trkpt>
			<trkpt lat="47.0299784711" lon="8.6754068698">
				<ele>1015.3</ele>
			</trkpt>
			<trkpt lat="47.0300784961" lon="8.6754515020">
				<ele>1018.1</ele>
			</trkpt>
			<trkpt lat="47.0301998239" lon="8.6754577728">
				<ele>1020.9</ele>
			</trkpt>
			<trkpt lat="47.0303691139" lon="8.6754303488">
				<ele>1024.3</ele>
			</trkpt>
			<trkpt lat="47.0304768334" lon="8.6753736514">
				<ele>1026.7</ele>
			</trkpt>
			<trkpt lat="47.0306542110" lon="8.6752593784">
				<ele>1030.5</ele>
			</trkpt>
			<trkpt lat="47.0307931616" lon="8.6751755596">
				<ele>1034.3</ele>
			</trkpt>
			<trkpt lat="47.0309300085" lon="8.6750673114">
				<ele>1037.3</ele>
			</trkpt>
			<trkpt lat="47.0310454321" lon="8.6749585689">
				<ele>1040.0</ele>
			</trkpt>
			<trkpt lat="47.0311027310" lon="8.6749424955">
				<ele>1041.2</ele>
			</trkpt>
			<trkpt lat="47.0311503559" lon="8.6749401063">
				<ele>1042.1</ele>
			</trkpt>
			<trkpt lat="47.0312164677" lon="8.6749903648">
				<ele>1043.8</ele>
			</trkpt>
			<trkpt lat="47.0312799335" lon="8.6750649297">
				<ele>1046.0</ele>
			</trkpt>
			<trkpt lat="47.0310878137" lon="8.6753025829">
				<ele>1048.8</ele>
			</trkpt>
			<trkpt lat="47.0309949843" lon="8.6754125431">
				<ele>1050.3</ele>
			</trkpt>
			<trkpt lat="47.0309339188" lon="8.6755134856">
				<ele>1051.8</ele>
			</trkpt>
			<trkpt lat="47.0308842735" lon="8.6756366112">
				<ele>1053.2</ele>
			</trkpt>
			<trkpt lat="47.0308045984" lon="8.6759174572">
				<ele>1056.4</ele>
			</trkpt>
			<trkpt lat="47.0307335405" lon="8.6761716736">
				<ele>1059.4</ele>
			</trkpt>
			<trkpt lat="47.0306987558" lon="8.6763073379">
				<ele>1061.1</ele>
			</trkpt>
			<trkpt lat="47.0306621753" lon="8.6764551441">
				<ele>1062.9</ele>
			</trkpt>
			<trkpt lat="47.0306458426" lon="8.6765790369">
				<ele>1064.2</ele>
			</trkpt>
			<trkpt lat="47.0306221615" lon="8.6767661252">
				<ele>1066.1</ele>
			</trkpt>
			<trkpt lat="47.0305972554" lon="8.6769049902">
				<ele>1067.6</ele>
			</trkpt>
			<trkpt lat="47.0305587742" lon="8.6770746850">
				<ele>1069.9</ele>
			</trkpt>
			<trkpt lat="47.0305020680" lon="8.6772341958">
				<ele>1072.0</ele>
			</trkpt>
			<trkpt lat="47.0304473671" lon="8.6773620966">
				<ele>1073.8</ele>
			</trkpt>
			<trkpt lat="47.0303657803" lon="8.6775112829">
				<ele>1076.0</ele>
			</trkpt>
			<trkpt lat="47.0303078303" lon="8.6776317927">
				<ele>1077.9</ele>
			</trkpt>
			<trkpt lat="47.0302478130" lon="8.6777888051">
				<ele>1079.7</ele>
			</trkpt>
			<trkpt lat="47.0301815429" lon="8.6779091091">
				<ele>1081.4</ele>
			</trkpt>
			<trkpt lat="47.0300886677" lon="8.6780239296">
				<ele>1084.0</ele>
			</trkpt>
			<trkpt lat="47.0300306823" lon="8.6781468585">
				<ele>1086.3</ele>
			</trkpt>
			<trkpt lat="47.0299776794" lon="8.6782723495">
				<ele>1088.0</ele>
			</trkpt>
			<trkpt lat="47.0299291947" lon="8.6784418100">
				<ele>1090.1</ele>
			</trkpt>
			<trkpt lat="47.0299254197" lon="8.6784831541">
				<ele>1090.7</ele>
			</trkpt>
			<trkpt lat="47.0299367860" lon="8.6785102307">
				<ele>1091.2</ele>
			</trkpt>
			<trkpt lat="47.0299748112" lon="8.6785378975">
				<ele>1092.1</ele>
			</trkpt>
			<trkpt lat="47.0300130992" lon="8.6785412296">
				<ele>1093.1</ele>
			</trkpt>
			<trkpt lat="47.0300915671" lon="8.6785259785">
				<ele>1095.6</ele>
			</trkpt>
			<trkpt lat="47.0301767873" lon="8.6785035815">
				<ele>1098.0</ele>
			</trkpt>
			<trkpt lat="47.0302635141" lon="8.6784958361">
				<ele>1100.6</ele>
			</trkpt>
			<trkpt lat="47.0303507522" lon="8.6784990103">
				<ele>1103.2</ele>
			</trkpt>
			<trkpt lat="47.0303871250" lon="8.6786205283">
				<ele>1105.6</ele>
			</trkpt>
			<trkpt lat="47.0304358847" lon="8.6787337542">
				<ele>1107.9</ele>
			</trkpt>
			<trkpt lat="47.0304747575" lon="8.6788370027">
				<ele>1110.1</ele>
			</trkpt>
			<trkpt lat="47.0305219676" lon="8.6789404437">
				<ele>1112.7</ele>
			</trkpt>
			<trkpt lat="47.0305728121" lon="8.6790147206">
				<ele>1115.6</ele>
			</trkpt>
			<trkpt lat="47.0305919811" lon="8.6790906992">
				<ele>1119.0</ele>
			</trkpt>
			<trkpt lat="47.0305496542" lon="8.6791530856">
				<ele>1122.1</ele>
			</trkpt>
			<trkpt lat="47.0305690421" lon="8.6792095704">
				<ele>1124.0</ele>
			</trkpt>
			<trkpt lat="47.0306117161" lon="8.6792690408">
				<ele>1127.4</ele>
			</trkpt>
			<trkpt lat="47.0306565341" lon="8.6792799850">
				<ele>1128.8</ele>
			</trkpt>
			<trkpt lat="47.0307280451" lon="8.6792716917">
				<ele>1130.4</ele>
			</trkpt>
			<trkpt lat="47.0307673833" lon="8.6792802329">
				<ele>1131.4</ele>
			</trkpt>
			<trkpt lat="47.0308021304" lon="8.6793056931">
				<ele>1132.2</ele>
			</trkpt>
			<trkpt lat="47.0308317923" lon="8.6793546926">
				<ele>1133.1</ele>
			</trkpt>
			<trkpt lat="47.0308699499" lon="8.6794624385">
				<ele>1133.7</ele>
			</trkpt>
			<trkpt lat="47.0308857654" lon="8.6795339980">
				<ele>1134.1</ele>
			</trkpt>
			<trkpt lat="47.0309024749" lon="8.6796534842">
				<ele>1135.6</ele>
			</trkpt>
			<trkpt lat="47.0309445429" lon="8.6797689918">
				<ele>1137.6</ele>
			</trkpt>
			<trkpt lat="47.0309706219" lon="8.6798232108">
				<ele>1139.2</ele>
			</trkpt>
			<trkpt lat="47.0309782388" lon="8.6798891736">
				<ele>1141.3</ele>
			</trkpt>
			<trkpt lat="47.0309611868" lon="8.6799253302">
				<ele>1142.9</ele>
			</trkpt>
			<trkpt lat="47.0308608680" lon="8.6799571255">
				<ele>1147.8</ele>
			</trkpt>
			<trkpt lat="47.0307922867" lon="8.6799823401">
				<ele>1150.1</ele>
			</trkpt>
			<trkpt lat="47.0307536297" lon="8.6800131281">
				<ele>1151.5</ele>
			</trkpt>
			<trkpt lat="47.0307440831" lon="8.6800465503">
				<ele>1152.7</ele>
			</trkpt>
			<trkpt lat="47.0307426177" lon="8.6800938560">
				<ele>1153.7</ele>
			</trkpt>
			<trkpt lat="47.0307789831" lon="8.6801643256">
				<ele>1155.6</ele>
			</trkpt>
			<trkpt lat="47.0308050540" lon="8.6802192291">
				<ele>1157.3</ele>
			</trkpt>
			<trkpt lat="47.0308197387" lon="8.6802696981">
				<ele>1158.7</ele>
			</trkpt>
			<trkpt lat="47.0308323147" lon="8.6803396173">
				<ele>1161.3</ele>
			</trkpt>
			<trkpt lat="47.0308276432" lon="8.6804188867">
				<ele>1164.2</ele>
			</trkpt>
			<trkpt lat="47.0308225541" lon="8.6804493991">
				<ele>1165.3</ele>
			</trkpt>
			<trkpt lat="47.0308013299" lon="8.6804753673">
				<ele>1165.9</ele>
			</trkpt>
			<trkpt lat="47.0307773813" lon="8.6804887330">
				<ele>1167.0</ele>
			</trkpt>
			<trkpt lat="47.0307497032" lon="8.6804950527">
				<ele>1168.2</ele>
			</trkpt>
			<trkpt lat="47.0307075621" lon="8.6805177601">
				<ele>1170.4</ele>
			</trkpt>
			<trkpt lat="47.0306730994" lon="8.6805350534">
				<ele>1172.2</ele>
			</trkpt>
			<trkpt lat="47.0306385913" lon="8.6805565428">
				<ele>1173.7</ele>
			</trkpt>
			<trkpt lat="47.0306068831" lon="8.6805836494">
				<ele>1175.0</ele>
			</trkpt>
			<trkpt lat="47.0305753762" lon="8.6805912749">
				<ele>1175.4</ele>
			</trkpt>
			<trkpt lat="47.0305249595" lon="8.6805873315">
				<ele>1176.0</ele>
			</trkpt>
			<trkpt lat="47.0304696639" lon="8.6805944059">
				<ele>1176.1</ele>
			</trkpt>
			<trkpt lat="47.0303877401" lon="8.6805980748">
				<ele>1176.4</ele>
			</trkpt>
			<trkpt lat="47.0303648051" lon="8.6806058988">
				<ele>1176.2</ele>
			</trkpt>
			<trkpt lat="47.0303483687" lon="8.6806291881">
				<ele>1176.2</ele>
			</trkpt>
			<trkpt lat="47.0303233007" lon="8.6806578559">
				<ele>1176.3</ele>
			</trkpt>
			<trkpt lat="47.0302607987" lon="8.6807148923">
				<ele>1176.7</ele>
			</trkpt>
			<trkpt lat="47.0302169962" lon="8.6808029909">
				<ele>1178.3</ele>
			</trkpt>
			<trkpt lat="47.0301828993" lon="8.6808746053">
				<ele>1179.6</ele>
			</trkpt>
			<trkpt lat="47.0301651025" lon="8.6809354655">
				<ele>1181.1</ele>
			</trkpt>
			<trkpt lat="47.0301439988" lon="8.6809502917">
				<ele>1182.2</ele>
			</trkpt>
			<trkpt lat="47.0301126130" lon="8.6809467887">
				<ele>1182.2</ele>
			</trkpt>
			<trkpt lat="47.0300623465" lon="8.6809289153">
				<ele>1182.7</ele>
			</trkpt>
			<trkpt lat="47.0300206124" lon="8.6809140153">
				<ele>1183.9</ele>
			</trkpt>
			<trkpt lat="47.0299901583" lon="8.6809133100">
				<ele>1184.7</ele>
			</trkpt>
			<trkpt lat="47.0299500749" lon="8.6809221312">
				<ele>1186.1</ele>
			</trkpt>
			<trkpt lat="47.0298985686" lon="8.6809306882">
				<ele>1187.7</ele>
			</trkpt>
			<trkpt lat="47.0298650893" lon="8.6809452277">
				<ele>1188.8</ele>
			</trkpt>
			<trkpt lat="47.0298515492" lon="8.6809644127">
				<ele>1189.2</ele>
			</trkpt>
			<trkpt lat="47.0298655513" lon="8.6809898011">
				<ele>1189.9</ele>
			</trkpt>
			<trkpt lat="47.0299033307" lon="8.6810185158">
				<ele>1190.9</ele>
			</trkpt>
			<trkpt lat="47.0299398613" lon="8.6810736748">
				<ele>1192.8</ele>
			</trkpt>
			<trkpt lat="47.0299224864" lon="8.6810955472">
				<ele>1194.4</ele>
			</trkpt>
			<trkpt lat="47.0298907628" lon="8.6811240601">
				<ele>1196.2</ele>
			</trkpt>
			<trkpt lat="47.0299293959" lon="8.6811611504">
				<ele>1197.9</ele>
			</trkpt>
			<trkpt lat="47.0299205232" lon="8.6811887983">
				<ele>1199.5</ele>
			</trkpt>
			<trkpt lat="47.0299298521" lon="8.6812071182">
				<ele>1199.9</ele>
			</trkpt>
			<trkpt lat="47.0299617757" lon="8.6812482361">
				<ele>1201.1</ele>
			</trkpt>
			<trkpt lat="47.0299806803" lon="8.6812612128">
				<ele>1201.9</ele>
			</trkpt>
			<trkpt lat="47.0300073441" lon="8.6812604363">
				<ele>1202.9</ele>
			</trkpt>
			<trkpt lat="47.0300194038" lon="8.6812899505">
				<ele>1204.7</ele>
			</trkpt>
			<trkpt lat="47.0299970901" lon="8.6813284309">
				<ele>1206.3</ele>
			</trkpt>
			<trkpt lat="47.0299644043" lon="8.6813569086">
				<ele>1207.7</ele>
			</trkpt>
			<trkpt lat="47.0299479828" lon="8.6813788037">
				<ele>1209.0</ele>
			</trkpt>
			<trkpt lat="47.0299069761" lon="8.6813848266">
				<ele>1209.5</ele>
			</trkpt>
			<trkpt lat="47.0298646329" lon="8.6814270012">
				<ele>1211.4</ele>
			</trkpt>
			<trkpt lat="47.0298376733" lon="8.6814542292">
				<ele>1212.7</ele>
			</trkpt>
			<trkpt lat="47.0297770622" lon="8.6815127029">
				<ele>1216.2</ele>
			</trkpt>
			<trkpt lat="47.0297452690" lon="8.6815467796">
				<ele>1217.6</ele>
			</trkpt>
			<trkpt lat="47.0297232424" lon="8.6815587952">
				<ele>1218.6</ele>
			</trkpt>
			<trkpt lat="47.0296984996" lon="8.6815582218">
				<ele>1219.7</ele>
			</trkpt>
			<trkpt lat="47.0296614929" lon="8.6815462336">
				<ele>1221.1</ele>
			</trkpt>
			<trkpt lat="47.0296271959" lon="8.6815482150">
				<ele>1222.4</ele>
			</trkpt>
			<trkpt lat="47.0295937163" lon="8.6815627669">
				<ele>1223.5</ele>
			</trkpt>
			<trkpt lat="47.0295198210" lon="8.6816167486">
				<ele>1225.9</ele>
			</trkpt>
			<trkpt lat="47.0294459562" lon="8.6816679540">
				<ele>1227.4</ele>
			</trkpt>
			<trkpt lat="47.0293816828" lon="8.6817124086">
				<ele>1229.3</ele>
			</trkpt>
			<trkpt lat="47.0293507218" lon="8.6817576480">
				<ele>1231.0</ele>
			</trkpt>
			<trkpt lat="47.0293176387" lon="8.6818237187">
				<ele>1233.3</ele>
			</trkpt>
			<trkpt lat="47.0293486230" lon="8.6818634207">
				<ele>1235.6</ele>
			</trkpt>
			<trkpt lat="47.0293675572" lon="8.6818736084">
				<ele>1236.7</ele>
			</trkpt>
			<trkpt lat="47.0293902667" lon="8.6818866604">
				<ele>1237.9</ele>
			</trkpt>
			<trkpt lat="47.0294261845" lon="8.6819111622">
				<ele>1239.9</ele>
			</trkpt>
			<trkpt lat="47.0294451250" lon="8.6819199559">
				<ele>1240.9</ele>
			</trkpt>
			<trkpt lat="47.0294849826" lon="8.6819320234">
				<ele>1242.7</ele>
			</trkpt>
			<trkpt lat="47.0295096136" lon="8.6819437379">
				<ele>1244.1</ele>
			</trkpt>
			<trkpt lat="47.0295446232" lon="8.6819640349">
				<ele>1245.9</ele>
			</trkpt>
			<trkpt lat="47.0295833915" lon="8.6819886159">
				<ele>1247.7</ele>
			</trkpt>
			<trkpt lat="47.0296059345" lon="8.6820169788">
				<ele>1249.8</ele>
			</trkpt>
			<trkpt lat="47.0296220544" lon="8.6820229304">
				<ele>1250.5</ele>
			</trkpt>
			<trkpt lat="47.0296373264" lon="8.6820191005">
				<ele>1250.7</ele>
			</trkpt>
			<trkpt lat="47.0296461691" lon="8.6819942419">
				<ele>1249.3</ele>
			</trkpt>
			<trkpt lat="47.0296704196" lon="8.6819530306">
				<ele>1249.4</ele>
			</trkpt>
			<trkpt lat="47.0297077641" lon="8.6819330155">
				<ele>1250.7</ele>
			</trkpt>
			<trkpt lat="47.0297393157" lon="8.6819212081">
				<ele>1251.4</ele>
			</trkpt>
			<trkpt lat="47.0297690210" lon="8.6819037928">
				<ele>1252.0</ele>
			</trkpt>
			<trkpt lat="47.0298137420" lon="8.6819062241">
				<ele>1253.1</ele>
			</trkpt>
			<trkpt lat="47.0298620868" lon="8.6819254483">
				<ele>1253.9</ele>
			</trkpt>
			<trkpt lat="47.0299085485" lon="8.6819432348">
				<ele>1254.5</ele>
			</trkpt>
			<trkpt lat="47.0299436936" lon="8.6819510093">
				<ele>1255.3</ele>
			</trkpt>
			<trkpt lat="47.0299826431" lon="8.6819588719">
				<ele>1256.0</ele>
			</trkpt>
			<trkpt lat="47.0300169554" lon="8.6819554962">
				<ele>1256.9</ele>
			</trkpt>
			<trkpt lat="47.0300313737" lon="8.6819432917">
				<ele>1257.3</ele>
			</trkpt>
			<trkpt lat="47.0300515994" lon="8.6819214856">
				<ele>1257.9</ele>
			</trkpt>
			<trkpt lat="47.0300797295" lon="8.6818734039">
				<ele>1258.1</ele>
			</trkpt>
			<trkpt lat="47.0301030117" lon="8.6818335641">
				<ele>1257.6</ele>
			</trkpt>
			<trkpt lat="47.0301184133" lon="8.6818185932">
				<ele>1257.8</ele>
			</trkpt>
			<trkpt lat="47.0301384586" lon="8.6818134919">
				<ele>1259.1</ele>
			</trkpt>
			<trkpt lat="47.0301650714" lon="8.6818182932">
				<ele>1260.7</ele>
			</trkpt>
			<trkpt lat="47.0301906013" lon="8.6818341997">
				<ele>1262.9</ele>
			</trkpt>
			<trkpt lat="47.0302267448" lon="8.6818378135">
				<ele>1264.1</ele>
			</trkpt>
			<trkpt lat="47.0302610119" lon="8.6818386077">
				<ele>1266.2</ele>
			</trkpt>
			<trkpt lat="47.0303008847" lon="8.6818492806">
				<ele>1268.3</ele>
			</trkpt>
			<trkpt lat="47.0303465743" lon="8.6818503395">
				<ele>1270.7</ele>
			</trkpt>
			<trkpt lat="47.0303777853" lon="8.6818691676">
				<ele>1272.5</ele>
			</trkpt>
			<trkpt lat="47.0303909636" lon="8.6818833931">
				<ele>1273.3</ele>
			</trkpt>
			<trkpt lat="47.0304011310" lon="8.6819114824">
				<ele>1274.8</ele>
			</trkpt>
			<trkpt lat="47.0304066160" lon="8.6819325033">
				<ele>1275.8</ele>
			</trkpt>
			<trkpt lat="47.0304206724" lon="8.6819537092">
				<ele>1276.8</ele>
			</trkpt>
			<trkpt lat="47.0304452639" lon="8.6819681992">
				<ele>1277.8</ele>
			</trkpt>
			<trkpt lat="47.0304735784" lon="8.6819911440">
				<ele>1278.6</ele>
			</trkpt>
			<trkpt lat="47.0305207523" lon="8.6820312215">
				<ele>1279.6</ele>
			</trkpt>
			<trkpt lat="47.0305548233" lon="8.6820501160">
				<ele>1281.0</ele>
			</trkpt>
			<trkpt lat="47.0305868370" lon="8.6820828829">
				<ele>1282.8</ele>
			</trkpt>
			<trkpt lat="47.0306151365" lon="8.6821072080">
				<ele>1284.9</ele>
			</trkpt>
			<trkpt lat="47.0306293888" lon="8.6821103283">
				<ele>1285.6</ele>
			</trkpt>
			<trkpt lat="47.0306730552" lon="8.6821411811">
				<ele>1288.5</ele>
			</trkpt>
			<trkpt lat="47.0306890737" lon="8.6821440121">
				<ele>1288.3</ele>
			</trkpt>
			<trkpt lat="47.0307091061" lon="8.6821475554">
				<ele>1289.0</ele>
			</trkpt>
			<trkpt lat="47.0307212829" lon="8.6821404440">
				<ele>1289.1</ele>
			</trkpt>
			<trkpt lat="47.0307334508" lon="8.6821333315">
				<ele>1289.7</ele>
			</trkpt>
			<trkpt lat="47.0307637779" lon="8.6820859444">
				<ele>1290.3</ele>
			</trkpt>
			<trkpt lat="47.0307980960" lon="8.6820164404">
				<ele>1292.0</ele>
			</trkpt>
			<trkpt lat="47.0308327612" lon="8.6819688252">
				<ele>1293.8</ele>
			</trkpt>
			<trkpt lat="47.0308672392" lon="8.6819501390">
				<ele>1295.3</ele>
			</trkpt>
			<trkpt lat="47.0308975816" lon="8.6819619733">
				<ele>1296.6</ele>
			</trkpt>
			<trkpt lat="47.0309363801" lon="8.6819837658">
				<ele>1298.9</ele>
			</trkpt>
			<trkpt lat="47.0309752786" lon="8.6819971934">
				<ele>1300.6</ele>
			</trkpt>
			<trkpt lat="47.0310112323" lon="8.6820175257">
				<ele>1302.7</ele>
			</trkpt>
			<trkpt lat="47.0310433150" lon="8.6820447286">
				<ele>1304.4</ele>
			</trkpt>
			<trkpt lat="47.0310603427" lon="8.6820548732">
				<ele>1305.3</ele>
			</trkpt>
			<trkpt lat="47.0310888985" lon="8.6820555350">
				<ele>1306.6</ele>
			</trkpt>
			<trkpt lat="47.0310963265" lon="8.6820724165">
				<ele>1307.4</ele>
			</trkpt>
			<trkpt lat="47.0310799056" lon="8.6820943119">
				<ele>1308.0</ele>
			</trkpt>
			<trkpt lat="47.0310661988" lon="8.6821288084">
				<ele>1309.3</ele>
			</trkpt>
			<trkpt lat="47.0310756785" lon="8.6821331984">
				<ele>1309.6</ele>
			</trkpt>
			<trkpt lat="47.0310974494" lon="8.6821448479">
				<ele>1310.6</ele>
			</trkpt>
			<trkpt lat="47.0311354754" lon="8.6821499134">
				<ele>1311.9</ele>
			</trkpt>
			<trkpt lat="47.0311517160" lon="8.6821447110">
				<ele>1312.2</ele>
			</trkpt>
			<trkpt lat="47.0311738274" lon="8.6821257372">
				<ele>1312.6</ele>
			</trkpt>
			<trkpt lat="47.0312095816" lon="8.6820764366">
				<ele>1313.3</ele>
			</trkpt>
			<trkpt lat="47.0312704134" lon="8.6819984679">
				<ele>1312.6</ele>
			</trkpt>
			<trkpt lat="47.0313042396" lon="8.6819519122">
				<ele>1313.3</ele>
			</trkpt>
			<trkpt lat="47.0313294587" lon="8.6819093272">
				<ele>1314.1</ele>
			</trkpt>
			<trkpt lat="47.0313430956" lon="8.6818803941">
				<ele>1314.5</ele>
			</trkpt>
			<trkpt lat="47.0313729818" lon="8.6818462861">
				<ele>1316.6</ele>
			</trkpt>
			<trkpt lat="47.0313998510" lon="8.6818274096">
				<ele>1317.8</ele>
			</trkpt>
			<trkpt lat="47.0314389965" lon="8.6818171718">
				<ele>1318.6</ele>
			</trkpt>
			<trkpt lat="47.0314865989" lon="8.6818168808">
				<ele>1320.5</ele>
			</trkpt>
			<trkpt lat="47.0315170612" lon="8.6818175867">
				<ele>1322.2</ele>
			</trkpt>
			<trkpt lat="47.0315770634" lon="8.6818162010">
				<ele>1325.2</ele>
			</trkpt>
			<trkpt lat="47.0316036524" lon="8.6818223825">
				<ele>1327.1</ele>
			</trkpt>
			<trkpt lat="47.0316587822" lon="8.6818306203">
				<ele>1331.2</ele>
			</trkpt>
			<trkpt lat="47.0317110756" lon="8.6818374112">
				<ele>1336.1</ele>
			</trkpt>
			<trkpt lat="47.0317614929" lon="8.6818413558">
				<ele>1340.0</ele>
			</trkpt>
			<trkpt lat="47.0318009788" lon="8.6818004959">
				<ele>1341.1</ele>
			</trkpt>
			<trkpt lat="47.0318364016" lon="8.6817818304">
				<ele>1341.7</ele>
			</trkpt>
			<trkpt lat="47.0318697239" lon="8.6817826025">
				<ele>1342.3</ele>
			</trkpt>
			<trkpt lat="47.0319087343" lon="8.6817848879">
				<ele>1342.9</ele>
			</trkpt>
			<trkpt lat="47.0319389313" lon="8.6818092719">
				<ele>1343.4</ele>
			</trkpt>
			<trkpt lat="47.0319672309" lon="8.6818335975">
				<ele>1344.0</ele>
			</trkpt>
			<trkpt lat="47.0320533542" lon="8.6818815397">
				<ele>1346.8</ele>
			</trkpt>
			<trkpt lat="47.0321159214" lon="8.6819066604">
				<ele>1348.8</ele>
			</trkpt>
			<trkpt lat="47.0321745474" lon="8.6819442290">
				<ele>1350.2</ele>
			</trkpt>
			<trkpt lat="47.0322151475" lon="8.6819758009">
				<ele>1351.6</ele>
			</trkpt>
			<trkpt lat="47.0322634163" lon="8.6820019845">
				<ele>1353.2</ele>
			</trkpt>
			<trkpt lat="47.0323012857" lon="8.6820223618">
				<ele>1355.0</ele>
			</trkpt>
			<trkpt lat="47.0323524604" lon="8.6820444424">
				<ele>1356.9</ele>
			</trkpt>
			<trkpt lat="47.0324076956" lon="8.6820429337">
				<ele>1357.4</ele>
			</trkpt>
			<trkpt lat="47.0324639442" lon="8.6820358822">
				<ele>1357.7</ele>
			</trkpt>
			<trkpt lat="47.0325203742" lon="8.6820121245">
				<ele>1358.0</ele>
			</trkpt>
			<trkpt lat="47.0325697718" lon="8.6820230196">
				<ele>1359.4</ele>
			</trkpt>
			<trkpt lat="47.0326019810" lon="8.6820376868">
				<ele>1360.7</ele>
			</trkpt>
			<trkpt lat="47.0326342360" lon="8.6820481846">
				<ele>1361.8</ele>
			</trkpt>
			<trkpt lat="47.0326741992" lon="8.6820505059">
				<ele>1363.6</ele>
			</trkpt>
			<trkpt lat="47.0327438980" lon="8.6820326210">
				<ele>1367.5</ele>
			</trkpt>
			<trkpt lat="47.0327867815" lon="8.6820294446">
				<ele>1369.9</ele>
			</trkpt>
			<trkpt lat="47.0328152619" lon="8.6820370651">
				<ele>1372.3</ele>
			</trkpt>
			<trkpt lat="47.0328553761" lon="8.6820254555">
				<ele>1374.2</ele>
			</trkpt>
			<trkpt lat="47.0328802389" lon="8.6820149002">
				<ele>1375.4</ele>
			</trkpt>
			<trkpt lat="47.0329109430" lon="8.6819933231">
				<ele>1375.9</ele>
			</trkpt>
			<trkpt lat="47.0329274242" lon="8.6819658628">
				<ele>1376.5</ele>
			</trkpt>
			<trkpt lat="47.0329451008" lon="8.6819161414">
				<ele>1376.5</ele>
			</trkpt>
			<trkpt lat="47.0329726425" lon="8.6818642803">
				<ele>1377.4</ele>
			</trkpt>
			<trkpt lat="47.0329977895" lon="8.6818117188">
				<ele>1378.3</ele>
			</trkpt>
			<trkpt lat="47.0330245829" lon="8.6817898533">
				<ele>1379.5</ele>
			</trkpt>
			<trkpt lat="47.0330516588" lon="8.6817893090">
				<ele>1380.5</ele>
			</trkpt>
			<trkpt lat="47.0330714987" lon="8.6818023082">
				<ele>1381.2</ele>
			</trkpt>
			<trkpt lat="47.0330812134" lon="8.6818331126">
				<ele>1381.7</ele>
			</trkpt>
			<trkpt lat="47.0330929595" lon="8.6819048446">
				<ele>1382.4</ele>
			</trkpt>
			<trkpt lat="47.0331096039" lon="8.6819578752">
				<ele>1383.4</ele>
			</trkpt>
			<trkpt lat="47.0331107830" lon="8.6819877180">
				<ele>1384.1</ele>
			</trkpt>
			<trkpt lat="47.0331062767" lon="8.6820191919">
				<ele>1385.1</ele>
			</trkpt>
			<trkpt lat="47.0330825380" lon="8.6820613652">
				<ele>1385.5</ele>
			</trkpt>
			<trkpt lat="47.0330594365" lon="8.6820845008">
				<ele>1385.6</ele>
			</trkpt>
			<trkpt lat="47.0330561695" lon="8.6821220168">
				<ele>1386.4</ele>
			</trkpt>
			<trkpt lat="47.0330462618" lon="8.6821579976">
				<ele>1387.2</ele>
			</trkpt>
			<trkpt lat="47.0330237519" lon="8.6822145673">
				<ele>1387.7</ele>
			</trkpt>
			<trkpt lat="47.0330164117" lon="8.6823647907">
				<ele>1390.9</ele>
			</trkpt>
			<trkpt lat="47.0329961771" lon="8.6823865976">
				<ele>1391.6</ele>
			</trkpt>
			<trkpt lat="47.0329797553" lon="8.6824085066">
				<ele>1392.3</ele>
			</trkpt>
			<trkpt lat="47.0329745904" lon="8.6824459785">
				<ele>1394.3</ele>
			</trkpt>
			<trkpt lat="47.0330185991" lon="8.6824261171">
				<ele>1394.1</ele>
			</trkpt>
			<trkpt lat="47.0330530623" lon="8.6824088114">
				<ele>1394.9</ele>
			</trkpt>
			<trkpt lat="47.0330989178" lon="8.6823945588">
				<ele>1396.2</ele>
			</trkpt>
			<trkpt lat="47.0331237147" lon="8.6823909497">
				<ele>1396.9</ele>
			</trkpt>
			<trkpt lat="47.0331455303" lon="8.6823984159">
				<ele>1398.1</ele>
			</trkpt>
			<trkpt lat="47.0331433911" lon="8.6824206560">
				<ele>1398.9</ele>
			</trkpt>
			<trkpt lat="47.0331105994" lon="8.6824588817">
				<ele>1400.4</ele>
			</trkpt>
			<trkpt lat="47.0330874230" lon="8.6824889758">
				<ele>1401.6</ele>
			</trkpt>
			<trkpt lat="47.0330623634" lon="8.6825176448">
				<ele>1403.5</ele>
			</trkpt>
			<trkpt lat="47.0330850124" lon="8.6825362749">
				<ele>1404.0</ele>
			</trkpt>
			<trkpt lat="47.0330543383" lon="8.6825550505">
				<ele>1404.8</ele>
			</trkpt>
			<trkpt lat="47.0330588546" lon="8.6825774450">
				<ele>1405.7</ele>
			</trkpt>
			<trkpt lat="47.0330825924" lon="8.6825835609">
				<ele>1406.0</ele>
			</trkpt>
			<trkpt lat="47.0331148927" lon="8.6825898753">
				<ele>1406.9</ele>
			</trkpt>
			<trkpt lat="47.0331556584" lon="8.6826061501">
				<ele>1407.9</ele>
			</trkpt>
			<trkpt lat="47.0332030282" lon="8.6826281297">
				<ele>1408.7</ele>
			</trkpt>
			<trkpt lat="47.0332505789" lon="8.6826334165">
				<ele>1410.6</ele>
			</trkpt>
			<trkpt lat="47.0332808968" lon="8.6826466462">
				<ele>1411.9</ele>
			</trkpt>
			<trkpt lat="47.0332680837" lon="8.6826867302">
				<ele>1413.0</ele>
			</trkpt>
			<trkpt lat="47.0332266174" lon="8.6827358999">
				<ele>1414.9</ele>
			</trkpt>
			<trkpt lat="47.0331946131" lon="8.6827894739">
				<ele>1416.8</ele>
			</trkpt>
			<trkpt lat="47.0331644852" lon="8.6828458669">
				<ele>1418.4</ele>
			</trkpt>
			<trkpt lat="47.0331506977" lon="8.6828887180">
				<ele>1419.6</ele>
			</trkpt>
			<trkpt lat="47.0331742449" lon="8.6829115403">
				<ele>1420.9</ele>
			</trkpt>
			<trkpt lat="47.0332218862" lon="8.6829084741">
				<ele>1421.7</ele>
			</trkpt>
			<trkpt lat="47.0332676362" lon="8.6829039562">
				<ele>1422.5</ele>
			</trkpt>
			<trkpt lat="47.0333111017" lon="8.6829342147">
				<ele>1423.8</ele>
			</trkpt>
			<trkpt lat="47.0333467628" lon="8.6829823842">
				<ele>1425.6</ele>
			</trkpt>
			<trkpt lat="47.0333871508" lon="8.6830334527">
				<ele>1428.1</ele>
			</trkpt>
			<trkpt lat="47.0334507006" lon="8.6830558210">
				<ele>1429.1</ele>
			</trkpt>
			<trkpt lat="47.0334924258" lon="8.6830707106">
				<ele>1429.3</ele>
			</trkpt>
			<trkpt lat="47.0335313694" lon="8.6830799687">
				<ele>1430.2</ele>
			</trkpt>
			<trkpt lat="47.0335989348" lon="8.6830829311">
				<ele>1433.1</ele>
			</trkpt>
			<trkpt lat="47.0336686035" lon="8.6830678365">
				<ele>1434.7</ele>
			</trkpt>
			<trkpt lat="47.0337220077" lon="8.6830593258">
				<ele>1435.6</ele>
			</trkpt>
			<trkpt lat="47.0337848333" lon="8.6830380861">
				<ele>1436.3</ele>
			</trkpt>
			<trkpt lat="47.0338105949" lon="8.6830351436">
				<ele>1436.8</ele>
			</trkpt>
			<trkpt lat="47.0338237760" lon="8.6830773054">
				<ele>1437.5</ele>
			</trkpt>
			<trkpt lat="47.0338430860" lon="8.6830902006">
				<ele>1438.0</ele>
			</trkpt>
			<trkpt lat="47.0338734628" lon="8.6830756022">
				<ele>1439.0</ele>
			</trkpt>
			<trkpt lat="47.0339043272" lon="8.6831039369">
				<ele>1438.9</ele>
			</trkpt>
			<trkpt lat="47.0339421059" lon="8.6831326690">
				<ele>1438.6</ele>
			</trkpt>
			<trkpt lat="47.0339923721" lon="8.6831505462">
				<ele>1439.0</ele>
			</trkpt>
			<trkpt lat="47.0340654075" lon="8.6831759121">
				<ele>1439.6</ele>
			</trkpt>
			<trkpt lat="47.0341100834" lon="8.6831825141">
				<ele>1438.9</ele>
			</trkpt>
			<trkpt lat="47.0341518322" lon="8.6831960224">
				<ele>1438.0</ele>
			</trkpt>
			<trkpt lat="47.0341838758" lon="8.6832260030">
				<ele>1437.6</ele>
			</trkpt>
			<trkpt lat="47.0341968123" lon="8.6832625143">
				<ele>1437.3</ele>
			</trkpt>
			<trkpt lat="47.0342038564" lon="8.6833156001">
				<ele>1437.1</ele>
			</trkpt>
			<trkpt lat="47.0342284351" lon="8.6834192114">
				<ele>1436.6</ele>
			</trkpt>
			<trkpt lat="47.0342751256" lon="8.6835038486">
				<ele>1436.2</ele>
			</trkpt>
			<trkpt lat="47.0343196372" lon="8.6836135019">
				<ele>1435.0</ele>
			</trkpt>
			<trkpt lat="47.0343461071" lon="8.6837185653">
				<ele>1434.1</ele>
			</trkpt>
			<trkpt lat="47.0343537482" lon="8.6838036915">
				<ele>1433.9</ele>
			</trkpt>
			<trkpt lat="47.0343576843" lon="8.6838803770">
				<ele>1433.4</ele>
			</trkpt>
			<trkpt lat="47.0343405891" lon="8.6839635339">
				<ele>1432.9</ele>
			</trkpt>
			<trkpt lat="47.0343290779" lon="8.6840593474">
				<ele>1432.3</ele>
			</trkpt>
			<trkpt lat="47.0343129146" lon="8.6841453158">
				<ele>1431.0</ele>
			</trkpt>
			<trkpt lat="47.0343102676" lon="8.6842134920">
				<ele>1429.9</ele>
			</trkpt>
			<trkpt lat="47.0343100878" lon="8.6843179241">
				<ele>1428.2</ele>
			</trkpt>
			<trkpt lat="47.0343111787" lon="8.6843931484">
				<ele>1426.9</ele>
			</trkpt>
			<trkpt lat="47.0342970187" lon="8.6844694127">
				<ele>1425.9</ele>
			</trkpt>
			<trkpt lat="47.0342849619" lon="8.6845276207">
				<ele>1424.8</ele>
			</trkpt>
			<trkpt lat="47.0342719666" lon="8.6845844117">
				<ele>1423.9</ele>
			</trkpt>
			<trkpt lat="47.0342425490" lon="8.6846631116">
				<ele>1422.4</ele>
			</trkpt>
			<trkpt lat="47.0342142816" lon="8.6847237192">
				<ele>1421.2</ele>
			</trkpt>
			<trkpt lat="47.0341785818" lon="8.6848143251">
				<ele>1419.9</ele>
			</trkpt>
			<trkpt lat="47.0341056485" lon="8.6849320669">
				<ele>1418.3</ele>
			</trkpt>
			<trkpt lat="47.0340355939" lon="8.6850937039">
				<ele>1416.7</ele>
			</trkpt>
			<trkpt lat="47.0339852675" lon="8.6852777341">
				<ele>1414.8</ele>
			</trkpt>
			<trkpt lat="47.0339251426" lon="8.6854444968">
				<ele>1412.9</ele>
			</trkpt>
			<trkpt lat="47.0338756453" lon="8.6855530180">
				<ele>1411.7</ele>
			</trkpt>
			<trkpt lat="47.0338043839" lon="8.6856707705">
				<ele>1409.9</ele>
			</trkpt>
			<trkpt lat="47.0337225751" lon="8.6858394487">
				<ele>1408.7</ele>
			</trkpt>
			<trkpt lat="47.0336616234" lon="8.6859282163">
				<ele>1408.1</ele>
			</trkpt>
			<trkpt lat="47.0335801579" lon="8.6860652177">
				<ele>1407.1</ele>
			</trkpt>
			<trkpt lat="47.0335405995" lon="8.6861788371">
				<ele>1406.3</ele>
			</trkpt>
			<trkpt lat="47.0335146431" lon="8.6862684050">
				<ele>1406.2</ele>
			</trkpt>
			<trkpt lat="47.0335037508" lon="8.6863510072">
				<ele>1406.4</ele>
			</trkpt>
			<trkpt lat="47.0334990280" lon="8.6864776083">
				<ele>1406.8</ele>
			</trkpt>
			<trkpt lat="47.0334973592" lon="8.6866311094">
				<ele>1406.4</ele>
			</trkpt>
			<trkpt lat="47.0334806002" lon="8.6867939961">
				<ele>1404.2</ele>
			</trkpt>
			<trkpt lat="47.0334693626" lon="8.6869082747">
				<ele>1402.5</ele>
			</trkpt>
			<trkpt lat="47.0334889448" lon="8.6870988096">
				<ele>1401.9</ele>
			</trkpt>
			<trkpt lat="47.0335093829" lon="8.6872113903">
				<ele>1401.2</ele>
			</trkpt>
			<trkpt lat="47.0335268032" lon="8.6872946385">
				<ele>1400.5</ele>
			</trkpt>
			<trkpt lat="47.0335557023" lon="8.6873952325">
				<ele>1399.6</ele>
			</trkpt>
			<trkpt lat="47.0335548011" lon="8.6874780670">
				<ele>1397.9</ele>
			</trkpt>
			<trkpt lat="47.0335483515" lon="8.6876119570">
				<ele>1396.5</ele>
			</trkpt>
			<trkpt lat="47.0335220319" lon="8.6877331869">
				<ele>1395.1</ele>
			</trkpt>
			<trkpt lat="47.0334806485" lon="8.6878613811">
				<ele>1393.1</ele>
			</trkpt>
			<trkpt lat="47.0334722866" lon="8.6880171606">
				<ele>1391.5</ele>
			</trkpt>
			<trkpt lat="47.0334496040" lon="8.6881116722">
				<ele>1390.9</ele>
			</trkpt>
			<trkpt lat="47.0334072195" lon="8.6881789079">
				<ele>1390.0</ele>
			</trkpt>
			<trkpt lat="47.0333265202" lon="8.6882452782">
				<ele>1388.3</ele>
			</trkpt>
			<trkpt lat="47.0332809402" lon="8.6883002692">
				<ele>1387.4</ele>
			</trkpt>
			<trkpt lat="47.0332638770" lon="8.6883364108">
				<ele>1386.8</ele>
			</trkpt>
			<trkpt lat="47.0332735241" lon="8.6883683207">
				<ele>1386.2</ele>
			</trkpt>
			<trkpt lat="47.0333015543" lon="8.6883957762">
				<ele>1385.6</ele>
			</trkpt>
			<trkpt lat="47.0333824319" lon="8.6884658979">
				<ele>1384.3</ele>
			</trkpt>
			<trkpt lat="47.0334423510" lon="8.6884721624">
				<ele>1383.7</ele>
			</trkpt>
			<trkpt lat="47.0334939317" lon="8.6884782582">
				<ele>1383.2</ele>
			</trkpt>
			<trkpt lat="47.0335336449" lon="8.6885035383">
				<ele>1382.2</ele>
			</trkpt>
			<trkpt lat="47.0335417348" lon="8.6885256625">
				<ele>1381.8</ele>
			</trkpt>
			<trkpt lat="47.0335244945" lon="8.6885788660">
				<ele>1381.1</ele>
			</trkpt>
			<trkpt lat="47.0334735331" lon="8.6886678630">
				<ele>1379.8</ele>
			</trkpt>
			<trkpt lat="47.0334413352" lon="8.6887182827">
				<ele>1378.8</ele>
			</trkpt>
			<trkpt lat="47.0333960205" lon="8.6887488992">
				<ele>1378.4</ele>
			</trkpt>
			<trkpt lat="47.0333226099" lon="8.6887861882">
				<ele>1376.9</ele>
			</trkpt>
			<trkpt lat="47.0332835826" lon="8.6888218178">
				<ele>1375.9</ele>
			</trkpt>
			<trkpt lat="47.0332630055" lon="8.6888749559">
				<ele>1375.3</ele>
			</trkpt>
			<trkpt lat="47.0332581754" lon="8.6888896990">
				<ele>1375.0</ele>
			</trkpt>
			<trkpt lat="47.0332702477" lon="8.6889062832">
				<ele>1374.7</ele>
			</trkpt>
			<trkpt lat="47.0332864325" lon="8.6889285817">
				<ele>1374.2</ele>
			</trkpt>
			<trkpt lat="47.0333004667" lon="8.6889508557">
				<ele>1373.7</ele>
			</trkpt>
			<trkpt lat="47.0333083680" lon="8.6889918949">
				<ele>1372.9</ele>
			</trkpt>
			<trkpt lat="47.0333182004" lon="8.6890274923">
				<ele>1372.1</ele>
			</trkpt>
			<trkpt lat="47.0333243148" lon="8.6890558460">
				<ele>1371.3</ele>
			</trkpt>
			<trkpt lat="47.0333176430" lon="8.6890786637">
				<ele>1370.7</ele>
			</trkpt>
			<trkpt lat="47.0333253241" lon="8.6890945015">
				<ele>1370.4</ele>
			</trkpt>
			<trkpt lat="47.0333350542" lon="8.6891187666">
				<ele>1369.7</ele>
			</trkpt>
			<trkpt lat="47.0333298579" lon="8.6891374362">
				<ele>1369.1</ele>
			</trkpt>
			<trkpt lat="47.0333140069" lon="8.6891506453">
				<ele>1368.7</ele>
			</trkpt>
			<trkpt lat="47.0333052195" lon="8.6891702818">
				<ele>1368.3</ele>
			</trkpt>
			<trkpt lat="47.0333085650" lon="8.6891902026">
				<ele>1367.8</ele>
			</trkpt>
			<trkpt lat="47.0333228021" lon="8.6891947058">
				<ele>1367.5</ele>
			</trkpt>
			<trkpt lat="47.0333332861" lon="8.6892158451">
				<ele>1366.8</ele>
			</trkpt>
			<trkpt lat="47.0333467352" lon="8.6892266053">
				<ele>1366.3</ele>
			</trkpt>
			<trkpt lat="47.0333643606" lon="8.6892478982">
				<ele>1365.5</ele>
			</trkpt>
			<trkpt lat="47.0333870236" lon="8.6892651374">
				<ele>1364.8</ele>
			</trkpt>
			<trkpt lat="47.0334040088" lon="8.6892791250">
				<ele>1364.2</ele>
			</trkpt>
			<trkpt lat="47.0334288149" lon="8.6892953606">
				<ele>1363.6</ele>
			</trkpt>
			<trkpt lat="47.0334432410" lon="8.6893080662">
				<ele>1363.2</ele>
			</trkpt>
			<trkpt lat="47.0334602833" lon="8.6893292525">
				<ele>1362.6</ele>
			</trkpt>
			<trkpt lat="47.0334682584" lon="8.6893453734">
				<ele>1362.3</ele>
			</trkpt>
			<trkpt lat="47.0334715416" lon="8.6893726075">
				<ele>1361.6</ele>
			</trkpt>
			<trkpt lat="47.0334872277" lon="8.6894398150">
				<ele>1360.8</ele>
			</trkpt>
			<trkpt lat="47.0335032182" lon="8.6894798720">
				<ele>1360.4</ele>
			</trkpt>
			<trkpt lat="47.0335142994" lon="8.6895114609">
				<ele>1360.1</ele>
			</trkpt>
			<trkpt lat="47.0335340222" lon="8.6895359334">
				<ele>1359.7</ele>
			</trkpt>
			<trkpt lat="47.0336090495" lon="8.6895765513">
				<ele>1358.1</ele>
			</trkpt>
			<trkpt lat="47.0336915251" lon="8.6896485676">
				<ele>1356.1</ele>
			</trkpt>
			<trkpt lat="47.0337420325" lon="8.6897028240">
				<ele>1355.2</ele>
			</trkpt>
			<trkpt lat="47.0337597033" lon="8.6897306717">
				<ele>1354.9</ele>
			</trkpt>
			<trkpt lat="47.0336815129" lon="8.6897376500">
				<ele>1355.7</ele>
			</trkpt>
			<trkpt lat="47.0336027953" lon="8.6897748142">
				<ele>1356.5</ele>
			</trkpt>
			<trkpt lat="47.0335039873" lon="8.6898212335">
				<ele>1357.2</ele>
			</trkpt>
			<trkpt lat="47.0334552996" lon="8.6898542294">
				<ele>1357.7</ele>
			</trkpt>
			<trkpt lat="47.0334113298" lon="8.6899141251">
				<ele>1358.2</ele>
			</trkpt>
			<trkpt lat="47.0333674307" lon="8.6899667205">
				<ele>1358.7</ele>
			</trkpt>
			<trkpt lat="47.0332752071" lon="8.6900206074">
				<ele>1359.6</ele>
			</trkpt>
			<trkpt lat="47.0332081722" lon="8.6900556100">
				<ele>1360.2</ele>
			</trkpt>
			<trkpt lat="47.0331011244" lon="8.6900945330">
				<ele>1360.9</ele>
			</trkpt>
			<trkpt lat="47.0330224864" lon="8.6901243835">
				<ele>1361.5</ele>
			</trkpt>
			<trkpt lat="47.0329738526" lon="8.6901524845">
				<ele>1361.8</ele>
			</trkpt>
			<trkpt lat="47.0329586027" lon="8.6901765104">
				<ele>1361.9</ele>
			</trkpt>
			<trkpt lat="47.0329147866" lon="8.6903056319">
				<ele>1362.0</ele>
			</trkpt>
			<trkpt lat="47.0328577199" lon="8.6904676145">
				<ele>1362.4</ele>
			</trkpt>
			<trkpt lat="47.0327728602" lon="8.6907082899">
				<ele>1363.6</ele>
			</trkpt>
			<trkpt lat="47.0327347480" lon="8.6908414386">
				<ele>1363.8</ele>
			</trkpt>
			<trkpt lat="47.0326952912" lon="8.6909453057">
				<ele>1364.4</ele>
			</trkpt>
			<trkpt lat="47.0326492049" lon="8.6910465845">
				<ele>1364.8</ele>
			</trkpt>
			<trkpt lat="47.0326067207" lon="8.6911211306">
				<ele>1364.9</ele>
			</trkpt>
			<trkpt lat="47.0325639907" lon="8.6912200541">
				<ele>1364.6</ele>
			</trkpt>
			<trkpt lat="47.0325449779" lon="8.6912829638">
				<ele>1364.5</ele>
			</trkpt>
			<trkpt lat="47.0325376291" lon="8.6913461458">
				<ele>1364.5</ele>
			</trkpt>
			<trkpt lat="47.0325452376" lon="8.6914121249">
				<ele>1364.5</ele>
			</trkpt>
			<trkpt lat="47.0325708415" lon="8.6915084182">
				<ele>1364.6</ele>
			</trkpt>
			<trkpt lat="47.0325804451" lon="8.6915445372">
				<ele>1364.1</ele>
			</trkpt>
			<trkpt lat="47.0326089947" lon="8.6916768068">
				<ele>1364.0</ele>
			</trkpt>
			<trkpt lat="47.0326443436" lon="8.6917970417">
				<ele>1364.2</ele>
			</trkpt>
			<trkpt lat="47.0326731501" lon="8.6919049489">
				<ele>1364.0</ele>
			</trkpt>
			<trkpt lat="47.0326835907" lon="8.6920172714">
				<ele>1364.2</ele>
			</trkpt>
			<trkpt lat="47.0326925749" lon="8.6921100995">
				<ele>1364.9</ele>
			</trkpt>
			<trkpt lat="47.0327165786" lon="8.6922008308">
				<ele>1365.3</ele>
			</trkpt>
			<trkpt lat="47.0327349460" lon="8.6923499016">
				<ele>1365.6</ele>
			</trkpt>
			<trkpt lat="47.0327508185" lon="8.6924209441">
				<ele>1365.6</ele>
			</trkpt>
			<trkpt lat="47.0327898148" lon="8.6925120261">
				<ele>1365.6</ele>
			</trkpt>
			<trkpt lat="47.0328057579" lon="8.6925781877">
				<ele>1365.8</ele>
			</trkpt>
			<trkpt lat="47.0328227755" lon="8.6926980014">
				<ele>1366.2</ele>
			</trkpt>
			<trkpt lat="47.0328244007" lon="8.6928539989">
				<ele>1366.8</ele>
			</trkpt>
			<trkpt lat="47.0328325677" lon="8.6930223499">
				<ele>1366.9</ele>
			</trkpt>
			<trkpt lat="47.0328511383" lon="8.6931519400">
				<ele>1366.0</ele>
			</trkpt>
			<trkpt lat="47.0328535619" lon="8.6932348368">
				<ele>1365.7</ele>
			</trkpt>
			<trkpt lat="47.0328375925" lon="8.6933246468">
				<ele>1365.8</ele>
			</trkpt>
			<trkpt lat="47.0328162259" lon="8.6934942666">
				<ele>1365.7</ele>
			</trkpt>
			<trkpt lat="47.0328144917" lon="8.6936086950">
				<ele>1366.0</ele>
			</trkpt>
			<trkpt lat="47.0328157403" lon="8.6936881463">
				<ele>1366.0</ele>
			</trkpt>
			<trkpt lat="47.0328098827" lon="8.6937401649">
				<ele>1366.0</ele>
			</trkpt>
			<trkpt lat="47.0327898253" lon="8.6938840135">
				<ele>1366.2</ele>
			</trkpt>
			<trkpt lat="47.0327891060" lon="8.6939497856">
				<ele>1366.1</ele>
			</trkpt>
			<trkpt lat="47.0327949109" lon="8.6940279172">
				<ele>1366.2</ele>
			</trkpt>
			<trkpt lat="47.0328059888" lon="8.6940817841">
				<ele>1366.2</ele>
			</trkpt>
			<trkpt lat="47.0328335774" lon="8.6941482317">
				<ele>1366.3</ele>
			</trkpt>
			<trkpt lat="47.0328398709" lon="8.6941824813">
				<ele>1366.3</ele>
			</trkpt>
			<trkpt lat="47.0328366118" lon="8.6943286312">
				<ele>1366.3</ele>
			</trkpt>
			<trkpt lat="47.0328351458" lon="8.6944626354">
				<ele>1366.3</ele>
			</trkpt>
			<trkpt lat="47.0328243242" lon="8.6945379301">
				<ele>1366.3</ele>
			</trkpt>
			<trkpt lat="47.0327912923" lon="8.6946638711">
				<ele>1366.6</ele>
			</trkpt>
			<trkpt lat="47.0327533873" lon="8.6947775166">
				<ele>1367.0</ele>
			</trkpt>
			<trkpt lat="47.0327177374" lon="8.6948376071">
				<ele>1367.2</ele>
			</trkpt>
			<trkpt lat="47.0326839875" lon="8.6948758017">
				<ele>1367.3</ele>
			</trkpt>
			<trkpt lat="47.0326370110" lon="8.6949063817">
				<ele>1367.3</ele>
			</trkpt>
			<trkpt lat="47.0325582645" lon="8.6949459766">
				<ele>1367.7</ele>
			</trkpt>
			<trkpt lat="47.0324729318" lon="8.6949780803">
				<ele>1367.7</ele>
			</trkpt>
			<trkpt lat="47.0324212243" lon="8.6949841870">
				<ele>1367.7</ele>
			</trkpt>
			<trkpt lat="47.0323763258" lon="8.6949758177">
				<ele>1367.8</ele>
			</trkpt>
			<trkpt lat="47.0322551760" lon="8.6949315736">
				<ele>1367.7</ele>
			</trkpt>
			<trkpt lat="47.0321391128" lon="8.6948801054">
				<ele>1367.5</ele>
			</trkpt>
			<trkpt lat="47.0320954165" lon="8.6948662522">
				<ele>1368.6</ele>
			</trkpt>
			<trkpt lat="47.0320560887" lon="8.6948537926">
				<ele>1368.6</ele>
			</trkpt>
			<trkpt lat="47.0320386259" lon="8.6948503449">
				<ele>1368.1</ele>
			</trkpt>
			<trkpt lat="47.0319862553" lon="8.6948399762">
				<ele>1368.5</ele>
			</trkpt>
			<trkpt lat="47.0319496920" lon="8.6948318024">
				<ele>1368.5</ele>
			</trkpt>
			<trkpt lat="47.0319145487" lon="8.6948455954">
				<ele>1368.4</ele>
			</trkpt>
			<trkpt lat="47.0318641546" lon="8.6948834190">
				<ele>1368.3</ele>
			</trkpt>
			<trkpt lat="47.0317902458" lon="8.6949377361">
				<ele>1368.3</ele>
			</trkpt>
			<trkpt lat="47.0316679230" lon="8.6950006590">
				<ele>1368.5</ele>
			</trkpt>
			<trkpt lat="47.0315742190" lon="8.6950374614">
				<ele>1368.8</ele>
			</trkpt>
			<trkpt lat="47.0314807197" lon="8.6950547636">
				<ele>1369.2</ele>
			</trkpt>
			<trkpt lat="47.0313905847" lon="8.6950697033">
				<ele>1369.4</ele>
			</trkpt>
			<trkpt lat="47.0313138982" lon="8.6950727897">
				<ele>1370.1</ele>
			</trkpt>
			<trkpt lat="47.0312488402" lon="8.6950809991">
				<ele>1370.4</ele>
			</trkpt>
			<trkpt lat="47.0312102878" lon="8.6951020422">
				<ele>1370.5</ele>
			</trkpt>
			<trkpt lat="47.0311749757" lon="8.6951304531">
				<ele>1370.8</ele>
			</trkpt>
			<trkpt lat="47.0311242796" lon="8.6951950526">
				<ele>1371.0</ele>
			</trkpt>
			<trkpt lat="47.0310397706" lon="8.6953051739">
				<ele>1371.5</ele>
			</trkpt>
			<trkpt lat="47.0309856121" lon="8.6953818855">
				<ele>1371.7</ele>
			</trkpt>
			<trkpt lat="47.0309198694" lon="8.6954510146">
				<ele>1371.6</ele>
			</trkpt>
			<trkpt lat="47.0308508600" lon="8.6955151971">
				<ele>1371.6</ele>
			</trkpt>
			<trkpt lat="47.0307652424" lon="8.6955741078">
				<ele>1371.9</ele>
			</trkpt>
			<trkpt lat="47.0306761982" lon="8.6956402555">
				<ele>1372.1</ele>
			</trkpt>
			<trkpt lat="47.0306375124" lon="8.6956734693">
				<ele>1372.2</ele>
			</trkpt>
			<trkpt lat="47.0306188974" lon="8.6956998294">
				<ele>1372.1</ele>
			</trkpt>
			<trkpt lat="47.0306086439" lon="8.6957239698">
				<ele>1372.1</ele>
			</trkpt>
			<trkpt lat="47.0305862377" lon="8.6957916658">
				<ele>1372.2</ele>
			</trkpt>
			<trkpt lat="47.0305483847" lon="8.6959004438">
				<ele>1372.1</ele>
			</trkpt>
			<trkpt lat="47.0305040164" lon="8.6959968624">
				<ele>1372.4</ele>
			</trkpt>
			<trkpt lat="47.0304700614" lon="8.6960545482">
				<ele>1372.9</ele>
			</trkpt>
			<trkpt lat="47.0304277890" lon="8.6961096104">
				<ele>1373.9</ele>
			</trkpt>
			<trkpt lat="47.0303942162" lon="8.6961332039">
				<ele>1374.6</ele>
			</trkpt>
			<trkpt lat="47.0303640257" lon="8.6961519815">
				<ele>1375.2</ele>
			</trkpt>
			<trkpt lat="47.0303387974" lon="8.6961733359">
				<ele>1375.6</ele>
			</trkpt>
			<trkpt lat="47.0303016114" lon="8.6962211869">
				<ele>1376.1</ele>
			</trkpt>
			<trkpt lat="47.0302511903" lon="8.6962614358">
				<ele>1376.9</ele>
			</trkpt>
			<trkpt lat="47.0301993672" lon="8.6962772711">
				<ele>1377.3</ele>
			</trkpt>
			<trkpt lat="47.0301657235" lon="8.6963057327">
				<ele>1377.6</ele>
			</trkpt>
			<trkpt lat="47.0301386482" lon="8.6963440939">
				<ele>1378.1</ele>
			</trkpt>
			<trkpt lat="47.0301016225" lon="8.6963773264">
				<ele>1379.0</ele>
			</trkpt>
			<trkpt lat="47.0300365108" lon="8.6963904218">
				<ele>1380.1</ele>
			</trkpt>
			<trkpt lat="47.0299863389" lon="8.6964063086">
				<ele>1381.0</ele>
			</trkpt>
			<trkpt lat="47.0299577365" lon="8.6964324387">
				<ele>1381.3</ele>
			</trkpt>
			<trkpt lat="47.0299321796" lon="8.6964830176">
				<ele>1381.7</ele>
			</trkpt>
			<trkpt lat="47.0298712202" lon="8.6965717540">
				<ele>1382.9</ele>
			</trkpt>
			<trkpt lat="47.0298306609" lon="8.6966243948">
				<ele>1383.9</ele>
			</trkpt>
			<trkpt lat="47.0297869504" lon="8.6966599307">
				<ele>1385.1</ele>
			</trkpt>
			<trkpt lat="47.0297450960" lon="8.6966784342">
				<ele>1386.2</ele>
			</trkpt>
			<trkpt lat="47.0297133965" lon="8.6966825861">
				<ele>1386.7</ele>
			</trkpt>
			<trkpt lat="47.0296915237" lon="8.6967015582">
				<ele>1386.7</ele>
			</trkpt>
			<trkpt lat="47.0296694641" lon="8.6967375824">
				<ele>1386.7</ele>
			</trkpt>
			<trkpt lat="47.0296219354" lon="8.6968168939">
				<ele>1387.3</ele>
			</trkpt>
			<trkpt lat="47.0295914956" lon="8.6968576104">
				<ele>1387.5</ele>
			</trkpt>
			<trkpt lat="47.0295409675" lon="8.6969075821">
				<ele>1388.0</ele>
			</trkpt>
			<trkpt lat="47.0294801233" lon="8.6969865808">
				<ele>1389.1</ele>
			</trkpt>
			<trkpt lat="47.0294461677" lon="8.6970442711">
				<ele>1389.5</ele>
			</trkpt>
			<trkpt lat="47.0294021188" lon="8.6971114703">
				<ele>1389.8</ele>
			</trkpt>
			<trkpt lat="47.0293721935" lon="8.6971407339">
				<ele>1390.0</ele>
			</trkpt>
			<trkpt lat="47.0293583195" lon="8.6971543078">
				<ele>1390.1</ele>
			</trkpt>
			<trkpt lat="47.0292995360" lon="8.6971967938">
				<ele>1390.5</ele>
			</trkpt>
			<trkpt lat="47.0292522563" lon="8.6972541648">
				<ele>1390.9</ele>
			</trkpt>
			<trkpt lat="47.0292101079" lon="8.6972994628">
				<ele>1391.6</ele>
			</trkpt>
			<trkpt lat="47.0291732953" lon="8.6973132272">
				<ele>1392.2</ele>
			</trkpt>
			<trkpt lat="47.0291265499" lon="8.6973218696">
				<ele>1393.3</ele>
			</trkpt>
			<trkpt lat="47.0290763066" lon="8.6973450580">
				<ele>1394.4</ele>
			</trkpt>
			<trkpt lat="47.0290427514" lon="8.6973662159">
				<ele>1395.2</ele>
			</trkpt>
			<trkpt lat="47.0290257160" lon="8.6973999161">
				<ele>1395.8</ele>
			</trkpt>
			<trkpt lat="47.0290169440" lon="8.6974411403">
				<ele>1396.5</ele>
			</trkpt>
			<trkpt lat="47.0290161691" lon="8.6975117888">
				<ele>1397.1</ele>
			</trkpt>
			<trkpt lat="47.0290102544" lon="8.6975944843">
				<ele>1397.7</ele>
			</trkpt>
			<trkpt lat="47.0289785852" lon="8.6977472676">
				<ele>1399.1</ele>
			</trkpt>
			<trkpt lat="47.0289520646" lon="8.6978879657">
				<ele>1399.9</ele>
			</trkpt>
			<trkpt lat="47.0289295411" lon="8.6979654272">
				<ele>1400.7</ele>
			</trkpt>
			<trkpt lat="47.0289005914" lon="8.6980232339">
				<ele>1401.5</ele>
			</trkpt>
			<trkpt lat="47.0288785493" lon="8.6980568163">
				<ele>1402.0</ele>
			</trkpt>
			<trkpt lat="47.0288616415" lon="8.6980756535">
				<ele>1402.0</ele>
			</trkpt>
			<trkpt lat="47.0288465564" lon="8.6981021269">
				<ele>1402.5</ele>
			</trkpt>
			<trkpt lat="47.0288382245" lon="8.6980888131">
				<ele>1402.7</ele>
			</trkpt>
			<trkpt lat="47.0288377464" lon="8.6980531216">
				<ele>1402.7</ele>
			</trkpt>
			<trkpt lat="47.0288303251" lon="8.6979624172">
				<ele>1403.0</ele>
			</trkpt>
			<trkpt lat="47.0288067158" lon="8.6978033260">
				<ele>1405.1</ele>
			</trkpt>
			<trkpt lat="47.0287738503" lon="8.6976831284">
				<ele>1406.5</ele>
			</trkpt>
			<trkpt lat="47.0287619440" lon="8.6976448753">
				<ele>1406.9</ele>
			</trkpt>
			<trkpt lat="47.0287556475" lon="8.6975837617">
				<ele>1407.2</ele>
			</trkpt>
			<trkpt lat="47.0287531009" lon="8.6975307857">
				<ele>1407.6</ele>
			</trkpt>
			<trkpt lat="47.0287590286" lon="8.6974757344">
				<ele>1407.8</ele>
			</trkpt>
			<trkpt lat="47.0287566323" lon="8.6974066435">
				<ele>1408.0</ele>
			</trkpt>
			<trkpt lat="47.0287475380" lon="8.6973178595">
				<ele>1408.3</ele>
			</trkpt>
			<trkpt lat="47.0287302291" lon="8.6972058391">
				<ele>1408.9</ele>
			</trkpt>
			<trkpt lat="47.0287133495" lon="8.6971283718">
				<ele>1409.8</ele>
			</trkpt>
			<trkpt lat="47.0286908139" lon="8.6970771883">
				<ele>1410.6</ele>
			</trkpt>
			<trkpt lat="47.0286671775" lon="8.6970542711">
				<ele>1411.2</ele>
			</trkpt>
			<trkpt lat="47.0286456874" lon="8.6970391326">
				<ele>1411.5</ele>
			</trkpt>
			<trkpt lat="47.0286294263" lon="8.6970022039">
				<ele>1411.7</ele>
			</trkpt>
			<trkpt lat="47.0286218476" lon="8.6969338075">
				<ele>1412.0</ele>
			</trkpt>
			<trkpt lat="47.0286243711" lon="8.6968558770">
				<ele>1412.4</ele>
			</trkpt>
			<trkpt lat="47.0286350428" lon="8.6967952065">
				<ele>1413.1</ele>
			</trkpt>
			<trkpt lat="47.0286339706" lon="8.6967391366">
				<ele>1413.3</ele>
			</trkpt>
			<trkpt lat="47.0286152171" lon="8.6966266138">
				<ele>1413.8</ele>
			</trkpt>
			<trkpt lat="47.0286241576" lon="8.6965707724">
				<ele>1414.0</ele>
			</trkpt>
			<trkpt lat="47.0286316249" lon="8.6964978528">
				<ele>1414.5</ele>
			</trkpt>
			<trkpt lat="47.0286221103" lon="8.6964537653">
				<ele>1415.0</ele>
			</trkpt>
			<trkpt lat="47.0285830990" lon="8.6963651347">
				<ele>1416.2</ele>
			</trkpt>
			<trkpt lat="47.0285702022" lon="8.6963258311">
				<ele>1416.7</ele>
			</trkpt>
			<trkpt lat="47.0285595169" lon="8.6962354363">
				<ele>1417.5</ele>
			</trkpt>
			<trkpt lat="47.0285220231" lon="8.6961614437">
				<ele>1417.5</ele>
			</trkpt>
			<trkpt lat="47.0284811385" lon="8.6960898193">
				<ele>1417.9</ele>
			</trkpt>
			<trkpt lat="47.0284374764" lon="8.6959693961">
				<ele>1419.1</ele>
			</trkpt>
			<trkpt lat="47.0284246860" lon="8.6959203690">
				<ele>1420.2</ele>
			</trkpt>
			<trkpt lat="47.0284236577" lon="8.6958618592">
				<ele>1421.4</ele>
			</trkpt>
			<trkpt lat="47.0284295625" lon="8.6957791514">
				<ele>1423.0</ele>
			</trkpt>
			<trkpt lat="47.0284409718" lon="8.6956502735">
				<ele>1425.4</ele>
			</trkpt>
			<trkpt lat="47.0284618161" lon="8.6955727788">
				<ele>1427.2</ele>
			</trkpt>
			<trkpt lat="47.0284965178" lon="8.6954468813">
				<ele>1430.0</ele>
			</trkpt>
			<trkpt lat="47.0285348505" lon="8.6952942540">
				<ele>1433.2</ele>
			</trkpt>
			<trkpt lat="47.0285712297" lon="8.6951659735">
				<ele>1436.3</ele>
			</trkpt>
			<trkpt lat="47.0286231795" lon="8.6949868631">
				<ele>1440.6</ele>
			</trkpt>
			<trkpt lat="47.0286546228" lon="8.6948535842">
				<ele>1443.6</ele>
			</trkpt>
			<trkpt lat="47.0286881257" lon="8.6946862408">
				<ele>1448.0</ele>
			</trkpt>
			<trkpt lat="47.0287087294" lon="8.6946306720">
				<ele>1449.3</ele>
			</trkpt>
			<trkpt lat="47.0287091294" lon="8.6945941212">
				<ele>1450.6</ele>
			</trkpt>
			<trkpt lat="47.0287009362" lon="8.6945817427">
				<ele>1451.2</ele>
			</trkpt>
			<trkpt lat="47.0286708438" lon="8.6945907901">
				<ele>1452.3</ele>
			</trkpt>
			<trkpt lat="47.0286019328" lon="8.6946452214">
				<ele>1454.9</ele>
			</trkpt>
			<trkpt lat="47.0285718135" lon="8.6946567159">
				<ele>1455.9</ele>
			</trkpt>
			<trkpt lat="47.0285385344" lon="8.6946535019">
				<ele>1457.4</ele>
			</trkpt>
			<trkpt lat="47.0285166531" lon="8.6946724741">
				<ele>1458.0</ele>
			</trkpt>
			<trkpt lat="47.0284845541" lon="8.6947131522">
				<ele>1458.7</ele>
			</trkpt>
			<trkpt lat="47.0284560152" lon="8.6947319685">
				<ele>1459.6</ele>
			</trkpt>
			<trkpt lat="47.0284531130" lon="8.6946929057">
				<ele>1460.5</ele>
			</trkpt>
			<trkpt lat="47.0284657900" lon="8.6946006174">
				<ele>1463.6</ele>
			</trkpt>
			<trkpt lat="47.0284712230" lon="8.6945617497">
				<ele>1464.6</ele>
			</trkpt>
			<trkpt lat="47.0284619206" lon="8.6944981832">
				<ele>1466.4</ele>
			</trkpt>
			<trkpt lat="47.0284960261" lon="8.6944258808">
				<ele>1467.8</ele>
			</trkpt>
			<trkpt lat="47.0285017790" lon="8.6943577713">
				<ele>1469.0</ele>
			</trkpt>
			<trkpt lat="47.0285378639" lon="8.6942562851">
				<ele>1470.7</ele>
			</trkpt>
			<trkpt lat="47.0285802864" lon="8.6941866248">
				<ele>1472.8</ele>
			</trkpt>
			<trkpt lat="47.0286343733" lon="8.6941172116">
				<ele>1475.8</ele>
			</trkpt>
			<trkpt lat="47.0285743751" lon="8.6941182423">
				<ele>1478.7</ele>
			</trkpt>
			<trkpt lat="47.0284908445" lon="8.6941382196">
				<ele>1481.7</ele>
			</trkpt>
			<trkpt lat="47.0284792336" lon="8.6941330783">
				<ele>1482.1</ele>
			</trkpt>
			<trkpt lat="47.0284928508" lon="8.6941065888">
				<ele>1483.2</ele>
			</trkpt>
			<trkpt lat="47.0285717836" lon="8.6940499502">
				<ele>1486.3</ele>
			</trkpt>
			<trkpt lat="47.0285802965" lon="8.6940330997">
				<ele>1486.8</ele>
			</trkpt>
			<trkpt lat="47.0285636703" lon="8.6940302758">
				<ele>1487.4</ele>
			</trkpt>
			<trkpt lat="47.0285070451" lon="8.6940289507">
				<ele>1489.3</ele>
			</trkpt>
			<trkpt lat="47.0284807258" lon="8.6939966572">
				<ele>1490.8</ele>
			</trkpt>
			<trkpt lat="47.0284210473" lon="8.6939684591">
				<ele>1493.0</ele>
			</trkpt>
			<trkpt lat="47.0284212607" lon="8.6939489538">
				<ele>1493.7</ele>
			</trkpt>
			<trkpt lat="47.0284515661" lon="8.6939204265">
				<ele>1494.8</ele>
			</trkpt>
			<trkpt lat="47.0284831673" lon="8.6939260484">
				<ele>1495.0</ele>
			</trkpt>
			<trkpt lat="47.0285503382" lon="8.6938788733">
				<ele>1498.2</ele>
			</trkpt>
			<trkpt lat="47.0286305577" lon="8.6938563962">
				<ele>1500.9</ele>
			</trkpt>
			<trkpt lat="47.0286308774" lon="8.6938271543">
				<ele>1501.4</ele>
			</trkpt>
			<trkpt lat="47.0285944116" lon="8.6938092514">
				<ele>1503.5</ele>
			</trkpt>
			<trkpt lat="47.0285267265" lon="8.6937516232">
				<ele>1506.3</ele>
			</trkpt>
			<trkpt lat="47.0284423883" lon="8.6936935990">
				<ele>1508.8</ele>
			</trkpt>
			<trkpt lat="47.0283809966" lon="8.6936702307">
				<ele>1510.8</ele>
			</trkpt>
			<trkpt lat="47.0283196226" lon="8.6936444281">
				<ele>1513.3</ele>
			</trkpt>
			<trkpt lat="47.0282513601" lon="8.6936403964">
				<ele>1516.2</ele>
			</trkpt>
			<trkpt lat="47.0282181698" lon="8.6936274398">
				<ele>1517.9</ele>
			</trkpt>
			<trkpt lat="47.0282033989" lon="8.6936075969">
				<ele>1518.8</ele>
			</trkpt>
			<trkpt lat="47.0282141328" lon="8.6935892951">
				<ele>1519.8</ele>
			</trkpt>
			<trkpt lat="47.0282387553" lon="8.6935743053">
				<ele>1520.3</ele>
			</trkpt>
			<trkpt lat="47.0282706318" lon="8.6935531318">
				<ele>1521.4</ele>
			</trkpt>
			<trkpt lat="47.0282710580" lon="8.6935141471">
				<ele>1523.2</ele>
			</trkpt>
			<trkpt lat="47.0282397140" lon="8.6934866124">
				<ele>1525.4</ele>
			</trkpt>
			<trkpt lat="47.0282214633" lon="8.6934788877">
				<ele>1525.9</ele>
			</trkpt>
			<trkpt lat="47.0282300562" lon="8.6934547091">
				<ele>1526.9</ele>
			</trkpt>
			<trkpt lat="47.0282585595" lon="8.6934383261">
				<ele>1528.5</ele>
			</trkpt>
			<trkpt lat="47.0283066806" lon="8.6934565013">
				<ele>1528.7</ele>
			</trkpt>
			<trkpt lat="47.0283715432" lon="8.6934677639">
				<ele>1531.7</ele>
			</trkpt>
			<trkpt lat="47.0284246086" lon="8.6934909373">
				<ele>1534.0</ele>
			</trkpt>
			<trkpt lat="47.0284609944" lon="8.6935161553">
				<ele>1535.1</ele>
			</trkpt>
			<trkpt lat="47.0284791829" lon="8.6935287674">
				<ele>1535.7</ele>
			</trkpt>
			<trkpt lat="47.0284826804" lon="8.6935142278">
				<ele>1536.6</ele>
			</trkpt>
			<trkpt lat="47.0284599028" lon="8.6934625200">
				<ele>1537.7</ele>
			</trkpt>
			<trkpt lat="47.0284206764" lon="8.6933933714">
				<ele>1539.8</ele>
			</trkpt>
			<trkpt lat="47.0284029404" lon="8.6933393533">
				<ele>1541.6</ele>
			</trkpt>
			<trkpt lat="47.0284592813" lon="8.6933674855">
				<ele>1543.3</ele>
			</trkpt>
			<trkpt lat="47.0284923651" lon="8.6933901785">
				<ele>1544.8</ele>
			</trkpt>
			<trkpt lat="47.0285186405" lon="8.6934248927">
				<ele>1546.0</ele>
			</trkpt>
			<trkpt lat="47.0285123556" lon="8.6933906461">
				<ele>1546.8</ele>
			</trkpt>
			<trkpt lat="47.0284996088" lon="8.6933367318">
				<ele>1548.0</ele>
			</trkpt>
			<trkpt lat="47.0284784108" lon="8.6932948193">
				<ele>1549.2</ele>
			</trkpt>
			<trkpt lat="47.0284388026" lon="8.6932597806">
				<ele>1550.6</ele>
			</trkpt>
			<trkpt lat="47.0284124653" lon="8.6932299154">
				<ele>1551.2</ele>
			</trkpt>
			<trkpt lat="47.0283849650" lon="8.6931537369">
				<ele>1552.7</ele>
			</trkpt>
			<trkpt lat="47.0283773661" lon="8.6930877757">
				<ele>1554.0</ele>
			</trkpt>
			<trkpt lat="47.0283728477" lon="8.6930438059">
				<ele>1554.9</ele>
			</trkpt>
			<trkpt lat="47.0283514812" lon="8.6930165111">
				<ele>1555.4</ele>
			</trkpt>
			<trkpt lat="47.0282989571" lon="8.6929446045">
				<ele>1557.5</ele>
			</trkpt>
			<trkpt lat="47.0282659000" lon="8.6929194648">
				<ele>1558.1</ele>
			</trkpt>
			<trkpt lat="47.0282229097" lon="8.6928892104">
				<ele>1559.8</ele>
			</trkpt>
			<trkpt lat="47.0282048009" lon="8.6928693026">
				<ele>1560.3</ele>
			</trkpt>
			<trkpt lat="47.0281935362" lon="8.6928324795">
				<ele>1561.3</ele>
			</trkpt>
			<trkpt lat="47.0282550965" lon="8.6928412422">
				<ele>1564.0</ele>
			</trkpt>
			<trkpt lat="47.0283018684" lon="8.6928301426">
				<ele>1565.6</ele>
			</trkpt>
			<trkpt lat="47.0282856679" lon="8.6927883474">
				<ele>1567.2</ele>
			</trkpt>
			<trkpt lat="47.0282494149" lon="8.6927509529">
				<ele>1568.9</ele>
			</trkpt>
			<trkpt lat="47.0281967487" lon="8.6926912363">
				<ele>1571.1</ele>
			</trkpt>
			<trkpt lat="47.0281753910" lon="8.6926639355">
				<ele>1572.4</ele>
			</trkpt>
			<trkpt lat="47.0281518579" lon="8.6925293587">
				<ele>1574.8</ele>
			</trkpt>
			<trkpt lat="47.0281620662" lon="8.6925100999">
				<ele>1575.6</ele>
			</trkpt>
			<trkpt lat="47.0281898594" lon="8.6925594960">
				<ele>1577.4</ele>
			</trkpt>
			<trkpt lat="47.0282342526" lon="8.6926141366">
				<ele>1578.7</ele>
			</trkpt>
			<trkpt lat="47.0282826752" lon="8.6926055295">
				<ele>1581.1</ele>
			</trkpt>
			<trkpt lat="47.0282633682" lon="8.6925417040">
				<ele>1583.5</ele>
			</trkpt>
			<trkpt lat="47.0282376426" lon="8.6924558221">
				<ele>1585.1</ele>
			</trkpt>
			<trkpt lat="47.0282386538" lon="8.6923632481">
				<ele>1587.9</ele>
			</trkpt>
			<trkpt lat="47.0282249116" lon="8.6922483972">
				<ele>1590.3</ele>
			</trkpt>
			<trkpt lat="47.0282077691" lon="8.6921407970">
				<ele>1591.6</ele>
			</trkpt>
			<trkpt lat="47.0281984036" lon="8.6920820991">
				<ele>1592.4</ele>
			</trkpt>
			<trkpt lat="47.0282167519" lon="8.6920800930">
				<ele>1593.3</ele>
			</trkpt>
			<trkpt lat="47.0282464896" lon="8.6921027070">
				<ele>1594.9</ele>
			</trkpt>
			<trkpt lat="47.0282856990" lon="8.6921742889">
				<ele>1597.0</ele>
			</trkpt>
			<trkpt lat="47.0283246955" lon="8.6922653632">
				<ele>1599.7</ele>
			</trkpt>
			<trkpt lat="47.0283589073" lon="8.6923368220">
				<ele>1601.7</ele>
			</trkpt>
			<trkpt lat="47.0283456971" lon="8.6921732561">
				<ele>1604.4</ele>
			</trkpt>
			<trkpt lat="47.0283391620" lon="8.6920098397">
				<ele>1607.9</ele>
			</trkpt>
			<trkpt lat="47.0283305500" lon="8.6918829285">
				<ele>1610.0</ele>
			</trkpt>
			<trkpt lat="47.0283070246" lon="8.6917483646">
				<ele>1611.9</ele>
			</trkpt>
			<trkpt lat="47.0283124214" lon="8.6917119243">
				<ele>1612.6</ele>
			</trkpt>
			<trkpt lat="47.0283405966" lon="8.6917247690">
				<ele>1614.0</ele>
			</trkpt>
			<trkpt lat="47.0283632864" lon="8.6917837782">
				<ele>1614.8</ele>
			</trkpt>
			<trkpt lat="47.0284124911" lon="8.6918556063">
				<ele>1617.9</ele>
			</trkpt>
			<trkpt lat="47.0284360519" lon="8.6919072609">
				<ele>1619.2</ele>
			</trkpt>
			<trkpt lat="47.0284483416" lon="8.6919113898">
				<ele>1619.5</ele>
			</trkpt>
			<trkpt lat="47.0284515226" lon="8.6918895961">
				<ele>1620.0</ele>
			</trkpt>
			<trkpt lat="47.0284454299" lon="8.6918554057">
				<ele>1620.7</ele>
			</trkpt>
			<trkpt lat="47.0284357482" lon="8.6918015120">
				<ele>1621.4</ele>
			</trkpt>
			<trkpt lat="47.0284284616" lon="8.6917551584">
				<ele>1622.6</ele>
			</trkpt>
			<trkpt lat="47.0284214365" lon="8.6916864613">
				<ele>1623.5</ele>
			</trkpt>
			<trkpt lat="47.0284276804" lon="8.6916335756">
				<ele>1625.0</ele>
			</trkpt>
			<trkpt lat="47.0284228223" lon="8.6915900990">
				<ele>1625.3</ele>
			</trkpt>
			<trkpt lat="47.0284272277" lon="8.6915599634">
				<ele>1626.7</ele>
			</trkpt>
			<trkpt lat="47.0284263016" lon="8.6915063706">
				<ele>1627.7</ele>
			</trkpt>
			<trkpt lat="47.0284155474" lon="8.6914678185">
				<ele>1628.9</ele>
			</trkpt>
			<trkpt lat="47.0284056737" lon="8.6914483925">
				<ele>1629.1</ele>
			</trkpt>
			<trkpt lat="47.0283988387" lon="8.6914202235">
				<ele>1629.4</ele>
			</trkpt>
			<trkpt lat="47.0283991471" lon="8.6913573510">
				<ele>1631.0</ele>
			</trkpt>
			<trkpt lat="47.0283957467" lon="8.6913227802">
				<ele>1631.8</ele>
			</trkpt>
			<trkpt lat="47.0283889423" lon="8.6912918046">
				<ele>1632.4</ele>
			</trkpt>
			<trkpt lat="47.0284121423" lon="8.6913032803">
				<ele>1633.0</ele>
			</trkpt>
			<trkpt lat="47.0284413146" lon="8.6913591965">
				<ele>1634.4</ele>
			</trkpt>
			<trkpt lat="47.0284757205" lon="8.6914097038">
				<ele>1636.1</ele>
			</trkpt>
			<trkpt lat="47.0285063773" lon="8.6914358530">
				<ele>1637.6</ele>
			</trkpt>
			<trkpt lat="47.0285300586" lon="8.6914635996">
				<ele>1638.7</ele>
			</trkpt>
			<trkpt lat="47.0285658333" lon="8.6915448466">
				<ele>1641.0</ele>
			</trkpt>
			<trkpt lat="47.0286077603" lon="8.6916725301">
				<ele>1644.6</ele>
			</trkpt>
			<trkpt lat="47.0286481248" lon="8.6917904318">
				<ele>1647.0</ele>
			</trkpt>
			<trkpt lat="47.0286665084" lon="8.6917859917">
				<ele>1648.3</ele>
			</trkpt>
			<trkpt lat="47.0286645891" lon="8.6916568012">
				<ele>1650.0</ele>
			</trkpt>
			<trkpt lat="47.0286646491" lon="8.6914984076">
				<ele>1653.5</ele>
			</trkpt>
			<trkpt lat="47.0286630396" lon="8.6913399942">
				<ele>1655.9</ele>
			</trkpt>
			<trkpt lat="47.0286425589" lon="8.6912322962">
				<ele>1657.8</ele>
			</trkpt>
			<trkpt lat="47.0286342118" lon="8.6910810235">
				<ele>1660.6</ele>
			</trkpt>
			<trkpt lat="47.0286005098" lon="8.6909632747">
				<ele>1662.5</ele>
			</trkpt>
			<trkpt lat="47.0285847297" lon="8.6908824931">
				<ele>1664.6</ele>
			</trkpt>
			<trkpt lat="47.0285426469" lon="8.6907694153">
				<ele>1667.0</ele>
			</trkpt>
			<trkpt lat="47.0284990933" lon="8.6906368187">
				<ele>1669.9</ele>
			</trkpt>
			<trkpt lat="47.0284584620" lon="8.6905432725">
				<ele>1671.7</ele>
			</trkpt>
			<trkpt lat="47.0284341933" lon="8.6904769226">
				<ele>1672.5</ele>
			</trkpt>
			<trkpt lat="47.0284314237" lon="8.6904256798">
				<ele>1673.4</ele>
			</trkpt>
			<trkpt lat="47.0284610552" lon="8.6904580520">
				<ele>1674.9</ele>
			</trkpt>
			<trkpt lat="47.0284986522" lon="8.6905247258">
				<ele>1676.8</ele>
			</trkpt>
			<trkpt lat="47.0285781838" lon="8.6905655525">
				<ele>1680.1</ele>
			</trkpt>
			<trkpt lat="47.0286586344" lon="8.6906746577">
				<ele>1683.1</ele>
			</trkpt>
			<trkpt lat="47.0287485553" lon="8.6908327023">
				<ele>1686.9</ele>
			</trkpt>
			<trkpt lat="47.0287977288" lon="8.6909069497">
				<ele>1689.0</ele>
			</trkpt>
			<trkpt lat="47.0287678328" lon="8.6907454234">
				<ele>1692.3</ele>
			</trkpt>
			<trkpt lat="47.0287371933" lon="8.6906521242">
				<ele>1694.6</ele>
			</trkpt>
			<trkpt lat="47.0288113871" lon="8.6907245205">
				<ele>1697.7</ele>
			</trkpt>
			<trkpt lat="47.0287763834" lon="8.6905726382">
				<ele>1701.2</ele>
			</trkpt>
			<trkpt lat="47.0287704103" lon="8.6905091224">
				<ele>1702.2</ele>
			</trkpt>
			<trkpt lat="47.0288214332" lon="8.6905663611">
				<ele>1704.6</ele>
			</trkpt>
			<trkpt lat="47.0288640397" lon="8.6906331651">
				<ele>1707.1</ele>
			</trkpt>
			<trkpt lat="47.0288947777" lon="8.6907167180">
				<ele>1709.2</ele>
			</trkpt>
			<trkpt lat="47.0289359415" lon="8.6907615434">
				<ele>1710.7</ele>
			</trkpt>
			<trkpt lat="47.0290369970" lon="8.6908150824">
				<ele>1713.8</ele>
			</trkpt>
			<trkpt lat="47.0290650005" lon="8.6908449712">
				<ele>1714.6</ele>
			</trkpt>
			<trkpt lat="47.0290939942" lon="8.6909358106">
				<ele>1716.3</ele>
			</trkpt>
			<trkpt lat="47.0291463180" lon="8.6910271836">
				<ele>1719.3</ele>
			</trkpt>
			<trkpt lat="47.0291918700" lon="8.6911281620">
				<ele>1722.2</ele>
			</trkpt>
			<trkpt lat="47.0292205001" lon="8.6912530950">
				<ele>1725.1</ele>
			</trkpt>
			<trkpt lat="47.0292480726" lon="8.6913219709">
				<ele>1726.7</ele>
			</trkpt>
			<trkpt lat="47.0292969586" lon="8.6914230292">
				<ele>1729.7</ele>
			</trkpt>
			<trkpt lat="47.0293198702" lon="8.6914601248">
				<ele>1730.7</ele>
			</trkpt>
			<trkpt lat="47.0293011917" lon="8.6913402614">
				<ele>1732.1</ele>
			</trkpt>
			<trkpt lat="47.0293162641" lon="8.6913333153">
				<ele>1732.9</ele>
			</trkpt>
			<trkpt lat="47.0293812801" lon="8.6914834787">
				<ele>1736.5</ele>
			</trkpt>
			<trkpt lat="47.0293930684" lon="8.6914715670">
				<ele>1736.9</ele>
			</trkpt>
			<trkpt lat="47.0293872794" lon="8.6913910191">
				<ele>1738.4</ele>
			</trkpt>
			<trkpt lat="47.0293701189" lon="8.6912833907">
				<ele>1740.2</ele>
			</trkpt>
			<trkpt lat="47.0293699211" lon="8.6911493690">
				<ele>1742.6</ele>
			</trkpt>
			<trkpt lat="47.0293468728" lon="8.6909709491">
				<ele>1745.4</ele>
			</trkpt>
			<trkpt lat="47.0293243227" lon="8.6908997572">
				<ele>1746.3</ele>
			</trkpt>
			<trkpt lat="47.0293199158" lon="8.6908460390">
				<ele>1747.4</ele>
			</trkpt>
			<trkpt lat="47.0293331557" lon="8.6908536637">
				<ele>1747.5</ele>
			</trkpt>
			<trkpt lat="47.0293789037" lon="8.6909375935">
				<ele>1749.1</ele>
			</trkpt>
			<trkpt lat="47.0294362192" lon="8.6910290835">
				<ele>1751.6</ele>
			</trkpt>
			<trkpt lat="47.0294658329" lon="8.6910638911">
				<ele>1753.0</ele>
			</trkpt>
			<trkpt lat="47.0295537405" lon="8.6911000436">
				<ele>1756.4</ele>
			</trkpt>
			<trkpt lat="47.0296085993" lon="8.6911110765">
				<ele>1758.1</ele>
			</trkpt>
			<trkpt lat="47.0296655609" lon="8.6910831693">
				<ele>1760.8</ele>
			</trkpt>
			<trkpt lat="47.0297037668" lon="8.6910938134">
				<ele>1762.8</ele>
			</trkpt>
			<trkpt lat="47.0297566199" lon="8.6911364779">
				<ele>1764.5</ele>
			</trkpt>
			<trkpt lat="47.0297995223" lon="8.6911740147">
				<ele>1766.3</ele>
			</trkpt>
			<trkpt lat="47.0298012270" lon="8.6911458067">
				<ele>1767.0</ele>
			</trkpt>
			<trkpt lat="47.0297870911" lon="8.6910967160">
				<ele>1767.9</ele>
			</trkpt>
			<trkpt lat="47.0297747503" lon="8.6910734705">
				<ele>1768.6</ele>
			</trkpt>
			<trkpt lat="47.0297553951" lon="8.6910499553">
				<ele>1769.1</ele>
			</trkpt>
			<trkpt lat="47.0297580404" lon="8.6910326104">
				<ele>1769.9</ele>
			</trkpt>
			<trkpt lat="47.0297674489" lon="8.6910261326">
				<ele>1770.3</ele>
			</trkpt>
			<trkpt lat="47.0297934015" lon="8.6910378044">
				<ele>1770.9</ele>
			</trkpt>
			<trkpt lat="47.0298240383" lon="8.6910572017">
				<ele>1772.0</ele>
			</trkpt>
			<trkpt lat="47.0298484359" lon="8.6910687713">
				<ele>1772.9</ele>
			</trkpt>
			<trkpt lat="47.0298620930" lon="8.6910901925">
				<ele>1773.4</ele>
			</trkpt>
			<trkpt lat="47.0299430506" lon="8.6911529983">
				<ele>1776.5</ele>
			</trkpt>
			<trkpt lat="47.0299593571" lon="8.6911762754">
				<ele>1777.2</ele>
			</trkpt>
			<trkpt lat="47.0299733419" lon="8.6911812467">
				<ele>1777.5</ele>
			</trkpt>
			<trkpt lat="47.0299794314" lon="8.6911650325">
				<ele>1777.9</ele>
			</trkpt>
			<trkpt lat="47.0299755905" lon="8.6911329881">
				<ele>1778.6</ele>
			</trkpt>
			<trkpt lat="47.0299573965" lon="8.6910958931">
				<ele>1779.0</ele>
			</trkpt>
			<trkpt lat="47.0299386786" lon="8.6910587602">
				<ele>1779.7</ele>
			</trkpt>
			<trkpt lat="47.0299311354" lon="8.6910237175">
				<ele>1780.8</ele>
			</trkpt>
			<trkpt lat="47.0299363935" lon="8.6909894877">
				<ele>1781.8</ele>
			</trkpt>
			<trkpt lat="47.0299547528" lon="8.6909740481">
				<ele>1782.6</ele>
			</trkpt>
			<trkpt lat="47.0299848921" lon="8.6909953032">
				<ele>1782.9</ele>
			</trkpt>
			<trkpt lat="47.0300292352" lon="8.6910727674">
				<ele>1784.7</ele>
			</trkpt>
			<trkpt lat="47.0300712314" lon="8.6911633084">
				<ele>1790.8</ele>
			</trkpt>
			<trkpt lat="47.0301072191" lon="8.6912250646">
				<ele>1792.7</ele>
			</trkpt>
			<trkpt lat="47.0301478498" lon="8.6913186142">
				<ele>1795.0</ele>
			</trkpt>
			<trkpt lat="47.0301673261" lon="8.6913653823">
				<ele>1795.8</ele>
			</trkpt>
			<trkpt lat="47.0301649014" lon="8.6912824641">
				<ele>1797.7</ele>
			</trkpt>
			<trkpt lat="47.0301620159" lon="8.6912409659">
				<ele>1798.6</ele>
			</trkpt>
			<trkpt lat="47.0301411185" lon="8.6911722447">
				<ele>1800.1</ele>
			</trkpt>
			<trkpt lat="47.0301527738" lon="8.6911725168">
				<ele>1800.4</ele>
			</trkpt>
			<trkpt lat="47.0301887082" lon="8.6912391543">
				<ele>1801.9</ele>
			</trkpt>
			<trkpt lat="47.0302096586" lon="8.6913029943">
				<ele>1803.2</ele>
			</trkpt>
			<trkpt lat="47.0302361560" lon="8.6913182414">
				<ele>1804.1</ele>
			</trkpt>
			<trkpt lat="47.0302626622" lon="8.6913334823">
				<ele>1805.2</ele>
			</trkpt>
			<trkpt lat="47.0302822984" lon="8.6913656066">
				<ele>1805.7</ele>
			</trkpt>
			<trkpt lat="47.0303055909" lon="8.6913686111">
				<ele>1806.4</ele>
			</trkpt>
			<trkpt lat="47.0303191013" lon="8.6913518505">
				<ele>1806.8</ele>
			</trkpt>
			<trkpt lat="47.0303195265" lon="8.6913128901">
				<ele>1807.4</ele>
			</trkpt>
			<trkpt lat="47.0302937646" lon="8.6912318551">
				<ele>1809.2</ele>
			</trkpt>
			<trkpt lat="47.0302530543" lon="8.6911431859">
				<ele>1812.6</ele>
			</trkpt>
			<trkpt lat="47.0302165309" lon="8.6910967073">
				<ele>1813.1</ele>
			</trkpt>
			<trkpt lat="47.0301852460" lon="8.6910655687">
				<ele>1813.2</ele>
			</trkpt>
			<trkpt lat="47.0301549248" lon="8.6910304422">
				<ele>1813.4</ele>
			</trkpt>
			<trkpt lat="47.0301305954" lon="8.6909944951">
				<ele>1813.7</ele>
			</trkpt>
			<trkpt lat="47.0301076144" lon="8.6909586181">
				<ele>1814.7</ele>
			</trkpt>
			<trkpt lat="47.0300879893" lon="8.6909112156">
				<ele>1816.3</ele>
			</trkpt>
			<trkpt lat="47.0300814256" lon="8.6908844847">
				<ele>1817.5</ele>
			</trkpt>
			<trkpt lat="47.0300656076" lon="8.6908245263">
				<ele>1819.9</ele>
			</trkpt>
			<trkpt lat="47.0300558094" lon="8.6907438164">
				<ele>1823.1</ele>
			</trkpt>
			<trkpt lat="47.0300404265" lon="8.6907800216">
				<ele>1824.5</ele>
			</trkpt>
			<trkpt lat="47.0300291323" lon="8.6908991579">
				<ele>1826.6</ele>
			</trkpt>
			<trkpt lat="47.0300146350" lon="8.6908525192">
				<ele>1828.1</ele>
			</trkpt>
			<trkpt lat="47.0299872522" lon="8.6907665838">
				<ele>1831.8</ele>
			</trkpt>
			<trkpt lat="47.0299849077" lon="8.6906763761">
				<ele>1834.5</ele>
			</trkpt>
			<trkpt lat="47.0299818459" lon="8.6906519242">
				<ele>1835.5</ele>
			</trkpt>
			<trkpt lat="47.0299681360" lon="8.6906857208">
				<ele>1836.8</ele>
			</trkpt>
			<trkpt lat="47.0299520357" lon="8.6907876946">
				<ele>1839.1</ele>
			</trkpt>
			<trkpt lat="47.0299524504" lon="8.6909022359">
				<ele>1840.5</ele>
			</trkpt>
			<trkpt lat="47.0299453344" lon="8.6909434876">
				<ele>1840.8</ele>
			</trkpt>
			<trkpt lat="47.0299351735" lon="8.6909578819">
				<ele>1841.1</ele>
			</trkpt>
			<trkpt lat="47.0299252341" lon="8.6909527819">
				<ele>1841.4</ele>
			</trkpt>
			<trkpt lat="47.0299139500" lon="8.6909183891">
				<ele>1841.8</ele>
			</trkpt>
			<trkpt lat="47.0299084108" lon="8.6908159103">
				<ele>1843.1</ele>
			</trkpt>
			<trkpt lat="47.0299097661" lon="8.6906916742">
				<ele>1846.0</ele>
			</trkpt>
			<trkpt lat="47.0299109088" lon="8.6905869182">
				<ele>1847.5</ele>
			</trkpt>
			<trkpt lat="47.0299301505" lon="8.6905020824">
				<ele>1849.6</ele>
			</trkpt>
			<trkpt lat="47.0299457633" lon="8.6904463975">
				<ele>1851.3</ele>
			</trkpt>
			<trkpt lat="47.0299382229" lon="8.6903731220">
				<ele>1852.1</ele>
			</trkpt>
			<trkpt lat="47.0299257800" lon="8.6902924150">
				<ele>1854.2</ele>
			</trkpt>
			<trkpt lat="47.0299587481" lon="8.6903248659">
				<ele>1855.1</ele>
			</trkpt>
			<trkpt lat="47.0299574562" lon="8.6902907064">
				<ele>1856.3</ele>
			</trkpt>
			<trkpt lat="47.0299446407" lon="8.6902441086">
				<ele>1857.6</ele>
			</trkpt>
			<trkpt lat="47.0299451188" lon="8.6902002672">
				<ele>1858.6</ele>
			</trkpt>
			<trkpt lat="47.0299678302" lon="8.6901033284">
				<ele>1861.0</ele>
			</trkpt>
			<trkpt lat="47.0299606968" lon="8.6899934983">
				<ele>1862.2</ele>
			</trkpt>
			<trkpt lat="47.0299470230" lon="8.6898713448">
				<ele>1863.6</ele>
			</trkpt>
			<trkpt lat="47.0299465638" lon="8.6897343428">
				<ele>1865.1</ele>
			</trkpt>
			<trkpt lat="47.0299180376" lon="8.6896269869">
				<ele>1868.1</ele>
			</trkpt>
			<trkpt lat="47.0298865783" lon="8.6895765465">
				<ele>1869.8</ele>
			</trkpt>
			<trkpt lat="47.0298733090" lon="8.6895501463">
				<ele>1870.6</ele>
			</trkpt>
			<trkpt lat="47.0298770754" lon="8.6895314332">
				<ele>1871.2</ele>
			</trkpt>
			<trkpt lat="47.0298900071" lon="8.6895244190">
				<ele>1871.4</ele>
			</trkpt>
			<trkpt lat="47.0299108153" lon="8.6895244706">
				<ele>1872.0</ele>
			</trkpt>
			<trkpt lat="47.0299326941" lon="8.6895054941">
				<ele>1873.0</ele>
			</trkpt>
			<trkpt lat="47.0299178873" lon="8.6894880713">
				<ele>1873.2</ele>
			</trkpt>
			<trkpt lat="47.0298780947" lon="8.6894700916">
				<ele>1874.3</ele>
			</trkpt>
			<trkpt lat="47.0298533482" lon="8.6894475948">
				<ele>1875.1</ele>
			</trkpt>
			<trkpt lat="47.0298322658" lon="8.6893934890">
				<ele>1876.9</ele>
			</trkpt>
			<trkpt lat="47.0297988370" lon="8.6892513630">
				<ele>1881.4</ele>
			</trkpt>
			<trkpt lat="47.0297689124" lon="8.6890922945">
				<ele>1885.5</ele>
			</trkpt>
			<trkpt lat="47.0297545876" lon="8.6890509732">
				<ele>1886.7</ele>
			</trkpt>
			<trkpt lat="47.0297689124" lon="8.6890922945">
				<ele>1885.5</ele>
			</trkpt>
			<trkpt lat="47.0297988370" lon="8.6892513630">
				<ele>1881.4</ele>
			</trkpt>
			<trkpt lat="47.0298322658" lon="8.6893934890">
				<ele>1876.9</ele>
			</trkpt>
			<trkpt lat="47.0298533482" lon="8.6894475948">
				<ele>1875.1</ele>
			</trkpt>
			<trkpt lat="47.0298780947" lon="8.6894700916">
				<ele>1874.3</ele>
			</trkpt>
			<trkpt lat="47.0299178873" lon="8.6894880713">
				<ele>1873.2</ele>
			</trkpt>
			<trkpt lat="47.0299326941" lon="8.6895054941">
				<ele>1873.0</ele>
			</trkpt>
			<trkpt lat="47.0299108153" lon="8.6895244706">
				<ele>1872.0</ele>
			</trkpt>
			<trkpt lat="47.0298900071" lon="8.6895244190">
				<ele>1871.4</ele>
			</trkpt>
			<trkpt lat="47.0298770754" lon="8.6895314332">
				<ele>1871.2</ele>
			</trkpt>
			<trkpt lat="47.0298733090" lon="8.6895501463">
				<ele>1870.6</ele>
			</trkpt>
			<trkpt lat="47.0298865783" lon="8.6895765465">
				<ele>1869.8</ele>
			</trkpt>
			<trkpt lat="47.0299180376" lon="8.6896269869">
				<ele>1868.1</ele>
			</trkpt>
			<trkpt lat="47.0299465638" lon="8.6897343428">
				<ele>1865.1</ele>
			</trkpt>
			<trkpt lat="47.0299470230" lon="8.6898713448">
				<ele>1863.6</ele>
			</trkpt>
			<trkpt lat="47.0299606968" lon="8.6899934983">
				<ele>1862.2</ele>
			</trkpt>
			<trkpt lat="47.0299678302" lon="8.6901033284">
				<ele>1861.0</ele>
			</trkpt>
			<trkpt lat="47.0299451188" lon="8.6902002672">
				<ele>1858.6</ele>
			</trkpt>
			<trkpt lat="47.0299446407" lon="8.6902441086">
				<ele>1857.6</ele>
			</trkpt>
			<trkpt lat="47.0299574562" lon="8.6902907064">
				<ele>1856.3</ele>
			</trkpt>
			<trkpt lat="47.0299587481" lon="8.6903248659">
				<ele>1855.1</ele>
			</trkpt>
			<trkpt lat="47.0299257800" lon="8.6902924150">
				<ele>1854.2</ele>
			</trkpt>
			<trkpt lat="47.0299382229" lon="8.6903731220">
				<ele>1852.1</ele>
			</trkpt>
			<trkpt lat="47.0299457633" lon="8.6904463975">
				<ele>1851.3</ele>
			</trkpt>
			<trkpt lat="47.0299301505" lon="8.6905020824">
				<ele>1849.6</ele>
			</trkpt>
			<trkpt lat="47.0299109088" lon="8.6905869182">
				<ele>1847.5</ele>
			</trkpt>
			<trkpt lat="47.0299097661" lon="8.6906916742">
				<ele>1846.0</ele>
			</trkpt>
			<trkpt lat="47.0299084108" lon="8.6908159103">
				<ele>1843.1</ele>
			</trkpt>
			<trkpt lat="47.0299139500" lon="8.6909183891">
				<ele>1841.8</ele>
			</trkpt>
			<trkpt lat="47.0299252341" lon="8.6909527819">
				<ele>1841.4</ele>
			</trkpt>
			<trkpt lat="47.0299351735" lon="8.6909578819">
				<ele>1841.1</ele>
			</trkpt>
			<trkpt lat="47.0299453344" lon="8.6909434876">
				<ele>1840.8</ele>
			</trkpt>
			<trkpt lat="47.0299524504" lon="8.6909022359">
				<ele>1840.5</ele>
			</trkpt>
			<trkpt lat="47.0299520357" lon="8.6907876946">
				<ele>1839.1</ele>
			</trkpt>
			<trkpt lat="47.0299681360" lon="8.6906857208">
				<ele>1836.8</ele>
			</trkpt>
			<trkpt lat="47.0299818459" lon="8.6906519242">
				<ele>1835.5</ele>
			</trkpt>
			<trkpt lat="47.0299849077" lon="8.6906763761">
				<ele>1834.5</ele>
			</trkpt>
			<trkpt lat="47.0299872522" lon="8.6907665838">
				<ele>1831.8</ele>
			</trkpt>
			<trkpt lat="47.0300146350" lon="8.6908525192">
				<ele>1828.1</ele>
			</trkpt>
			<trkpt lat="47.0300291323" lon="8.6908991579">
				<ele>1826.6</ele>
			</trkpt>
			<trkpt lat="47.0300404265" lon="8.6907800216">
				<ele>1824.5</ele>
			</trkpt>
			<trkpt lat="47.0300558094" lon="8.6907438164">
				<ele>1823.1</ele>
			</trkpt>
			<trkpt lat="47.0300656076" lon="8.6908245263">
				<ele>1819.9</ele>
			</trkpt>
			<trkpt lat="47.0300814256" lon="8.6908844847">
				<ele>1817.5</ele>
			</trkpt>
			<trkpt lat="47.0300879893" lon="8.6909112156">
				<ele>1816.3</ele>
			</trkpt>
			<trkpt lat="47.0301076144" lon="8.6909586181">
				<ele>1814.7</ele>
			</trkpt>
			<trkpt lat="47.0301305954" lon="8.6909944951">
				<ele>1813.7</ele>
			</trkpt>
			<trkpt lat="47.0301549248" lon="8.6910304422">
				<ele>1813.4</ele>
			</trkpt>
			<trkpt lat="47.0301852460" lon="8.6910655687">
				<ele>1813.2</ele>
			</trkpt>
			<trkpt lat="47.0302165309" lon="8.6910967073">
				<ele>1813.1</ele>
			</trkpt>
			<trkpt lat="47.0302530543" lon="8.6911431859">
				<ele>1812.6</ele>
			</trkpt>
			<trkpt lat="47.0302937646" lon="8.6912318551">
				<ele>1809.2</ele>
			</trkpt>
			<trkpt lat="47.0303195265" lon="8.6913128901">
				<ele>1807.4</ele>
			</trkpt>
			<trkpt lat="47.0303191013" lon="8.6913518505">
				<ele>1806.8</ele>
			</trkpt>
			<trkpt lat="47.0303055909" lon="8.6913686111">
				<ele>1806.4</ele>
			</trkpt>
			<trkpt lat="47.0302822984" lon="8.6913656066">
				<ele>1805.7</ele>
			</trkpt>
			<trkpt lat="47.0302626622" lon="8.6913334823">
				<ele>1805.2</ele>
			</trkpt>
			<trkpt lat="47.0302361560" lon="8.6913182414">
				<ele>1804.1</ele>
			</trkpt>
			<trkpt lat="47.0302096586" lon="8.6913029943">
				<ele>1803.2</ele>
			</trkpt>
			<trkpt lat="47.0301887082" lon="8.6912391543">
				<ele>1801.9</ele>
			</trkpt>
			<trkpt lat="47.0301527738" lon="8.6911725168">
				<ele>1800.4</ele>
			</trkpt>
			<trkpt lat="47.0301411185" lon="8.6911722447">
				<ele>1800.1</ele>
			</trkpt>
			<trkpt lat="47.0301620159" lon="8.6912409659">
				<ele>1798.6</ele>
			</trkpt>
			<trkpt lat="47.0301649014" lon="8.6912824641">
				<ele>1797.7</ele>
			</trkpt>
			<trkpt lat="47.0301673261" lon="8.6913653823">
				<ele>1795.8</ele>
			</trkpt>
			<trkpt lat="47.0301478498" lon="8.6913186142">
				<ele>1795.0</ele>
			</trkpt>
			<trkpt lat="47.0301072191" lon="8.6912250646">
				<ele>1792.7</ele>
			</trkpt>
			<trkpt lat="47.0300712314" lon="8.6911633084">
				<ele>1790.8</ele>
			</trkpt>
			<trkpt lat="47.0300292352" lon="8.6910727674">
				<ele>1784.7</ele>
			</trkpt>
			<trkpt lat="47.0299848921" lon="8.6909953032">
				<ele>1782.9</ele>
			</trkpt>
			<trkpt lat="47.0299547528" lon="8.6909740481">
				<ele>1782.6</ele>
			</trkpt>
			<trkpt lat="47.0299363935" lon="8.6909894877">
				<ele>1781.8</ele>
			</trkpt>
			<trkpt lat="47.0299311354" lon="8.6910237175">
				<ele>1780.8</ele>
			</trkpt>
			<trkpt lat="47.0299386786" lon="8.6910587602">
				<ele>1779.7</ele>
			</trkpt>
			<trkpt lat="47.0299573965" lon="8.6910958931">
				<ele>1779.0</ele>
			</trkpt>
			<trkpt lat="47.0299755905" lon="8.6911329881">
				<ele>1778.6</ele>
			</trkpt>
			<trkpt lat="47.0299794314" lon="8.6911650325">
				<ele>1777.9</ele>
			</trkpt>
			<trkpt lat="47.0299733419" lon="8.6911812467">
				<ele>1777.5</ele>
			</trkpt>
			<trkpt lat="47.0299593571" lon="8.6911762754">
				<ele>1777.2</ele>
			</trkpt>
			<trkpt lat="47.0299430506" lon="8.6911529983">
				<ele>1776.5</ele>
			</trkpt>
			<trkpt lat="47.0298620930" lon="8.6910901925">
				<ele>1773.4</ele>
			</trkpt>
			<trkpt lat="47.0298484359" lon="8.6910687713">
				<ele>1772.9</ele>
			</trkpt>
			<trkpt lat="47.0298240383" lon="8.6910572017">
				<ele>1772.0</ele>
			</trkpt>
			<trkpt lat="47.0297934015" lon="8.6910378044">
				<ele>1770.9</ele>
			</trkpt>
			<trkpt lat="47.0297674489" lon="8.6910261326">
				<ele>1770.3</ele>
			</trkpt>
			<trkpt lat="47.0297580404" lon="8.6910326104">
				<ele>1769.9</ele>
			</trkpt>
			<trkpt lat="47.0297553951" lon="8.6910499553">
				<ele>1769.1</ele>
			</trkpt>
			<trkpt lat="47.0297747503" lon="8.6910734705">
				<ele>1768.6</ele>
			</trkpt>
			<trkpt lat="47.0297870911" lon="8.6910967160">
				<ele>1767.9</ele>
			</trkpt>
			<trkpt lat="47.0298012270" lon="8.6911458067">
				<ele>1767.0</ele>
			</trkpt>
			<trkpt lat="47.0297995223" lon="8.6911740147">
				<ele>1766.3</ele>
			</trkpt>
			<trkpt lat="47.0297566199" lon="8.6911364779">
				<ele>1764.5</ele>
			</trkpt>
			<trkpt lat="47.0297037668" lon="8.6910938134">
				<ele>1762.8</ele>
			</trkpt>
			<trkpt lat="47.0296655609" lon="8.6910831693">
				<ele>1760.8</ele>
			</trkpt>
			<trkpt lat="47.0296085993" lon="8.6911110765">
				<ele>1758.1</ele>
			</trkpt>
			<trkpt lat="47.0295537405" lon="8.6911000436">
				<ele>1756.4</ele>
			</trkpt>
			<trkpt lat="47.0294658329" lon="8.6910638911">
				<ele>1753.0</ele>
			</trkpt>
			<trkpt lat="47.0294362192" lon="8.6910290835">
				<ele>1751.6</ele>
			</trkpt>
			<trkpt lat="47.0293789037" lon="8.6909375935">
				<ele>1749.1</ele>
			</trkpt>
			<trkpt lat="47.0293331557" lon="8.6908536637">
				<ele>1747.5</ele>
			</trkpt>
			<trkpt lat="47.0293199158" lon="8.6908460390">
				<ele>1747.4</ele>
			</trkpt>
			<trkpt lat="47.0293243227" lon="8.6908997572">
				<ele>1746.3</ele>
			</trkpt>
			<trkpt lat="47.0293468728" lon="8.6909709491">
				<ele>1745.4</ele>
			</trkpt>
			<trkpt lat="47.0293699211" lon="8.6911493690">
				<ele>1742.6</ele>
			</trkpt>
			<trkpt lat="47.0293701189" lon="8.6912833907">
				<ele>1740.2</ele>
			</trkpt>
			<trkpt lat="47.0293872794" lon="8.6913910191">
				<ele>1738.4</ele>
			</trkpt>
			<trkpt lat="47.0293930684" lon="8.6914715670">
				<ele>1736.9</ele>
			</trkpt>
			<trkpt lat="47.0293812801" lon="8.6914834787">
				<ele>1736.5</ele>
			</trkpt>
			<trkpt lat="47.0293162641" lon="8.6913333153">
				<ele>1732.9</ele>
			</trkpt>
			<trkpt lat="47.0293011917" lon="8.6913402614">
				<ele>1732.1</ele>
			</trkpt>
			<trkpt lat="47.0293198702" lon="8.6914601248">
				<ele>1730.7</ele>
			</trkpt>
			<trkpt lat="47.0292969586" lon="8.6914230292">
				<ele>1729.7</ele>
			</trkpt>
			<trkpt lat="47.0292480726" lon="8.6913219709">
				<ele>1726.7</ele>
			</trkpt>
			<trkpt lat="47.0292205001" lon="8.6912530950">
				<ele>1725.1</ele>
			</trkpt>
			<trkpt lat="47.0291918700" lon="8.6911281620">
				<ele>1722.2</ele>
			</trkpt>
			<trkpt lat="47.0291463180" lon="8.6910271836">
				<ele>1719.3</ele>
			</trkpt>
			<trkpt lat="47.0290939942" lon="8.6909358106">
				<ele>1716.3</ele>
			</trkpt>
			<trkpt lat="47.0290650005" lon="8.6908449712">
				<ele>1714.6</ele>
			</trkpt>
			<trkpt lat="47.0290369970" lon="8.6908150824">
				<ele>1713.8</ele>
			</trkpt>
			<trkpt lat="47.0289359415" lon="8.6907615434">
				<ele>1710.7</ele>
			</trkpt>
			<trkpt lat="47.0288947777" lon="8.6907167180">
				<ele>1709.2</ele>
			</trkpt>
			<trkpt lat="47.0288640397" lon="8.6906331651">
				<ele>1707.1</ele>
			</trkpt>
			<trkpt lat="47.0288214332" lon="8.6905663611">
				<ele>1704.6</ele>
			</trkpt>
			<trkpt lat="47.0287704103" lon="8.6905091224">
				<ele>1702.2</ele>
			</trkpt>
			<trkpt lat="47.0287763834" lon="8.6905726382">
				<ele>1701.2</ele>
			</trkpt>
			<trkpt lat="47.0288113871" lon="8.6907245205">
				<ele>1697.7</ele>
			</trkpt>
			<trkpt lat="47.0287371933" lon="8.6906521242">
				<ele>1694.6</ele>
			</trkpt>
			<trkpt lat="47.0287678328" lon="8.6907454234">
				<ele>1692.3</ele>
			</trkpt>
			<trkpt lat="47.0287977288" lon="8.6909069497">
				<ele>1689.0</ele>
			</trkpt>
			<trkpt lat="47.0287485553" lon="8.6908327023">
				<ele>1686.9</ele>
			</trkpt>
			<trkpt lat="47.0286586344" lon="8.6906746577">
				<ele>1683.1</ele>
			</trkpt>
			<trkpt lat="47.0285781838" lon="8.6905655525">
				<ele>1680.1</ele>
			</trkpt>
			<trkpt lat="47.0284986522" lon="8.6905247258">
				<ele>1676.8</ele>
			</trkpt>
			<trkpt lat="47.0284610552" lon="8.6904580520">
				<ele>1674.9</ele>
			</trkpt>
			<trkpt lat="47.0284314237" lon="8.6904256798">
				<ele>1673.4</ele>
			</trkpt>
			<trkpt lat="47.0284341933" lon="8.6904769226">
				<ele>1672.5</ele>
			</trkpt>
			<trkpt lat="47.0284584620" lon="8.6905432725">
				<ele>1671.7</ele>
			</trkpt>
			<trkpt lat="47.0284990933" lon="8.6906368187">
				<ele>1669.9</ele>
			</trkpt>
			<trkpt lat="47.0285426469" lon="8.6907694153">
				<ele>1667.0</ele>
			</trkpt>
			<trkpt lat="47.0285847297" lon="8.6908824931">
				<ele>1664.6</ele>
			</trkpt>
			<trkpt lat="47.0286005098" lon="8.6909632747">
				<ele>1662.5</ele>
			</trkpt>
			<trkpt lat="47.0286342118" lon="8.6910810235">
				<ele>1660.6</ele>
			</trkpt>
			<trkpt lat="47.0286425589" lon="8.6912322962">
				<ele>1657.8</ele>
			</trkpt>
			<trkpt lat="47.0286630396" lon="8.6913399942">
				<ele>1655.9</ele>
			</trkpt>
			<trkpt lat="47.0286646491" lon="8.6914984076">
				<ele>1653.5</ele>
			</trkpt>
			<trkpt lat="47.0286645891" lon="8.6916568012">
				<ele>1650.0</ele>
			</trkpt>
			<trkpt lat="47.0286665084" lon="8.6917859917">
				<ele>1648.3</ele>
			</trkpt>
			<trkpt lat="47.0286481248" lon="8.6917904318">
				<ele>1647.0</ele>
			</trkpt>
			<trkpt lat="47.0286077603" lon="8.6916725301">
				<ele>1644.6</ele>
			</trkpt>
			<trkpt lat="47.0285658333" lon="8.6915448466">
				<ele>1641.0</ele>
			</trkpt>
			<trkpt lat="47.0285300586" lon="8.6914635996">
				<ele>1638.7</ele>
			</trkpt>
			<trkpt lat="47.0285063773" lon="8.6914358530">
				<ele>1637.6</ele>
			</trkpt>
			<trkpt lat="47.0284757205" lon="8.6914097038">
				<ele>1636.1</ele>
			</trkpt>
			<trkpt lat="47.0284413146" lon="8.6913591965">
				<ele>1634.4</ele>
			</trkpt>
			<trkpt lat="47.0284121423" lon="8.6913032803">
				<ele>1633.0</ele>
			</trkpt>
			<trkpt lat="47.0283889423" lon="8.6912918046">
				<ele>1632.4</ele>
			</trkpt>
			<trkpt lat="47.0283957467" lon="8.6913227802">
				<ele>1631.8</ele>
			</trkpt>
			<trkpt lat="47.0283991471" lon="8.6913573510">
				<ele>1631.0</ele>
			</trkpt>
			<trkpt lat="47.0283988387" lon="8.6914202235">
				<ele>1629.4</ele>
			</trkpt>
			<trkpt lat="47.0284056737" lon="8.6914483925">
				<ele>1629.1</ele>
			</trkpt>
			<trkpt lat="47.0284155474" lon="8.6914678185">
				<ele>1628.9</ele>
			</trkpt>
			<trkpt lat="47.0284263016" lon="8.6915063706">
				<ele>1627.7</ele>
			</trkpt>
			<trkpt lat="47.0284272277" lon="8.6915599634">
				<ele>1626.7</ele>
			</trkpt>
			<trkpt lat="47.0284228223" lon="8.6915900990">
				<ele>1625.3</ele>
			</trkpt>
			<trkpt lat="47.0284276804" lon="8.6916335756">
				<ele>1625.0</ele>
			</trkpt>
			<trkpt lat="47.0284214365" lon="8.6916864613">
				<ele>1623.5</ele>
			</trkpt>
			<trkpt lat="47.0284284616" lon="8.6917551584">
				<ele>1622.6</ele>
			</trkpt>
			<trkpt lat="47.0284357482" lon="8.6918015120">
				<ele>1621.4</ele>
			</trkpt>
			<trkpt lat="47.0284454299" lon="8.6918554057">
				<ele>1620.7</ele>
			</trkpt>
			<trkpt lat="47.0284515226" lon="8.6918895961">
				<ele>1620.0</ele>
			</trkpt>
			<trkpt lat="47.0284483416" lon="8.6919113898">
				<ele>1619.5</ele>
			</trkpt>
			<trkpt lat="47.0284360519" lon="8.6919072609">
				<ele>1619.2</ele>
			</trkpt>
			<trkpt lat="47.0284124911" lon="8.6918556063">
				<ele>1617.9</ele>
			</trkpt>
			<trkpt lat="47.0283632864" lon="8.6917837782">
				<ele>1614.8</ele>
			</trkpt>
			<trkpt lat="47.0283405966" lon="8.6917247690">
				<ele>1614.0</ele>
			</trkpt>
			<trkpt lat="47.0283124214" lon="8.6917119243">
				<ele>1612.6</ele>
			</trkpt>
			<trkpt lat="47.0283070246" lon="8.6917483646">
				<ele>1611.9</ele>
			</trkpt>
			<trkpt lat="47.0283305500" lon="8.6918829285">
				<ele>1610.0</ele>
			</trkpt>
			<trkpt lat="47.0283391620" lon="8.6920098397">
				<ele>1607.9</ele>
			</trkpt>
			<trkpt lat="47.0283456971" lon="8.6921732561">
				<ele>1604.4</ele>
			</trkpt>
			<trkpt lat="47.0283589073" lon="8.6923368220">
				<ele>1601.7</ele>
			</trkpt>
			<trkpt lat="47.0283246955" lon="8.6922653632">
				<ele>1599.7</ele>
			</trkpt>
			<trkpt lat="47.0282856990" lon="8.6921742889">
				<ele>1597.0</ele>
			</trkpt>
			<trkpt lat="47.0282464896" lon="8.6921027070">
				<ele>1594.9</ele>
			</trkpt>
			<trkpt lat="47.0282167519" lon="8.6920800930">
				<ele>1593.3</ele>
			</trkpt>
			<trkpt lat="47.0281984036" lon="8.6920820991">
				<ele>1592.4</ele>
			</trkpt>
			<trkpt lat="47.0282077691" lon="8.6921407970">
				<ele>1591.6</ele>
			</trkpt>
			<trkpt lat="47.0282249116" lon="8.6922483972">
				<ele>1590.3</ele>
			</trkpt>
			<trkpt lat="47.0282386538" lon="8.6923632481">
				<ele>1587.9</ele>
			</trkpt>
			<trkpt lat="47.0282376426" lon="8.6924558221">
				<ele>1585.1</ele>
			</trkpt>
			<trkpt lat="47.0282633682" lon="8.6925417040">
				<ele>1583.5</ele>
			</trkpt>
			<trkpt lat="47.0282826752" lon="8.6926055295">
				<ele>1581.1</ele>
			</trkpt>
			<trkpt lat="47.0282342526" lon="8.6926141366">
				<ele>1578.7</ele>
			</trkpt>
			<trkpt lat="47.0281898594" lon="8.6925594960">
				<ele>1577.4</ele>
			</trkpt>
			<trkpt lat="47.0281620662" lon="8.6925100999">
				<ele>1575.6</ele>
			</trkpt>
			<trkpt lat="47.0281518579" lon="8.6925293587">
				<ele>1574.8</ele>
			</trkpt>
			<trkpt lat="47.0281753910" lon="8.6926639355">
				<ele>1572.4</ele>
			</trkpt>
			<trkpt lat="47.0281967487" lon="8.6926912363">
				<ele>1571.1</ele>
			</trkpt>
			<trkpt lat="47.0282494149" lon="8.6927509529">
				<ele>1568.9</ele>
			</trkpt>
			<trkpt lat="47.0282856679" lon="8.6927883474">
				<ele>1567.2</ele>
			</trkpt>
			<trkpt lat="47.0283018684" lon="8.6928301426">
				<ele>1565.6</ele>
			</trkpt>
			<trkpt lat="47.0282550965" lon="8.6928412422">
				<ele>1564.0</ele>
			</trkpt>
			<trkpt lat="47.0281935362" lon="8.6928324795">
				<ele>1561.3</ele>
			</trkpt>
			<trkpt lat="47.0282048009" lon="8.6928693026">
				<ele>1560.3</ele>
			</trkpt>
			<trkpt lat="47.0282229097" lon="8.6928892104">
				<ele>1559.8</ele>
			</trkpt>
			<trkpt lat="47.0282659000" lon="8.6929194648">
				<ele>1558.1</ele>
			</trkpt>
			<trkpt lat="47.0282989571" lon="8.6929446045">
				<ele>1557.5</ele>
			</trkpt>
			<trkpt lat="47.0283514812" lon="8.6930165111">
				<ele>1555.4</ele>
			</trkpt>
			<trkpt lat="47.0283728477" lon="8.6930438059">
				<ele>1554.9</ele>
			</trkpt>
			<trkpt lat="47.0283773661" lon="8.6930877757">
				<ele>1554.0</ele>
			</trkpt>
			<trkpt lat="47.0283849650" lon="8.6931537369">
				<ele>1552.7</ele>
			</trkpt>
			<trkpt lat="47.0284124653" lon="8.6932299154">
				<ele>1551.2</ele>
			</trkpt>
			<trkpt lat="47.0284388026" lon="8.6932597806">
				<ele>1550.6</ele>
			</trkpt>
			<trkpt lat="47.0284784108" lon="8.6932948193">
				<ele>1549.2</ele>
			</trkpt>
			<trkpt lat="47.0284996088" lon="8.6933367318">
				<ele>1548.0</ele>
			</trkpt>
			<trkpt lat="47.0285123556" lon="8.6933906461">
				<ele>1546.8</ele>
			</trkpt>
			<trkpt lat="47.0285186405" lon="8.6934248927">
				<ele>1546.0</ele>
			</trkpt>
			<trkpt lat="47.0284923651" lon="8.6933901785">
				<ele>1544.8</ele>
			</trkpt>
			<trkpt lat="47.0284592813" lon="8.6933674855">
				<ele>1543.3</ele>
			</trkpt>
			<trkpt lat="47.0284029404" lon="8.6933393533">
				<ele>1541.6</ele>
			</trkpt>
			<trkpt lat="47.0284206764" lon="8.6933933714">
				<ele>1539.8</ele>
			</trkpt>
			<trkpt lat="47.0284599028" lon="8.6934625200">
				<ele>1537.7</ele>
			</trkpt>
			<trkpt lat="47.0284826804" lon="8.6935142278">
				<ele>1536.6</ele>
			</trkpt>
			<trkpt lat="47.0284791829" lon="8.6935287674">
				<ele>1535.7</ele>
			</trkpt>
			<trkpt lat="47.0284609944" lon="8.6935161553">
				<ele>1535.1</ele>
			</trkpt>
			<trkpt lat="47.0284246086" lon="8.6934909373">
				<ele>1534.0</ele>
			</trkpt>
			<trkpt lat="47.0283715432" lon="8.6934677639">
				<ele>1531.7</ele>
			</trkpt>
			<trkpt lat="47.0283066806" lon="8.6934565013">
				<ele>1528.7</ele>
			</trkpt>
			<trkpt lat="47.0282585595" lon="8.6934383261">
				<ele>1528.5</ele>
			</trkpt>
			<trkpt lat="47.0282300562" lon="8.6934547091">
				<ele>1526.9</ele>
			</trkpt>
			<trkpt lat="47.0282214633" lon="8.6934788877">
				<ele>1525.9</ele>
			</trkpt>
			<trkpt lat="47.0282397140" lon="8.6934866124">
				<ele>1525.4</ele>
			</trkpt>
			<trkpt lat="47.0282710580" lon="8.6935141471">
				<ele>1523.2</ele>
			</trkpt>
			<trkpt lat="47.0282706318" lon="8.6935531318">
				<ele>1521.4</ele>
			</trkpt>
			<trkpt lat="47.0282387553" lon="8.6935743053">
				<ele>1520.3</ele>
			</trkpt>
			<trkpt lat="47.0282141328" lon="8.6935892951">
				<ele>1519.8</ele>
			</trkpt>
			<trkpt lat="47.0282033989" lon="8.6936075969">
				<ele>1518.8</ele>
			</trkpt>
			<trkpt lat="47.0282181698" lon="8.6936274398">
				<ele>1517.9</ele>
			</trkpt>
			<trkpt lat="47.0282513601" lon="8.6936403964">
				<ele>1516.2</ele>
			</trkpt>
			<trkpt lat="47.0283196226" lon="8.6936444281">
				<ele>1513.3</ele>
			</trkpt>
			<trkpt lat="47.0283809966" lon="8.6936702307">
				<ele>1510.8</ele>
			</trkpt>
			<trkpt lat="47.0284423883" lon="8.6936935990">
				<ele>1508.8</ele>
			</trkpt>
			<trkpt lat="47.0285267265" lon="8.6937516232">
				<ele>1506.3</ele>
			</trkpt>
			<trkpt lat="47.0285944116" lon="8.6938092514">
				<ele>1503.5</ele>
			</trkpt>
			<trkpt lat="47.0286308774" lon="8.6938271543">
				<ele>1501.4</ele>
			</trkpt>
			<trkpt lat="47.0286305577" lon="8.6938563962">
				<ele>1500.9</ele>
			</trkpt>
			<trkpt lat="47.0285503382" lon="8.6938788733">
				<ele>1498.2</ele>
			</trkpt>
			<trkpt lat="47.0284831673" lon="8.6939260484">
				<ele>1495.0</ele>
			</trkpt>
			<trkpt lat="47.0284515661" lon="8.6939204265">
				<ele>1494.8</ele>
			</trkpt>
			<trkpt lat="47.0284212607" lon="8.6939489538">
				<ele>1493.7</ele>
			</trkpt>
			<trkpt lat="47.0284210473" lon="8.6939684591">
				<ele>1493.0</ele>
			</trkpt>
			<trkpt lat="47.0284807258" lon="8.6939966572">
				<ele>1490.8</ele>
			</trkpt>
			<trkpt lat="47.0285070451" lon="8.6940289507">
				<ele>1489.3</ele>
			</trkpt>
			<trkpt lat="47.0285636703" lon="8.6940302758">
				<ele>1487.4</ele>
			</trkpt>
			<trkpt lat="47.0285802965" lon="8.6940330997">
				<ele>1486.8</ele>
			</trkpt>
			<trkpt lat="47.0285717836" lon="8.6940499502">
				<ele>1486.3</ele>
			</trkpt>
			<trkpt lat="47.0284928508" lon="8.6941065888">
				<ele>1483.2</ele>
			</trkpt>
			<trkpt lat="47.0284792336" lon="8.6941330783">
				<ele>1482.1</ele>
			</trkpt>
			<trkpt lat="47.0284908445" lon="8.6941382196">
				<ele>1481.7</ele>
			</trkpt>
			<trkpt lat="47.0285743751" lon="8.6941182423">
				<ele>1478.7</ele>
			</trkpt>
			<trkpt lat="47.0286343733" lon="8.6941172116">
				<ele>1475.8</ele>
			</trkpt>
			<trkpt lat="47.0285802864" lon="8.6941866248">
				<ele>1472.8</ele>
			</trkpt>
			<trkpt lat="47.0285378639" lon="8.6942562851">
				<ele>1470.7</ele>
			</trkpt>
			<trkpt lat="47.0285017790" lon="8.6943577713">
				<ele>1469.0</ele>
			</trkpt>
			<trkpt lat="47.0284960261" lon="8.6944258808">
				<ele>1467.8</ele>
			</trkpt>
			<trkpt lat="47.0284619206" lon="8.6944981832">
				<ele>1466.4</ele>
			</trkpt>
			<trkpt lat="47.0284712230" lon="8.6945617497">
				<ele>1464.6</ele>
			</trkpt>
			<trkpt lat="47.0284657900" lon="8.6946006174">
				<ele>1463.6</ele>
			</trkpt>
			<trkpt lat="47.0284531130" lon="8.6946929057">
				<ele>1460.5</ele>
			</trkpt>
			<trkpt lat="47.0284560152" lon="8.6947319685">
				<ele>1459.6</ele>
			</trkpt>
			<trkpt lat="47.0284845541" lon="8.6947131522">
				<ele>1458.7</ele>
			</trkpt>
			<trkpt lat="47.0285166531" lon="8.6946724741">
				<ele>1458.0</ele>
			</trkpt>
			<trkpt lat="47.0285385344" lon="8.6946535019">
				<ele>1457.4</ele>
			</trkpt>
			<trkpt lat="47.0285718135" lon="8.6946567159">
				<ele>1455.9</ele>
			</trkpt>
			<trkpt lat="47.0286019328" lon="8.6946452214">
				<ele>1454.9</ele>
			</trkpt>
			<trkpt lat="47.0286708438" lon="8.6945907901">
				<ele>1452.3</ele>
			</trkpt>
			<trkpt lat="47.0287009362" lon="8.6945817427">
				<ele>1451.2</ele>
			</trkpt>
			<trkpt lat="47.0287091294" lon="8.6945941212">
				<ele>1450.6</ele>
			</trkpt>
			<trkpt lat="47.0287087294" lon="8.6946306720">
				<ele>1449.3</ele>
			</trkpt>
			<trkpt lat="47.0286881257" lon="8.6946862408">
				<ele>1448.0</ele>
			</trkpt>
			<trkpt lat="47.0286546228" lon="8.6948535842">
				<ele>1443.6</ele>
			</trkpt>
			<trkpt lat="47.0286231795" lon="8.6949868631">
				<ele>1440.6</ele>
			</trkpt>
			<trkpt lat="47.0285712297" lon="8.6951659735">
				<ele>1436.3</ele>
			</trkpt>
			<trkpt lat="47.0285348505" lon="8.6952942540">
				<ele>1433.2</ele>
			</trkpt>
			<trkpt lat="47.0284965178" lon="8.6954468813">
				<ele>1430.0</ele>
			</trkpt>
			<trkpt lat="47.0284618161" lon="8.6955727788">
				<ele>1427.2</ele>
			</trkpt>
			<trkpt lat="47.0284409718" lon="8.6956502735">
				<ele>1425.4</ele>
			</trkpt>
			<trkpt lat="47.0284295625" lon="8.6957791514">
				<ele>1423.0</ele>
			</trkpt>
			<trkpt lat="47.0284236577" lon="8.6958618592">
				<ele>1421.4</ele>
			</trkpt>
			<trkpt lat="47.0284246860" lon="8.6959203690">
				<ele>1420.2</ele>
			</trkpt>
			<trkpt lat="47.0284374764" lon="8.6959693961">
				<ele>1419.1</ele>
			</trkpt>
			<trkpt lat="47.0284811385" lon="8.6960898193">
				<ele>1417.9</ele>
			</trkpt>
			<trkpt lat="47.0285220231" lon="8.6961614437">
				<ele>1417.5</ele>
			</trkpt>
			<trkpt lat="47.0285595169" lon="8.6962354363">
				<ele>1417.5</ele>
			</trkpt>
			<trkpt lat="47.0285702022" lon="8.6963258311">
				<ele>1416.7</ele>
			</trkpt>
			<trkpt lat="47.0285830990" lon="8.6963651347">
				<ele>1416.2</ele>
			</trkpt>
			<trkpt lat="47.0286221103" lon="8.6964537653">
				<ele>1415.0</ele>
			</trkpt>
			<trkpt lat="47.0286316249" lon="8.6964978528">
				<ele>1414.5</ele>
			</trkpt>
			<trkpt lat="47.0286241576" lon="8.6965707724">
				<ele>1414.0</ele>
			</trkpt>
			<trkpt lat="47.0286152171" lon="8.6966266138">
				<ele>1413.8</ele>
			</trkpt>
			<trkpt lat="47.0286339706" lon="8.6967391366">
				<ele>1413.3</ele>
			</trkpt>
			<trkpt lat="47.0286350428" lon="8.6967952065">
				<ele>1413.1</ele>
			</trkpt>
			<trkpt lat="47.0286243711" lon="8.6968558770">
				<ele>1412.4</ele>
			</trkpt>
			<trkpt lat="47.0286218476" lon="8.6969338075">
				<ele>1412.0</ele>
			</trkpt>
			<trkpt lat="47.0286294263" lon="8.6970022039">
				<ele>1411.7</ele>
			</trkpt>
			<trkpt lat="47.0286456874" lon="8.6970391326">
				<ele>1411.5</ele>
			</trkpt>
			<trkpt lat="47.0286671775" lon="8.6970542711">
				<ele>1411.2</ele>
			</trkpt>
			<trkpt lat="47.0286908139" lon="8.6970771883">
				<ele>1410.6</ele>
			</trkpt>
			<trkpt lat="47.0287133495" lon="8.6971283718">
				<ele>1409.8</ele>
			</trkpt>
			<trkpt lat="47.0287302291" lon="8.6972058391">
				<ele>1408.9</ele>
			</trkpt>
			<trkpt lat="47.0287475380" lon="8.6973178595">
				<ele>1408.3</ele>
			</trkpt>
			<trkpt lat="47.0287566323" lon="8.6974066435">
				<ele>1408.0</ele>
			</trkpt>
			<trkpt lat="47.0287590286" lon="8.6974757344">
				<ele>1407.8</ele>
			</trkpt>
			<trkpt lat="47.0287531009" lon="8.6975307857">
				<ele>1407.6</ele>
			</trkpt>
			<trkpt lat="47.0287556475" lon="8.6975837617">
				<ele>1407.2</ele>
			</trkpt>
			<trkpt lat="47.0287619440" lon="8.6976448753">
				<ele>1406.9</ele>
			</trkpt>
			<trkpt lat="47.0287738503" lon="8.6976831284">
				<ele>1406.5</ele>
			</trkpt>
			<trkpt lat="47.0288067158" lon="8.6978033260">
				<ele>1405.1</ele>
			</trkpt>
			<trkpt lat="47.0288303251" lon="8.6979624172">
				<ele>1403.0</ele>
			</trkpt>
			<trkpt lat="47.0288377464" lon="8.6980531216">
				<ele>1402.7</ele>
			</trkpt>
			<trkpt lat="47.0288382245" lon="8.6980888131">
				<ele>1402.7</ele>
			</trkpt>
			<trkpt lat="47.0288465564" lon="8.6981021269">
				<ele>1402.5</ele>
			</trkpt>
			<trkpt lat="47.0288372572" lon="8.6981305286">
				<ele>1402.8</ele>
			</trkpt>
			<trkpt lat="47.0288163274" lon="8.6981908489">
				<ele>1403.5</ele>
			</trkpt>
			<trkpt lat="47.0287855216" lon="8.6982656680">
				<ele>1404.3</ele>
			</trkpt>
			<trkpt lat="47.0287616943" lon="8.6983114079">
				<ele>1405.0</ele>
			</trkpt>
			<trkpt lat="47.0287500784" lon="8.6983219535">
				<ele>1405.1</ele>
			</trkpt>
			<trkpt lat="47.0287381433" lon="8.6983327743">
				<ele>1405.3</ele>
			</trkpt>
			<trkpt lat="47.0287030795" lon="8.6983392811">
				<ele>1404.9</ele>
			</trkpt>
			<trkpt lat="47.0286579493" lon="8.6983528363">
				<ele>1403.4</ele>
			</trkpt>
			<trkpt lat="47.0286076970" lon="8.6983760234">
				<ele>1401.0</ele>
			</trkpt>
			<trkpt lat="47.0285557846" lon="8.6983991713">
				<ele>1398.1</ele>
			</trkpt>
			<trkpt lat="47.0285307517" lon="8.6984034659">
				<ele>1397.0</ele>
			</trkpt>
			<trkpt lat="47.0285056835" lon="8.6984101751">
				<ele>1395.9</ele>
			</trkpt>
			<trkpt lat="47.0284925285" lon="8.6984304878">
				<ele>1395.1</ele>
			</trkpt>
			<trkpt lat="47.0284893901" lon="8.6984554749">
				<ele>1394.5</ele>
			</trkpt>
			<trkpt lat="47.0284937076" lon="8.6984959522">
				<ele>1393.7</ele>
			</trkpt>
			<trkpt lat="47.0284924380" lon="8.6985251718">
				<ele>1393.2</ele>
			</trkpt>
			<trkpt lat="47.0284777593" lon="8.6985610338">
				<ele>1392.3</ele>
			</trkpt>
			<trkpt lat="47.0284503624" lon="8.6986286088">
				<ele>1390.7</ele>
			</trkpt>
			<trkpt lat="47.0284334503" lon="8.6986950487">
				<ele>1389.2</ele>
			</trkpt>
			<trkpt lat="47.0284235538" lon="8.6987282348">
				<ele>1388.7</ele>
			</trkpt>
			<trkpt lat="47.0284101316" lon="8.6987376651">
				<ele>1388.2</ele>
			</trkpt>
			<trkpt lat="47.0283854417" lon="8.6987315217">
				<ele>1387.3</ele>
			</trkpt>
			<trkpt lat="47.0283503435" lon="8.6987195514">
				<ele>1386.0</ele>
			</trkpt>
			<trkpt lat="47.0283188431" lon="8.6987271694">
				<ele>1384.9</ele>
			</trkpt>
			<trkpt lat="47.0283032223" lon="8.6987616150">
				<ele>1383.9</ele>
			</trkpt>
			<trkpt lat="47.0282874202" lon="8.6988141596">
				<ele>1382.8</ele>
			</trkpt>
			<trkpt lat="47.0282772421" lon="8.6988737938">
				<ele>1381.7</ele>
			</trkpt>
			<trkpt lat="47.0282783751" lon="8.6989434326">
				<ele>1380.2</ele>
			</trkpt>
			<trkpt lat="47.0282798376" lon="8.6989838621">
				<ele>1379.7</ele>
			</trkpt>
			<trkpt lat="47.0282679152" lon="8.6990295212">
				<ele>1378.9</ele>
			</trkpt>
			<trkpt lat="47.0282530987" lon="8.6990779067">
				<ele>1377.9</ele>
			</trkpt>
			<trkpt lat="47.0282414424" lon="8.6990985243">
				<ele>1377.3</ele>
			</trkpt>
			<trkpt lat="47.0282213843" lon="8.6991050167">
				<ele>1376.4</ele>
			</trkpt>
			<trkpt lat="47.0281774321" lon="8.6991192993">
				<ele>1374.8</ele>
			</trkpt>
			<trkpt lat="47.0281477526" lon="8.6991339106">
				<ele>1374.0</ele>
			</trkpt>
			<trkpt lat="47.0281295916" lon="8.6991404478">
				<ele>1373.4</ele>
			</trkpt>
			<trkpt lat="47.0281115988" lon="8.6991316671">
				<ele>1372.9</ele>
			</trkpt>
			<trkpt lat="47.0280937588" lon="8.6991089755">
				<ele>1372.2</ele>
			</trkpt>
			<trkpt lat="47.0280644614" lon="8.6990887898">
				<ele>1371.3</ele>
			</trkpt>
			<trkpt lat="47.0280409277" lon="8.6990645704">
				<ele>1370.3</ele>
			</trkpt>
			<trkpt lat="47.0280202836" lon="8.6990332175">
				<ele>1369.6</ele>
			</trkpt>
			<trkpt lat="47.0279768567" lon="8.6989716626">
				<ele>1367.9</ele>
			</trkpt>
			<trkpt lat="47.0279574094" lon="8.6989241170">
				<ele>1366.7</ele>
			</trkpt>
			<trkpt lat="47.0279352048" lon="8.6989172675">
				<ele>1365.8</ele>
			</trkpt>
			<trkpt lat="47.0279057550" lon="8.6988933589">
				<ele>1365.1</ele>
			</trkpt>
			<trkpt lat="47.0278829414" lon="8.6988563533">
				<ele>1363.6</ele>
			</trkpt>
			<trkpt lat="47.0278315124" lon="8.6987626508">
				<ele>1361.2</ele>
			</trkpt>
			<trkpt lat="47.0278023339" lon="8.6987148255">
				<ele>1360.0</ele>
			</trkpt>
			<trkpt lat="47.0277967390" lon="8.6986738816">
				<ele>1359.1</ele>
			</trkpt>
			<trkpt lat="47.0277616117" lon="8.6986485615">
				<ele>1358.2</ele>
			</trkpt>
			<trkpt lat="47.0277251200" lon="8.6986330832">
				<ele>1357.0</ele>
			</trkpt>
			<trkpt lat="47.0277203719" lon="8.6986110398">
				<ele>1356.4</ele>
			</trkpt>
			<trkpt lat="47.0277375150" lon="8.6985675787">
				<ele>1355.7</ele>
			</trkpt>
			<trkpt lat="47.0277428335" lon="8.6985384611">
				<ele>1355.1</ele>
			</trkpt>
			<trkpt lat="47.0277215218" lon="8.6985062898">
				<ele>1353.9</ele>
			</trkpt>
			<trkpt lat="47.0277018876" lon="8.6984741516">
				<ele>1352.9</ele>
			</trkpt>
			<trkpt lat="47.0276761044" lon="8.6983931293">
				<ele>1351.2</ele>
			</trkpt>
			<trkpt lat="47.0276154088" lon="8.6983064115">
				<ele>1348.6</ele>
			</trkpt>
			<trkpt lat="47.0275629947" lon="8.6982247835">
				<ele>1347.2</ele>
			</trkpt>
			<trkpt lat="47.0274952495" lon="8.6981720124">
				<ele>1346.5</ele>
			</trkpt>
			<trkpt lat="47.0274357143" lon="8.6981316463">
				<ele>1345.9</ele>
			</trkpt>
			<trkpt lat="47.0273974825" lon="8.6981234189">
				<ele>1345.5</ele>
			</trkpt>
			<trkpt lat="47.0273390728" lon="8.6981318121">
				<ele>1344.9</ele>
			</trkpt>
			<trkpt lat="47.0273026952" lon="8.6981467548">
				<ele>1344.4</ele>
			</trkpt>
			<trkpt lat="47.0272767414" lon="8.6981597131">
				<ele>1344.1</ele>
			</trkpt>
			<trkpt lat="47.0272451940" lon="8.6981115823">
				<ele>1343.2</ele>
			</trkpt>
			<trkpt lat="47.0272288202" lon="8.6980569405">
				<ele>1342.5</ele>
			</trkpt>
			<trkpt lat="47.0272139015" lon="8.6980386159">
				<ele>1342.2</ele>
			</trkpt>
			<trkpt lat="47.0271744811" lon="8.6980042084">
				<ele>1340.9</ele>
			</trkpt>
			<trkpt lat="47.0271348477" lon="8.6979916120">
				<ele>1339.9</ele>
			</trkpt>
			<trkpt lat="47.0270960094" lon="8.6979802099">
				<ele>1339.0</ele>
			</trkpt>
			<trkpt lat="47.0270573705" lon="8.6979458338">
				<ele>1337.3</ele>
			</trkpt>
			<trkpt lat="47.0270171760" lon="8.6979091084">
				<ele>1336.2</ele>
			</trkpt>
			<trkpt lat="47.0269909295" lon="8.6978662610">
				<ele>1335.1</ele>
			</trkpt>
			<trkpt lat="47.0269674950" lon="8.6978105545">
				<ele>1334.1</ele>
			</trkpt>
			<trkpt lat="47.0269409960" lon="8.6977346689">
				<ele>1332.2</ele>
			</trkpt>
			<trkpt lat="47.0269177591" lon="8.6977043226">
				<ele>1330.5</ele>
			</trkpt>
			<trkpt lat="47.0268956480" lon="8.6976574160">
				<ele>1329.1</ele>
			</trkpt>
			<trkpt lat="47.0268659273" lon="8.6976019136">
				<ele>1327.8</ele>
			</trkpt>
			<trkpt lat="47.0268448344" lon="8.6975625232">
				<ele>1326.9</ele>
			</trkpt>
			<trkpt lat="47.0268363459" lon="8.6975203304">
				<ele>1325.7</ele>
			</trkpt>
			<trkpt lat="47.0268201678" lon="8.6974910557">
				<ele>1325.0</ele>
			</trkpt>
			<trkpt lat="47.0268123941" lon="8.6974689867">
				<ele>1324.3</ele>
			</trkpt>
			<trkpt lat="47.0267849497" lon="8.6974350538">
				<ele>1323.8</ele>
			</trkpt>
			<trkpt lat="47.0267717293" lon="8.6973944845">
				<ele>1322.6</ele>
			</trkpt>
			<trkpt lat="47.0267385226" lon="8.6973700137">
				<ele>1321.6</ele>
			</trkpt>
			<trkpt lat="47.0267212585" lon="8.6973109706">
				<ele>1320.7</ele>
			</trkpt>
			<trkpt lat="47.0266988927" lon="8.6972019579">
				<ele>1318.3</ele>
			</trkpt>
			<trkpt lat="47.0266800287" lon="8.6970582672">
				<ele>1315.5</ele>
			</trkpt>
			<trkpt lat="47.0266611927" lon="8.6969530377">
				<ele>1313.6</ele>
			</trkpt>
			<trkpt lat="47.0266578234" lon="8.6969025819">
				<ele>1312.2</ele>
			</trkpt>
			<trkpt lat="47.0266539500" lon="8.6968529880">
				<ele>1311.5</ele>
			</trkpt>
			<trkpt lat="47.0266544307" lon="8.6968091365">
				<ele>1310.4</ele>
			</trkpt>
			<trkpt lat="47.0266398652" lon="8.6967697949">
				<ele>1309.3</ele>
			</trkpt>
			<trkpt lat="47.0266218490" lon="8.6967686658">
				<ele>1308.6</ele>
			</trkpt>
			<trkpt lat="47.0266067395" lon="8.6967682730">
				<ele>1307.9</ele>
			</trkpt>
			<trkpt lat="47.0265785232" lon="8.6967415621">
				<ele>1306.6</ele>
			</trkpt>
			<trkpt lat="47.0265622136" lon="8.6967094967">
				<ele>1305.9</ele>
			</trkpt>
			<trkpt lat="47.0265488668" lon="8.6967116184">
				<ele>1305.2</ele>
			</trkpt>
			<trkpt lat="47.0265335800" lon="8.6967380735">
				<ele>1304.4</ele>
			</trkpt>
			<trkpt lat="47.0265202509" lon="8.6967377609">
				<ele>1303.7</ele>
			</trkpt>
			<trkpt lat="47.0264975170" lon="8.6966836135">
				<ele>1302.2</ele>
			</trkpt>
			<trkpt lat="47.0264776661" lon="8.6966709554">
				<ele>1301.0</ele>
			</trkpt>
			<trkpt lat="47.0264608132" lon="8.6966876350">
				<ele>1300.2</ele>
			</trkpt>
			<trkpt lat="47.0264370471" lon="8.6967284800">
				<ele>1298.9</ele>
			</trkpt>
			<trkpt lat="47.0264153360" lon="8.6967328658">
				<ele>1298.0</ele>
			</trkpt>
			<trkpt lat="47.0263815135" lon="8.6967103919">
				<ele>1296.3</ele>
			</trkpt>
			<trkpt lat="47.0263461993" lon="8.6966623031">
				<ele>1294.5</ele>
			</trkpt>
			<trkpt lat="47.0263155279" lon="8.6966281280">
				<ele>1293.1</ele>
			</trkpt>
			<trkpt lat="47.0262729088" lon="8.6965948034">
				<ele>1291.5</ele>
			</trkpt>
			<trkpt lat="47.0262405535" lon="8.6965697881">
				<ele>1290.1</ele>
			</trkpt>
			<trkpt lat="47.0262016116" lon="8.6965687016">
				<ele>1288.9</ele>
			</trkpt>
			<trkpt lat="47.0261641351" lon="8.6965791804">
				<ele>1287.6</ele>
			</trkpt>
			<trkpt lat="47.0261173955" lon="8.6965770823">
				<ele>1285.8</ele>
			</trkpt>
			<trkpt lat="47.0260839171" lon="8.6965667064">
				<ele>1284.5</ele>
			</trkpt>
			<trkpt lat="47.0259978384" lon="8.6964955028">
				<ele>1281.6</ele>
			</trkpt>
			<trkpt lat="47.0259590186" lon="8.6964717751">
				<ele>1280.0</ele>
			</trkpt>
			<trkpt lat="47.0258618048" lon="8.6963658788">
				<ele>1277.6</ele>
			</trkpt>
			<trkpt lat="47.0257308672" lon="8.6962465503">
				<ele>1273.8</ele>
			</trkpt>
			<trkpt lat="47.0256812423" lon="8.6961982359">
				<ele>1272.2</ele>
			</trkpt>
			<trkpt lat="47.0256230013" lon="8.6961357480">
				<ele>1270.3</ele>
			</trkpt>
			<trkpt lat="47.0255764703" lon="8.6960965446">
				<ele>1268.8</ele>
			</trkpt>
			<trkpt lat="47.0255435889" lon="8.6960579505">
				<ele>1267.5</ele>
			</trkpt>
			<trkpt lat="47.0255280077" lon="8.6960242456">
				<ele>1267.0</ele>
			</trkpt>
			<trkpt lat="47.0254992075" lon="8.6959612917">
				<ele>1266.0</ele>
			</trkpt>
			<trkpt lat="47.0254752464" lon="8.6958984382">
				<ele>1264.4</ele>
			</trkpt>
			<trkpt lat="47.0254431952" lon="8.6958669941">
				<ele>1263.6</ele>
			</trkpt>
			<trkpt lat="47.0254309572" lon="8.6958368816">
				<ele>1263.2</ele>
			</trkpt>
			<trkpt lat="47.0254244276" lon="8.6957726703">
				<ele>1262.0</ele>
			</trkpt>
			<trkpt lat="47.0254012650" lon="8.6957247712">
				<ele>1261.5</ele>
			</trkpt>
			<trkpt lat="47.0253512107" lon="8.6957016803">
				<ele>1260.3</ele>
			</trkpt>
			<trkpt lat="47.0253194735" lon="8.6956842798">
				<ele>1259.6</ele>
			</trkpt>
			<trkpt lat="47.0253037488" lon="8.6956628477">
				<ele>1259.1</ele>
			</trkpt>
			<trkpt lat="47.0252873492" lon="8.6956159679">
				<ele>1257.9</ele>
			</trkpt>
			<trkpt lat="47.0252711003" lon="8.6955980503">
				<ele>1256.9</ele>
			</trkpt>
			<trkpt lat="47.0252465156" lon="8.6955904659">
				<ele>1256.4</ele>
			</trkpt>
			<trkpt lat="47.0252278089" lon="8.6955759917">
				<ele>1255.7</ele>
			</trkpt>
			<trkpt lat="47.0252053716" lon="8.6955070398">
				<ele>1253.6</ele>
			</trkpt>
			<trkpt lat="47.0251954359" lon="8.6954687718">
				<ele>1252.8</ele>
			</trkpt>
			<trkpt lat="47.0251854401" lon="8.6954302390">
				<ele>1252.1</ele>
			</trkpt>
			<trkpt lat="47.0251843691" lon="8.6953538865">
				<ele>1250.7</ele>
			</trkpt>
			<trkpt lat="47.0251545708" lon="8.6952514293">
				<ele>1248.8</ele>
			</trkpt>
			<trkpt lat="47.0251257032" lon="8.6951946029">
				<ele>1247.3</ele>
			</trkpt>
			<trkpt lat="47.0250874611" lon="8.6951542396">
				<ele>1245.6</ele>
			</trkpt>
			<trkpt lat="47.0249998688" lon="8.6951127333">
				<ele>1243.0</ele>
			</trkpt>
			<trkpt lat="47.0249119433" lon="8.6950589436">
				<ele>1240.4</ele>
			</trkpt>
			<trkpt lat="47.0248390493" lon="8.6950019795">
				<ele>1237.7</ele>
			</trkpt>
			<trkpt lat="47.0247814807" lon="8.6949585495">
				<ele>1235.8</ele>
			</trkpt>
			<trkpt lat="47.0247490591" lon="8.6949165563">
				<ele>1234.1</ele>
			</trkpt>
			<trkpt lat="47.0247075818" lon="8.6948199743">
				<ele>1231.7</ele>
			</trkpt>
			<trkpt lat="47.0246771992" lon="8.6947683870">
				<ele>1230.3</ele>
			</trkpt>
			<trkpt lat="47.0246406129" lon="8.6947526274">
				<ele>1229.3</ele>
			</trkpt>
			<trkpt lat="47.0246132382" lon="8.6947344497">
				<ele>1228.8</ele>
			</trkpt>
			<trkpt lat="47.0245999519" lon="8.6947113216">
				<ele>1228.1</ele>
			</trkpt>
			<trkpt lat="47.0245978102" lon="8.6946867136">
				<ele>1227.6</ele>
			</trkpt>
			<trkpt lat="47.0246117859" lon="8.6946493078">
				<ele>1226.7</ele>
			</trkpt>
			<trkpt lat="47.0246370027" lon="8.6946016304">
				<ele>1224.8</ele>
			</trkpt>
			<trkpt lat="47.0246485012" lon="8.6945694341">
				<ele>1223.8</ele>
			</trkpt>
			<trkpt lat="47.0246491792" lon="8.6945518939">
				<ele>1223.3</ele>
			</trkpt>
			<trkpt lat="47.0246366982" lon="8.6945250332">
				<ele>1223.1</ele>
			</trkpt>
			<trkpt lat="47.0246391883" lon="8.6944495614">
				<ele>1222.7</ele>
			</trkpt>
			<trkpt lat="47.0246300489" lon="8.6943713893">
				<ele>1222.3</ele>
			</trkpt>
			<trkpt lat="47.0246207230" lon="8.6943102549">
				<ele>1221.8</ele>
			</trkpt>
			<trkpt lat="47.0245995984" lon="8.6942610173">
				<ele>1221.0</ele>
			</trkpt>
			<trkpt lat="47.0245485236" lon="8.6942086635">
				<ele>1220.2</ele>
			</trkpt>
			<trkpt lat="47.0244823936" lon="8.6941608203">
				<ele>1219.2</ele>
			</trkpt>
			<trkpt lat="47.0244241747" lon="8.6941521413">
				<ele>1218.0</ele>
			</trkpt>
			<trkpt lat="47.0243426875" lon="8.6941380550">
				<ele>1216.2</ele>
			</trkpt>
			<trkpt lat="47.0243030560" lon="8.6941054460">
				<ele>1215.2</ele>
			</trkpt>
			<trkpt lat="47.0242489907" lon="8.6940213412">
				<ele>1213.4</ele>
			</trkpt>
			<trkpt lat="47.0241904930" lon="8.6938859682">
				<ele>1211.2</ele>
			</trkpt>
			<trkpt lat="47.0241370049" lon="8.6937482654">
				<ele>1208.5</ele>
			</trkpt>
			<trkpt lat="47.0240992501" lon="8.6936962049">
				<ele>1207.6</ele>
			</trkpt>
			<trkpt lat="47.0240528294" lon="8.6936756361">
				<ele>1206.4</ele>
			</trkpt>
			<trkpt lat="47.0240296941" lon="8.6936580466">
				<ele>1205.6</ele>
			</trkpt>
			<trkpt lat="47.0240267661" lon="8.6936214211">
				<ele>1204.5</ele>
			</trkpt>
			<trkpt lat="47.0240190146" lon="8.6935676409">
				<ele>1203.8</ele>
			</trkpt>
			<trkpt lat="47.0240062275" lon="8.6935185992">
				<ele>1203.6</ele>
			</trkpt>
			<trkpt lat="47.0238876517" lon="8.6934622720">
				<ele>1201.8</ele>
			</trkpt>
			<trkpt lat="47.0238215538" lon="8.6934295458">
				<ele>1200.8</ele>
			</trkpt>
			<trkpt lat="47.0237574862" lon="8.6933954604">
				<ele>1199.8</ele>
			</trkpt>
			<trkpt lat="47.0237620380" lon="8.6933535371">
				<ele>1199.5</ele>
			</trkpt>
			<trkpt lat="47.0237380905" lon="8.6933197349">
				<ele>1198.9</ele>
			</trkpt>
			<trkpt lat="47.0237145004" lon="8.6932853437">
				<ele>1197.9</ele>
			</trkpt>
			<trkpt lat="47.0236668979" lon="8.6932444877">
				<ele>1196.1</ele>
			</trkpt>
			<trkpt lat="47.0236088870" lon="8.6931986669">
				<ele>1194.5</ele>
			</trkpt>
			<trkpt lat="47.0235258129" lon="8.6931231872">
				<ele>1192.3</ele>
			</trkpt>
			<trkpt lat="47.0234858098" lon="8.6930652490">
				<ele>1190.8</ele>
			</trkpt>
			<trkpt lat="47.0234403657" lon="8.6929750787">
				<ele>1189.5</ele>
			</trkpt>
			<trkpt lat="47.0234020807" lon="8.6928743741">
				<ele>1187.6</ele>
			</trkpt>
			<trkpt lat="47.0233811076" lon="8.6928293299">
				<ele>1187.1</ele>
			</trkpt>
			<trkpt lat="47.0233474136" lon="8.6927703384">
				<ele>1185.3</ele>
			</trkpt>
			<trkpt lat="47.0233370394" lon="8.6927177760">
				<ele>1184.5</ele>
			</trkpt>
			<trkpt lat="47.0233038913" lon="8.6926689208">
				<ele>1183.2</ele>
			</trkpt>
			<trkpt lat="47.0232690398" lon="8.6926170389">
				<ele>1181.9</ele>
			</trkpt>
			<trkpt lat="47.0232557065" lon="8.6925751284">
				<ele>1181.3</ele>
			</trkpt>
			<trkpt lat="47.0232368796" lon="8.6925271542">
				<ele>1180.8</ele>
			</trkpt>
			<trkpt lat="47.0231908211" lon="8.6924536330">
				<ele>1179.7</ele>
			</trkpt>
			<trkpt lat="47.0231664244" lon="8.6924263602">
				<ele>1179.0</ele>
			</trkpt>
			<trkpt lat="47.0231274328" lon="8.6924166231">
				<ele>1177.9</ele>
			</trkpt>
			<trkpt lat="47.0231035667" lon="8.6924000643">
				<ele>1176.9</ele>
			</trkpt>
			<trkpt lat="47.0230624632" lon="8.6923456793">
				<ele>1174.7</ele>
			</trkpt>
			<trkpt lat="47.0230463080" lon="8.6922828908">
				<ele>1173.5</ele>
			</trkpt>
			<trkpt lat="47.0230376436" lon="8.6922327519">
				<ele>1172.6</ele>
			</trkpt>
			<trkpt lat="47.0230201652" lon="8.6922103879">
				<ele>1172.1</ele>
			</trkpt>
			<trkpt lat="47.0229740313" lon="8.6921874186">
				<ele>1170.9</ele>
			</trkpt>
			<trkpt lat="47.0229170400" lon="8.6921660007">
				<ele>1168.7</ele>
			</trkpt>
			<trkpt lat="47.0228674358" lon="8.6921411648">
				<ele>1167.4</ele>
			</trkpt>
			<trkpt lat="47.0228475681" lon="8.6921151736">
				<ele>1166.6</ele>
			</trkpt>
			<trkpt lat="47.0228324339" lon="8.6920536105">
				<ele>1164.6</ele>
			</trkpt>
			<trkpt lat="47.0228117518" lon="8.6919901385">
				<ele>1163.3</ele>
			</trkpt>
			<trkpt lat="47.0227954657" lon="8.6919582764">
				<ele>1163.0</ele>
			</trkpt>
			<trkpt lat="47.0227556294" lon="8.6919122401">
				<ele>1161.9</ele>
			</trkpt>
			<trkpt lat="47.0227449569" lon="8.6918787043">
				<ele>1161.2</ele>
			</trkpt>
			<trkpt lat="47.0227329694" lon="8.6918403972">
				<ele>1160.8</ele>
			</trkpt>
			<trkpt lat="47.0227083420" lon="8.6918053920">
				<ele>1159.5</ele>
			</trkpt>
			<trkpt lat="47.0226633187" lon="8.6917556761">
				<ele>1157.9</ele>
			</trkpt>
			<trkpt lat="47.0226445794" lon="8.6917243673">
				<ele>1157.4</ele>
			</trkpt>
			<trkpt lat="47.0226315266" lon="8.6916872109">
				<ele>1156.9</ele>
			</trkpt>
			<trkpt lat="47.0226246287" lon="8.6916359318">
				<ele>1155.8</ele>
			</trkpt>
			<trkpt lat="47.0226122904" lon="8.6915976103">
				<ele>1154.9</ele>
			</trkpt>
			<trkpt lat="47.0225874895" lon="8.6915512896">
				<ele>1153.5</ele>
			</trkpt>
			<trkpt lat="47.0225384235" lon="8.6914919857">
				<ele>1151.4</ele>
			</trkpt>
			<trkpt lat="47.0225174179" lon="8.6914713255">
				<ele>1150.7</ele>
			</trkpt>
			<trkpt lat="47.0224771748" lon="8.6914740472">
				<ele>1149.5</ele>
			</trkpt>
			<trkpt lat="47.0224601702" lon="8.6914659676">
				<ele>1148.6</ele>
			</trkpt>
			<trkpt lat="47.0224271951" lon="8.6914283977">
				<ele>1146.7</ele>
			</trkpt>
			<trkpt lat="47.0224008123" lon="8.6914165471">
				<ele>1145.3</ele>
			</trkpt>
			<trkpt lat="47.0223789303" lon="8.6914077628">
				<ele>1144.3</ele>
			</trkpt>
			<trkpt lat="47.0223693787" lon="8.6913926887">
				<ele>1143.6</ele>
			</trkpt>
			<trkpt lat="47.0223681285" lon="8.6913605487">
				<ele>1142.7</ele>
			</trkpt>
			<trkpt lat="47.0223724671" lon="8.6913059351">
				<ele>1141.4</ele>
			</trkpt>
			<trkpt lat="47.0223656958" lon="8.6912463152">
				<ele>1140.1</ele>
			</trkpt>
			<trkpt lat="47.0223639413" lon="8.6911564810">
				<ele>1139.0</ele>
			</trkpt>
			<trkpt lat="47.0223749834" lon="8.6910300491">
				<ele>1136.9</ele>
			</trkpt>
			<trkpt lat="47.0223721851" lon="8.6909401904">
				<ele>1135.4</ele>
			</trkpt>
			<trkpt lat="47.0223868921" lon="8.6908703255">
				<ele>1134.1</ele>
			</trkpt>
			<trkpt lat="47.0224026260" lon="8.6907796660">
				<ele>1131.8</ele>
			</trkpt>
			<trkpt lat="47.0224077861" lon="8.6907173313">
				<ele>1130.6</ele>
			</trkpt>
			<trkpt lat="47.0224051460" lon="8.6906393725">
				<ele>1128.1</ele>
			</trkpt>
			<trkpt lat="47.0223991092" lon="8.6905322041">
				<ele>1125.9</ele>
			</trkpt>
			<trkpt lat="47.0223983329" lon="8.6904697502">
				<ele>1124.6</ele>
			</trkpt>
			<trkpt lat="47.0224109410" lon="8.6903778293">
				<ele>1123.3</ele>
			</trkpt>
			<trkpt lat="47.0224165465" lon="8.6903315571">
				<ele>1122.2</ele>
			</trkpt>
			<trkpt lat="47.0224142367" lon="8.6902999961">
				<ele>1121.7</ele>
			</trkpt>
			<trkpt lat="47.0223952101" lon="8.6902645060">
				<ele>1120.7</ele>
			</trkpt>
			<trkpt lat="47.0223825072" lon="8.6902273776">
				<ele>1119.7</ele>
			</trkpt>
			<trkpt lat="47.0223882860" lon="8.6901924147">
				<ele>1118.8</ele>
			</trkpt>
			<trkpt lat="47.0224109248" lon="8.6901524494">
				<ele>1118.3</ele>
			</trkpt>
			<trkpt lat="47.0224130178" lon="8.6901304915">
				<ele>1117.8</ele>
			</trkpt>
			<trkpt lat="47.0223987734" lon="8.6900796453">
				<ele>1116.2</ele>
			</trkpt>
			<trkpt lat="47.0223873433" lon="8.6900297126">
				<ele>1114.8</ele>
			</trkpt>
			<trkpt lat="47.0223685593" lon="8.6900066254">
				<ele>1114.5</ele>
			</trkpt>
			<trkpt lat="47.0223542814" lon="8.6899902017">
				<ele>1113.8</ele>
			</trkpt>
			<trkpt lat="47.0223289598" lon="8.6899824810">
				<ele>1113.4</ele>
			</trkpt>
			<trkpt lat="47.0222871211" lon="8.6899970564">
				<ele>1112.2</ele>
			</trkpt>
			<trkpt lat="47.0222620772" lon="8.6899952969">
				<ele>1111.1</ele>
			</trkpt>
			<trkpt lat="47.0222427545" lon="8.6899877161">
				<ele>1110.1</ele>
			</trkpt>
			<trkpt lat="47.0222232919" lon="8.6899616391">
				<ele>1108.5</ele>
			</trkpt>
			<trkpt lat="47.0221967885" lon="8.6899055869">
				<ele>1106.7</ele>
			</trkpt>
			<trkpt lat="47.0221510770" lon="8.6898025812">
				<ele>1103.3</ele>
			</trkpt>
			<trkpt lat="47.0221106746" lon="8.6897283223">
				<ele>1101.6</ele>
			</trkpt>
			<trkpt lat="47.0220811509" lon="8.6896877123">
				<ele>1100.1</ele>
			</trkpt>
			<trkpt lat="47.0220583743" lon="8.6896734866">
				<ele>1099.6</ele>
			</trkpt>
			<trkpt lat="47.0220295534" lon="8.6896632887">
				<ele>1098.8</ele>
			</trkpt>
			<trkpt lat="47.0220194922" lon="8.6896487556">
				<ele>1098.5</ele>
			</trkpt>
			<trkpt lat="47.0220250092" lon="8.6896303848">
				<ele>1097.8</ele>
			</trkpt>
			<trkpt lat="47.0220456289" lon="8.6895891134">
				<ele>1097.2</ele>
			</trkpt>
			<trkpt lat="47.0220544427" lon="8.6895612679">
				<ele>1096.2</ele>
			</trkpt>
			<trkpt lat="47.0220501489" lon="8.6895367268">
				<ele>1095.9</ele>
			</trkpt>
			<trkpt lat="47.0220387148" lon="8.6895185839">
				<ele>1095.3</ele>
			</trkpt>
			<trkpt lat="47.0220180685" lon="8.6894739930">
				<ele>1094.3</ele>
			</trkpt>
			<trkpt lat="47.0220327467" lon="8.6893991814">
				<ele>1093.0</ele>
			</trkpt>
			<trkpt lat="47.0220263606" lon="8.6893429755">
				<ele>1091.9</ele>
			</trkpt>
			<trkpt lat="47.0220109064" lon="8.6892577815">
				<ele>1090.7</ele>
			</trkpt>
			<trkpt lat="47.0219929809" lon="8.6891822998">
				<ele>1089.6</ele>
			</trkpt>
			<trkpt lat="47.0219720011" lon="8.6891055651">
				<ele>1088.3</ele>
			</trkpt>
			<trkpt lat="47.0219306651" lon="8.6889964126">
				<ele>1087.0</ele>
			</trkpt>
			<trkpt lat="47.0218862964" lon="8.6888848386">
				<ele>1084.4</ele>
			</trkpt>
			<trkpt lat="47.0218386601" lon="8.6887891251">
				<ele>1083.3</ele>
			</trkpt>
			<trkpt lat="47.0218096860" lon="8.6887062886">
				<ele>1082.1</ele>
			</trkpt>
			<trkpt lat="47.0217926550" lon="8.6886526935">
				<ele>1081.3</ele>
			</trkpt>
			<trkpt lat="47.0217905514" lon="8.6886029918">
				<ele>1080.5</ele>
			</trkpt>
			<trkpt lat="47.0217770981" lon="8.6885719361">
				<ele>1079.6</ele>
			</trkpt>
			<trkpt lat="47.0217434326" lon="8.6885291622">
				<ele>1077.1</ele>
			</trkpt>
			<trkpt lat="47.0217141700" lon="8.6884711392">
				<ele>1075.0</ele>
			</trkpt>
			<trkpt lat="47.0216960585" lon="8.6884110187">
				<ele>1073.7</ele>
			</trkpt>
			<trkpt lat="47.0216874146" lon="8.6883629311">
				<ele>1072.8</ele>
			</trkpt>
			<trkpt lat="47.0216785985" lon="8.6883290353">
				<ele>1072.3</ele>
			</trkpt>
			<trkpt lat="47.0216469792" lon="8.6882750877">
				<ele>1070.5</ele>
			</trkpt>
			<trkpt lat="47.0216193190" lon="8.6882111799">
				<ele>1069.1</ele>
			</trkpt>
			<trkpt lat="47.0215959175" lon="8.6881444423">
				<ele>1068.1</ele>
			</trkpt>
			<trkpt lat="47.0215851349" lon="8.6880821224">
				<ele>1067.0</ele>
			</trkpt>
			<trkpt lat="47.0215528250" lon="8.6879891565">
				<ele>1065.2</ele>
			</trkpt>
			<trkpt lat="47.0215269295" lon="8.6879052171">
				<ele>1063.7</ele>
			</trkpt>
			<trkpt lat="47.0214973212" lon="8.6878442126">
				<ele>1062.9</ele>
			</trkpt>
			<trkpt lat="47.0214374076" lon="8.6877482020">
				<ele>1061.6</ele>
			</trkpt>
			<trkpt lat="47.0214181505" lon="8.6877205509">
				<ele>1061.0</ele>
			</trkpt>
			<trkpt lat="47.0214096539" lon="8.6876919941">
				<ele>1060.3</ele>
			</trkpt>
			<trkpt lat="47.0214102648" lon="8.6876400051">
				<ele>1059.5</ele>
			</trkpt>
			<trkpt lat="47.0214056089" lon="8.6876115185">
				<ele>1059.0</ele>
			</trkpt>
			<trkpt lat="47.0213894921" lon="8.6875780503">
				<ele>1058.2</ele>
			</trkpt>
			<trkpt lat="47.0213598359" lon="8.6875536772">
				<ele>1057.6</ele>
			</trkpt>
			<trkpt lat="47.0213396423" lon="8.6875401871">
				<ele>1056.5</ele>
			</trkpt>
			<trkpt lat="47.0213205185" lon="8.6875019086">
				<ele>1055.6</ele>
			</trkpt>
			<trkpt lat="47.0213070180" lon="8.6874413052">
				<ele>1054.7</ele>
			</trkpt>
			<trkpt lat="47.0212788481" lon="8.6873886208">
				<ele>1052.9</ele>
			</trkpt>
			<trkpt lat="47.0212386297" lon="8.6873262908">
				<ele>1050.5</ele>
			</trkpt>
			<trkpt lat="47.0212217229" lon="8.6873050216">
				<ele>1049.4</ele>
			</trkpt>
			<trkpt lat="47.0212068445" lon="8.6872726552">
				<ele>1048.4</ele>
			</trkpt>
			<trkpt lat="47.0212004068" lon="8.6872516168">
				<ele>1047.6</ele>
			</trkpt>
			<trkpt lat="47.0211987427" lon="8.6872293021">
				<ele>1047.2</ele>
			</trkpt>
			<trkpt lat="47.0211858313" lon="8.6871914061">
				<ele>1046.4</ele>
			</trkpt>
			<trkpt lat="47.0211727748" lon="8.6871660449">
				<ele>1045.9</ele>
			</trkpt>
			<trkpt lat="47.0211558081" lon="8.6871503370">
				<ele>1045.2</ele>
			</trkpt>
			<trkpt lat="47.0211285388" lon="8.6871438637">
				<ele>1043.9</ele>
			</trkpt>
			<trkpt lat="47.0210997776" lon="8.6871413895">
				<ele>1043.0</ele>
			</trkpt>
			<trkpt lat="47.0210841499" lon="8.6871315515">
				<ele>1042.2</ele>
			</trkpt>
			<trkpt lat="47.0210722153" lon="8.6870692248">
				<ele>1040.8</ele>
			</trkpt>
			<trkpt lat="47.0210596766" lon="8.6870251906">
				<ele>1040.0</ele>
			</trkpt>
			<trkpt lat="47.0210593313" lon="8.6869891415">
				<ele>1039.7</ele>
			</trkpt>
			<trkpt lat="47.0210643162" lon="8.6869567621">
				<ele>1038.5</ele>
			</trkpt>
			<trkpt lat="47.0210614770" lon="8.6869365976">
				<ele>1038.0</ele>
			</trkpt>
			<trkpt lat="47.0210444899" lon="8.6869119609">
				<ele>1037.4</ele>
			</trkpt>
			<trkpt lat="47.0210313888" lon="8.6868832781">
				<ele>1036.6</ele>
			</trkpt>
			<trkpt lat="47.0210223258" lon="8.6868050566">
				<ele>1034.2</ele>
			</trkpt>
			<trkpt lat="47.0210084596" lon="8.6867432632">
				<ele>1031.6</ele>
			</trkpt>
			<trkpt lat="47.0209806223" lon="8.6866616375">
				<ele>1029.2</ele>
			</trkpt>
			<trkpt lat="47.0209514126" lon="8.6865994681">
				<ele>1027.5</ele>
			</trkpt>
			<trkpt lat="47.0209283691" lon="8.6865675866">
				<ele>1026.2</ele>
			</trkpt>
			<trkpt lat="47.0208867850" lon="8.6865447161">
				<ele>1024.8</ele>
			</trkpt>
			<trkpt lat="47.0208693086" lon="8.6865295104">
				<ele>1024.6</ele>
			</trkpt>
			<trkpt lat="47.0208606940" lon="8.6865109845">
				<ele>1024.0</ele>
			</trkpt>
			<trkpt lat="47.0208631364" lon="8.6864667336">
				<ele>1023.2</ele>
			</trkpt>
			<trkpt lat="47.0208642078" lon="8.6864401599">
				<ele>1023.0</ele>
			</trkpt>
			<trkpt lat="47.0208580803" lon="8.6864063402">
				<ele>1022.5</ele>
			</trkpt>
			<trkpt lat="47.0208343902" lon="8.6863313116">
				<ele>1021.1</ele>
			</trkpt>
			<trkpt lat="47.0208141383" lon="8.6862900467">
				<ele>1019.9</ele>
			</trkpt>
			<trkpt lat="47.0207746772" lon="8.6862506731">
				<ele>1019.0</ele>
			</trkpt>
			<trkpt lat="47.0207511049" lon="8.6861986940">
				<ele>1017.0</ele>
			</trkpt>
			<trkpt lat="47.0207443097" lon="8.6861559821">
				<ele>1016.6</ele>
			</trkpt>
			<trkpt lat="47.0207516664" lon="8.6861205683">
				<ele>1015.6</ele>
			</trkpt>
			<trkpt lat="47.0207656533" lon="8.6860703105">
				<ele>1014.4</ele>
			</trkpt>
			<trkpt lat="47.0207713774" lon="8.6860170857">
				<ele>1012.9</ele>
			</trkpt>
			<trkpt lat="47.0207657249" lon="8.6859685487">
				<ele>1011.5</ele>
			</trkpt>
			<trkpt lat="47.0207623079" lon="8.6859137433">
				<ele>1010.6</ele>
			</trkpt>
			<trkpt lat="47.0207720677" lon="8.6858956831">
				<ele>1010.4</ele>
			</trkpt>
			<trkpt lat="47.0207956942" lon="8.6858863534">
				<ele>1010.2</ele>
			</trkpt>
			<trkpt lat="47.0208179707" lon="8.6858348750">
				<ele>1009.3</ele>
			</trkpt>
			<trkpt lat="47.0208577683" lon="8.6857158137">
				<ele>1006.5</ele>
			</trkpt>
			<trkpt lat="47.0208735218" lon="8.6856900822">
				<ele>1005.5</ele>
			</trkpt>
			<trkpt lat="47.0208961427" lon="8.6856888543">
				<ele>1005.1</ele>
			</trkpt>
			<trkpt lat="47.0209281366" lon="8.6857017830">
				<ele>1006.2</ele>
			</trkpt>
			<trkpt lat="47.0209495327" lon="8.6857040273">
				<ele>1007.1</ele>
			</trkpt>
			<trkpt lat="47.0209674990" lon="8.6856940007">
				<ele>1007.0</ele>
			</trkpt>
			<trkpt lat="47.0209783722" lon="8.6856785870">
				<ele>1006.6</ele>
			</trkpt>
			<trkpt lat="47.0209869082" lon="8.6856596441">
				<ele>1005.8</ele>
			</trkpt>
			<trkpt lat="47.0210035001" lon="8.6855915192">
				<ele>1003.8</ele>
			</trkpt>
			<trkpt lat="47.0210056930" lon="8.6855354371">
				<ele>1002.5</ele>
			</trkpt>
			<trkpt lat="47.0209948417" lon="8.6854784482">
				<ele>1001.7</ele>
			</trkpt>
			<trkpt lat="47.0209798908" lon="8.6854113116">
				<ele>1000.2</ele>
			</trkpt>
			<trkpt lat="47.0209837433" lon="8.6853771330">
				<ele>999.3</ele>
			</trkpt>
			<trkpt lat="47.0210022365" lon="8.6853368648">
				<ele>998.2</ele>
			</trkpt>
			<trkpt lat="47.0210045966" lon="8.6852951491">
				<ele>997.0</ele>
			</trkpt>
			<trkpt lat="47.0210031587" lon="8.6852519706">
				<ele>995.8</ele>
			</trkpt>
			<trkpt lat="47.0209942632" lon="8.6851946739">
				<ele>993.8</ele>
			</trkpt>
			<trkpt lat="47.0209795957" lon="8.6851428314">
				<ele>992.1</ele>
			</trkpt>
			<trkpt lat="47.0209609484" lon="8.6851061966">
				<ele>991.0</ele>
			</trkpt>
			<trkpt lat="47.0209508574" lon="8.6850711544">
				<ele>990.1</ele>
			</trkpt>
			<trkpt lat="47.0209476271" lon="8.6850181709">
				<ele>988.9</ele>
			</trkpt>
			<trkpt lat="47.0209405081" lon="8.6849720664">
				<ele>987.2</ele>
			</trkpt>
			<trkpt lat="47.0209219515" lon="8.6849270772">
				<ele>984.9</ele>
			</trkpt>
			<trkpt lat="47.0209080411" lon="8.6848933403">
				<ele>983.9</ele>
			</trkpt>
			<trkpt lat="47.0208952863" lon="8.6848401485">
				<ele>981.8</ele>
			</trkpt>
			<trkpt lat="47.0208835752" lon="8.6847786178">
				<ele>980.5</ele>
			</trkpt>
			<trkpt lat="47.0208708298" lon="8.6847254135">
				<ele>979.5</ele>
			</trkpt>
			<trkpt lat="47.0208598152" lon="8.6846875752">
				<ele>978.5</ele>
			</trkpt>
			<trkpt lat="47.0208391103" lon="8.6846648057">
				<ele>977.5</ele>
			</trkpt>
			<trkpt lat="47.0208137161" lon="8.6846363841">
				<ele>976.4</ele>
			</trkpt>
			<trkpt lat="47.0207966745" lon="8.6845985086">
				<ele>975.0</ele>
			</trkpt>
			<trkpt lat="47.0207653162" lon="8.6845552136">
				<ele>973.6</ele>
			</trkpt>
			<trkpt lat="47.0207540913" lon="8.6845301142">
				<ele>972.9</ele>
			</trkpt>
			<trkpt lat="47.0207589133" lon="8.6845119136">
				<ele>972.8</ele>
			</trkpt>
			<trkpt lat="47.0207689475" lon="8.6845074383">
				<ele>972.6</ele>
			</trkpt>
			<trkpt lat="47.0208218203" lon="8.6845163996">
				<ele>971.5</ele>
			</trkpt>
			<trkpt lat="47.0208792781" lon="8.6845272595">
				<ele>969.7</ele>
			</trkpt>
			<trkpt lat="47.0209250931" lon="8.6845159715">
				<ele>968.1</ele>
			</trkpt>
			<trkpt lat="47.0209592704" lon="8.6844819445">
				<ele>967.0</ele>
			</trkpt>
			<trkpt lat="47.0209815032" lon="8.6844186585">
				<ele>965.3</ele>
			</trkpt>
			<trkpt lat="47.0209914019" lon="8.6843604044">
				<ele>964.5</ele>
			</trkpt>
			<trkpt lat="47.0209871704" lon="8.6843284018">
				<ele>963.9</ele>
			</trkpt>
			<trkpt lat="47.0209697637" lon="8.6843067046">
				<ele>963.6</ele>
			</trkpt>
			<trkpt lat="47.0209402705" lon="8.6843012537">
				<ele>962.3</ele>
			</trkpt>
			<trkpt lat="47.0209161112" lon="8.6842983034">
				<ele>961.8</ele>
			</trkpt>
			<trkpt lat="47.0208960378" lon="8.6842753688">
				<ele>961.1</ele>
			</trkpt>
			<trkpt lat="47.0208864496" lon="8.6842420343">
				<ele>960.7</ele>
			</trkpt>
			<trkpt lat="47.0208987147" lon="8.6841779259">
				<ele>959.4</ele>
			</trkpt>
			<trkpt lat="47.0209002577" lon="8.6841111983">
				<ele>958.2</ele>
			</trkpt>
			<trkpt lat="47.0208892157" lon="8.6840045729">
				<ele>956.0</ele>
			</trkpt>
			<trkpt lat="47.0208891784" lon="8.6838438493">
				<ele>952.7</ele>
			</trkpt>
			<trkpt lat="47.0208791626" lon="8.6837147920">
				<ele>951.1</ele>
			</trkpt>
			<trkpt lat="47.0208797396" lon="8.6836657638">
				<ele>950.2</ele>
			</trkpt>
			<trkpt lat="47.0208882159" lon="8.6836299261">
				<ele>949.7</ele>
			</trkpt>
			<trkpt lat="47.0209059424" lon="8.6835582749">
				<ele>948.2</ele>
			</trkpt>
			<trkpt lat="47.0209258018" lon="8.6835014338">
				<ele>947.3</ele>
			</trkpt>
			<trkpt lat="47.0209706489" lon="8.6834416717">
				<ele>945.6</ele>
			</trkpt>
			<trkpt lat="47.0209892142" lon="8.6834120479">
				<ele>944.8</ele>
			</trkpt>
			<trkpt lat="47.0210087439" lon="8.6833707176">
				<ele>944.2</ele>
			</trkpt>
			<trkpt lat="47.0210302293" lon="8.6833099573">
				<ele>942.2</ele>
			</trkpt>
			<trkpt lat="47.0210441063" lon="8.6832539215">
				<ele>941.4</ele>
			</trkpt>
			<trkpt lat="47.0210659751" lon="8.6832001263">
				<ele>940.5</ele>
			</trkpt>
			<trkpt lat="47.0210615077" lon="8.6831541477">
				<ele>939.5</ele>
			</trkpt>
			<trkpt lat="47.0210745005" lon="8.6830967038">
				<ele>938.7</ele>
			</trkpt>
			<trkpt lat="47.0210870028" lon="8.6830455048">
				<ele>937.8</ele>
			</trkpt>
			<trkpt lat="47.0211077682" lon="8.6830146215">
				<ele>937.2</ele>
			</trkpt>
			<trkpt lat="47.0211236825" lon="8.6829780952">
				<ele>936.3</ele>
			</trkpt>
			<trkpt lat="47.0211293879" lon="8.6829314724">
				<ele>935.3</ele>
			</trkpt>
			<trkpt lat="47.0211170771" lon="8.6828679369">
				<ele>934.2</ele>
			</trkpt>
			<trkpt lat="47.0210999720" lon="8.6827877567">
				<ele>931.9</ele>
			</trkpt>
			<trkpt lat="47.0210629942" lon="8.6826668996">
				<ele>928.8</ele>
			</trkpt>
			<trkpt lat="47.0210461932" lon="8.6825926360">
				<ele>927.2</ele>
			</trkpt>
			<trkpt lat="47.0210509323" lon="8.6825222889">
				<ele>924.9</ele>
			</trkpt>
			<trkpt lat="47.0210888237" lon="8.6824086532">
				<ele>922.0</ele>
			</trkpt>
			<trkpt lat="47.0211345330" lon="8.6823414911">
				<ele>920.1</ele>
			</trkpt>
			<trkpt lat="47.0211886851" lon="8.6822647740">
				<ele>918.6</ele>
			</trkpt>
			<trkpt lat="47.0212076129" lon="8.6822091759">
				<ele>917.6</ele>
			</trkpt>
			<trkpt lat="47.0212259413" lon="8.6820561097">
				<ele>915.5</ele>
			</trkpt>
			<trkpt lat="47.0212499123" lon="8.6818422684">
				<ele>912.7</ele>
			</trkpt>
			<trkpt lat="47.0212717263" lon="8.6816746504">
				<ele>911.1</ele>
			</trkpt>
			<trkpt lat="47.0213043170" lon="8.6815877017">
				<ele>909.6</ele>
			</trkpt>
			<trkpt lat="47.0213350686" lon="8.6815177449">
				<ele>908.3</ele>
			</trkpt>
			<trkpt lat="47.0213446099" lon="8.6814059112">
				<ele>905.8</ele>
			</trkpt>
			<trkpt lat="47.0213763365" lon="8.6812458449">
				<ele>902.6</ele>
			</trkpt>
			<trkpt lat="47.0214038394" lon="8.6811684965">
				<ele>900.8</ele>
			</trkpt>
			<trkpt lat="47.0214532005" lon="8.6810722042">
				<ele>898.8</ele>
			</trkpt>
			<trkpt lat="47.0215326182" lon="8.6809692595">
				<ele>897.3</ele>
			</trkpt>
			<trkpt lat="47.0215851582" lon="8.6808876536">
				<ele>895.6</ele>
			</trkpt>
			<trkpt lat="47.0216279606" lon="8.6807814326">
				<ele>893.7</ele>
			</trkpt>
			<trkpt lat="47.0216695998" lon="8.6806289043">
				<ele>891.0</ele>
			</trkpt>
			<trkpt lat="47.0217023567" lon="8.6805273258">
				<ele>888.8</ele>
			</trkpt>
			<trkpt lat="47.0217144085" lon="8.6804910623">
				<ele>887.0</ele>
			</trkpt>
			<trkpt lat="47.0217365011" lon="8.6804405721">
				<ele>886.4</ele>
			</trkpt>
			<trkpt lat="47.0217047018" lon="8.6804544621">
				<ele>886.1</ele>
			</trkpt>
			<trkpt lat="47.0216696359" lon="8.6804609668">
				<ele>885.7</ele>
			</trkpt>
			<trkpt lat="47.0216262771" lon="8.6804648321">
				<ele>885.4</ele>
			</trkpt>
			<trkpt lat="47.0215963703" lon="8.6804568365">
				<ele>885.1</ele>
			</trkpt>
			<trkpt lat="47.0215782776" lon="8.6804344757">
				<ele>884.9</ele>
			</trkpt>
			<trkpt lat="47.0215721666" lon="8.6803831917">
				<ele>884.3</ele>
			</trkpt>
			<trkpt lat="47.0215749902" lon="8.6802760387">
				<ele>883.2</ele>
			</trkpt>
			<trkpt lat="47.0215896982" lon="8.6801496980">
				<ele>882.1</ele>
			</trkpt>
			<trkpt lat="47.0216293567" lon="8.6800263434">
				<ele>881.0</ele>
			</trkpt>
			<trkpt lat="47.0216872742" lon="8.6799082991">
				<ele>879.6</ele>
			</trkpt>
			<trkpt lat="47.0217160587" lon="8.6798637125">
				<ele>879.0</ele>
			</trkpt>
			<trkpt lat="47.0217940331" lon="8.6797460676">
				<ele>877.3</ele>
			</trkpt>
			<trkpt lat="47.0218418214" lon="8.6796461849">
				<ele>876.2</ele>
			</trkpt>
			<trkpt lat="47.0218674475" lon="8.6795309451">
				<ele>875.1</ele>
			</trkpt>
			<trkpt lat="47.0218685712" lon="8.6794270217">
				<ele>874.3</ele>
			</trkpt>
			<trkpt lat="47.0218457059" lon="8.6792869003">
				<ele>873.4</ele>
			</trkpt>
			<trkpt lat="47.0218105399" lon="8.6791412404">
				<ele>872.4</ele>
			</trkpt>
			<trkpt lat="47.0217736208" lon="8.6790112581">
				<ele>871.7</ele>
			</trkpt>
			<trkpt lat="47.0217208519" lon="8.6788053709">
				<ele>871.0</ele>
			</trkpt>
			<trkpt lat="47.0216689482" lon="8.6786750428">
				<ele>870.7</ele>
			</trkpt>
			<trkpt lat="47.0215968404" lon="8.6785637427">
				<ele>870.5</ele>
			</trkpt>
			<trkpt lat="47.0214837657" lon="8.6783881368">
				<ele>870.0</ele>
			</trkpt>
			<trkpt lat="47.0213951318" lon="8.6782642770">
				<ele>869.5</ele>
			</trkpt>
			<trkpt lat="47.0213199239" lon="8.6781309774">
				<ele>868.9</ele>
			</trkpt>
			<trkpt lat="47.0212929873" lon="8.6780036620">
				<ele>868.2</ele>
			</trkpt>
			<trkpt lat="47.0212859125" lon="8.6778865496">
				<ele>867.4</ele>
			</trkpt>
			<trkpt lat="47.0213019577" lon="8.6777894532">
				<ele>866.7</ele>
			</trkpt>
			<trkpt lat="47.0213143503" lon="8.6777215303">
				<ele>866.2</ele>
			</trkpt>
			<trkpt lat="47.0213454408" lon="8.6776199187">
				<ele>865.4</ele>
			</trkpt>
			<trkpt lat="47.0214066922" lon="8.6775019495">
				<ele>864.1</ele>
			</trkpt>
			<trkpt lat="47.0214132844" lon="8.6773879723">
				<ele>862.9</ele>
			</trkpt>
			<trkpt lat="47.0214063165" lon="8.6772808890">
				<ele>860.4</ele>
			</trkpt>
			<trkpt lat="47.0213969636" lon="8.6771697490">
				<ele>858.0</ele>
			</trkpt>
			<trkpt lat="47.0213955171" lon="8.6771529315">
				<ele>857.6</ele>
			</trkpt>
			<trkpt lat="47.0213904762" lon="8.6770548083">
				<ele>855.9</ele>
			</trkpt>
			<trkpt lat="47.0214484579" lon="8.6769521981">
				<ele>854.4</ele>
			</trkpt>
			<trkpt lat="47.0214939960" lon="8.6768730539">
				<ele>852.3</ele>
			</trkpt>
			<trkpt lat="47.0215350526" lon="8.6768324233">
				<ele>851.6</ele>
			</trkpt>
			<trkpt lat="47.0215559698" lon="8.6767764707">
				<ele>850.6</ele>
			</trkpt>
			<trkpt lat="47.0215738789" lon="8.6766224415">
				<ele>847.7</ele>
			</trkpt>
			<trkpt lat="47.0216038459" lon="8.6764805734">
				<ele>845.3</ele>
			</trkpt>
			<trkpt lat="47.0216823190" lon="8.6763606102">
				<ele>843.2</ele>
			</trkpt>
			<trkpt lat="47.0217543182" lon="8.6762761404">
				<ele>841.0</ele>
			</trkpt>
			<trkpt lat="47.0218056018" lon="8.6762298098">
				<ele>839.4</ele>
			</trkpt>
			<trkpt lat="47.0218468498" lon="8.6761713516">
				<ele>838.1</ele>
			</trkpt>
			<trkpt lat="47.0219090470" lon="8.6760539860">
				<ele>836.0</ele>
			</trkpt>
			<trkpt lat="47.0219569373" lon="8.6759452059">
				<ele>833.6</ele>
			</trkpt>
			<trkpt lat="47.0219311483" lon="8.6758881754">
				<ele>832.5</ele>
			</trkpt>
			<trkpt lat="47.0219019022" lon="8.6757746424">
				<ele>830.3</ele>
			</trkpt>
			<trkpt lat="47.0218945167" lon="8.6757061596">
				<ele>828.8</ele>
			</trkpt>
			<trkpt lat="47.0218974775" lon="8.6756201034">
				<ele>826.8</ele>
			</trkpt>
			<trkpt lat="47.0219432068" lon="8.6755231370">
				<ele>825.7</ele>
			</trkpt>
			<trkpt lat="47.0219804948" lon="8.6754556841">
				<ele>825.0</ele>
			</trkpt>
			<trkpt lat="47.0220137171" lon="8.6753881437">
				<ele>823.2</ele>
			</trkpt>
			<trkpt lat="47.0220491637" lon="8.6753028232">
				<ele>821.9</ele>
			</trkpt>
			<trkpt lat="47.0220726247" lon="8.6751994143">
				<ele>820.4</ele>
			</trkpt>
			<trkpt lat="47.0220778651" lon="8.6750896502">
				<ele>818.8</ele>
			</trkpt>
			<trkpt lat="47.0221156961" lon="8.6749717150">
				<ele>817.0</ele>
			</trkpt>
			<trkpt lat="47.0221409977" lon="8.6748861603">
				<ele>815.6</ele>
			</trkpt>
			<trkpt lat="47.0221640333" lon="8.6748213522">
				<ele>814.5</ele>
			</trkpt>
			<trkpt lat="47.0221750832" lon="8.6747384495">
				<ele>813.2</ele>
			</trkpt>
			<trkpt lat="47.0221799797" lon="8.6746613466">
				<ele>812.2</ele>
			</trkpt>
			<trkpt lat="47.0221809710" lon="8.6745692965">
				<ele>811.0</ele>
			</trkpt>
			<trkpt lat="47.0221862424" lon="8.6744565460">
				<ele>809.4</ele>
			</trkpt>
			<trkpt lat="47.0221934185" lon="8.6743557290">
				<ele>807.9</ele>
			</trkpt>
			<trkpt lat="47.0222134209" lon="8.6741958166">
				<ele>805.6</ele>
			</trkpt>
			<trkpt lat="47.0222001054" lon="8.6741123462">
				<ele>804.9</ele>
			</trkpt>
			<trkpt lat="47.0221854608" lon="8.6739634983">
				<ele>802.0</ele>
			</trkpt>
			<trkpt lat="47.0221542434" lon="8.6738439757">
				<ele>799.6</ele>
			</trkpt>
			<trkpt lat="47.0220847068" lon="8.6736998126">
				<ele>796.7</ele>
			</trkpt>
			<trkpt lat="47.0219945828" lon="8.6735819085">
				<ele>793.4</ele>
			</trkpt>
			<trkpt lat="47.0218883023" lon="8.6734547254">
				<ele>789.5</ele>
			</trkpt>
			<trkpt lat="47.0218103239" lon="8.6733400741">
				<ele>786.9</ele>
			</trkpt>
			<trkpt lat="47.0217264502" lon="8.6731913609">
				<ele>783.5</ele>
			</trkpt>
			<trkpt lat="47.0216353651" lon="8.6729846000">
				<ele>779.4</ele>
			</trkpt>
			<trkpt lat="47.0215821752" lon="8.6728176883">
				<ele>776.2</ele>
			</trkpt>
			<trkpt lat="47.0215754186" lon="8.6726713557">
				<ele>773.7</ele>
			</trkpt>
			<trkpt lat="47.0215585123" lon="8.6725393915">
				<ele>772.0</ele>
			</trkpt>
			<trkpt lat="47.0215300184" lon="8.6723998722">
				<ele>770.0</ele>
			</trkpt>
			<trkpt lat="47.0214854441" lon="8.6722063774">
				<ele>767.9</ele>
			</trkpt>
			<trkpt lat="47.0214493642" lon="8.6719984493">
				<ele>766.4</ele>
			</trkpt>
			<trkpt lat="47.0214296864" lon="8.6718128274">
				<ele>764.9</ele>
			</trkpt>
			<trkpt lat="47.0214075258" lon="8.6717051068">
				<ele>763.7</ele>
			</trkpt>
			<trkpt lat="47.0213883957" lon="8.6716610979">
				<ele>763.1</ele>
			</trkpt>
			<trkpt lat="47.0213668778" lon="8.6716116000">
				<ele>763.3</ele>
			</trkpt>
			<trkpt lat="47.0213220313" lon="8.6714424639">
				<ele>760.6</ele>
			</trkpt>
			<trkpt lat="47.0212856795" lon="8.6712588941">
				<ele>758.4</ele>
			</trkpt>
			<trkpt lat="47.0212828886" lon="8.6711686005">
				<ele>757.9</ele>
			</trkpt>
			<trkpt lat="47.0212795049" lon="8.6710589560">
				<ele>756.6</ele>
			</trkpt>
			<trkpt lat="47.0212877040" lon="8.6709154137">
				<ele>754.4</ele>
			</trkpt>
			<trkpt lat="47.0213058605" lon="8.6707769415">
				<ele>752.1</ele>
			</trkpt>
			<trkpt lat="47.0213376506" lon="8.6706095779">
				<ele>748.4</ele>
			</trkpt>
			<trkpt lat="47.0213803223" lon="8.6704492656">
				<ele>745.8</ele>
			</trkpt>
			<trkpt lat="47.0214189776" lon="8.6702541315">
				<ele>742.8</ele>
			</trkpt>
			<trkpt lat="47.0214472869" lon="8.6700765717">
				<ele>739.6</ele>
			</trkpt>
			<trkpt lat="47.0215110070" lon="8.6698166712">
				<ele>735.1</ele>
			</trkpt>
			<trkpt lat="47.0215395473" lon="8.6696183446">
				<ele>732.2</ele>
			</trkpt>
			<trkpt lat="47.0215497046" lon="8.6693826171">
				<ele>728.7</ele>
			</trkpt>
			<trkpt lat="47.0215561754" lon="8.6692783288">
				<ele>728.1</ele>
			</trkpt>
			<trkpt lat="47.0215602305" lon="8.6692131336">
				<ele>727.0</ele>
			</trkpt>
			<trkpt lat="47.0215630583" lon="8.6691675110">
				<ele>727.1</ele>
			</trkpt>
			<trkpt lat="47.0215226359" lon="8.6692079958">
				<ele>726.6</ele>
			</trkpt>
			<trkpt lat="47.0214678747" lon="8.6693431958">
				<ele>725.5</ele>
			</trkpt>
			<trkpt lat="47.0214061781" lon="8.6695025863">
				<ele>724.2</ele>
			</trkpt>
			<trkpt lat="47.0213943121" lon="8.6693658584">
				<ele>722.3</ele>
			</trkpt>
			<trkpt lat="47.0213962188" lon="8.6691880474">
				<ele>719.1</ele>
			</trkpt>
			<trkpt lat="47.0214099906" lon="8.6689910138">
				<ele>715.6</ele>
			</trkpt>
			<trkpt lat="47.0214337463" lon="8.6687966419">
				<ele>711.8</ele>
			</trkpt>
			<trkpt lat="47.0214534941" lon="8.6686630982">
				<ele>709.9</ele>
			</trkpt>
			<trkpt lat="47.0214954043" lon="8.6684837711">
				<ele>708.3</ele>
			</trkpt>
			<trkpt lat="47.0215603839" lon="8.6683293217">
				<ele>708.0</ele>
			</trkpt>
			<trkpt lat="47.0216054125" lon="8.6681695604">
				<ele>706.2</ele>
			</trkpt>
			<trkpt lat="47.0216321719" lon="8.6680045000">
				<ele>701.0</ele>
			</trkpt>
			<trkpt lat="47.0216387296" lon="8.6678584593">
				<ele>696.5</ele>
			</trkpt>
			<trkpt lat="47.0216367376" lon="8.6675782122">
				<ele>690.6</ele>
			</trkpt>
			<trkpt lat="47.0216370210" lon="8.6673954969">
				<ele>689.2</ele>
			</trkpt>
			<trkpt lat="47.0216507030" lon="8.6672082066">
				<ele>688.3</ele>
			</trkpt>
			<trkpt lat="47.0216619993" lon="8.6670866509">
				<ele>687.4</ele>
			</trkpt>
			<trkpt lat="47.0216968512" lon="8.6669437044">
				<ele>686.9</ele>
			</trkpt>
			<trkpt lat="47.0217231317" lon="8.6668224642">
				<ele>686.1</ele>
			</trkpt>
			<trkpt lat="47.0217234537" lon="8.6666704529">
				<ele>683.1</ele>
			</trkpt>
			<trkpt lat="47.0217180346" lon="8.6665169285">
				<ele>681.0</ele>
			</trkpt>
			<trkpt lat="47.0217043014" lon="8.6663996662">
				<ele>679.0</ele>
			</trkpt>
			<trkpt lat="47.0216953251" lon="8.6663044293">
				<ele>677.9</ele>
			</trkpt>
			<trkpt lat="47.0217011245" lon="8.6662290389">
				<ele>677.8</ele>
			</trkpt>
			<trkpt lat="47.0217067507" lon="8.6661706936">
				<ele>676.7</ele>
			</trkpt>
			<trkpt lat="47.0217043516" lon="8.6660829217">
				<ele>675.5</ele>
			</trkpt>
			<trkpt lat="47.0216851137" lon="8.6660118266">
				<ele>674.9</ele>
			</trkpt>
			<trkpt lat="47.0216657283" lon="8.6659553429">
				<ele>674.4</ele>
			</trkpt>
			<trkpt lat="47.0216482577" lon="8.6658745529">
				<ele>672.9</ele>
			</trkpt>
			<trkpt lat="47.0216319744" lon="8.6658400694">
				<ele>672.2</ele>
			</trkpt>
			<trkpt lat="47.0216088001" lon="8.6658249246">
				<ele>671.6</ele>
			</trkpt>
			<trkpt lat="47.0215771243" lon="8.6658266339">
				<ele>671.0</ele>
			</trkpt>
			<trkpt lat="47.0215569313" lon="8.6658456539">
				<ele>670.3</ele>
			</trkpt>
			<trkpt lat="47.0215313988" lon="8.6658962428">
				<ele>669.2</ele>
			</trkpt>
			<trkpt lat="47.0214986976" lon="8.6659929467">
				<ele>667.1</ele>
			</trkpt>
			<trkpt lat="47.0214665094" lon="8.6660433832">
				<ele>665.7</ele>
			</trkpt>
			<trkpt lat="47.0214262966" lon="8.6660643788">
				<ele>664.4</ele>
			</trkpt>
			<trkpt lat="47.0213764729" lon="8.6660486244">
				<ele>662.9</ele>
			</trkpt>
			<trkpt lat="47.0213436369" lon="8.6660040151">
				<ele>661.4</ele>
			</trkpt>
			<trkpt lat="47.0213125082" lon="8.6659545768">
				<ele>660.5</ele>
			</trkpt>
			<trkpt lat="47.0213040529" lon="8.6658106399">
				<ele>658.3</ele>
			</trkpt>
			<trkpt lat="47.0213052251" lon="8.6657010213">
				<ele>657.3</ele>
			</trkpt>
			<trkpt lat="47.0213146990" lon="8.6655940382">
				<ele>655.9</ele>
			</trkpt>
			<trkpt lat="47.0213327533" lon="8.6654628893">
				<ele>654.6</ele>
			</trkpt>
			<trkpt lat="47.0213642233" lon="8.6653247455">
				<ele>652.9</ele>
			</trkpt>
			<trkpt lat="47.0214141448" lon="8.6651748165">
				<ele>650.4</ele>
			</trkpt>
			<trkpt lat="47.0214418183" lon="8.6650804309">
				<ele>648.6</ele>
			</trkpt>
			<trkpt lat="47.0214655210" lon="8.6650444282">
				<ele>647.6</ele>
			</trkpt>
			<trkpt lat="47.0215008724" lon="8.6650111261">
				<ele>646.2</ele>
			</trkpt>
			<trkpt lat="47.0215544403" lon="8.6649879869">
				<ele>644.8</ele>
			</trkpt>
			<trkpt lat="47.0216261639" lon="8.6649798918">
				<ele>643.3</ele>
			</trkpt>
			<trkpt lat="47.0217295551" lon="8.6649724938">
				<ele>639.7</ele>
			</trkpt>
			<trkpt lat="47.0218197911" lon="8.6649477598">
				<ele>636.2</ele>
			</trkpt>
			<trkpt lat="47.0218968536" lon="8.6649080961">
				<ele>633.7</ele>
			</trkpt>
			<trkpt lat="47.0219609954" lon="8.6648316050">
				<ele>630.7</ele>
			</trkpt>
			<trkpt lat="47.0220069025" lon="8.6647449367">
				<ele>628.4</ele>
			</trkpt>
			<trkpt lat="47.0220498721" lon="8.6646216554">
				<ele>626.4</ele>
			</trkpt>
			<trkpt lat="47.0220707152" lon="8.6645417415">
				<ele>624.8</ele>
			</trkpt>
			<trkpt lat="47.0220755183" lon="8.6644053939">
				<ele>622.9</ele>
			</trkpt>
			<trkpt lat="47.0220906335" lon="8.6642376435">
				<ele>620.6</ele>
			</trkpt>
			<trkpt lat="47.0221213485" lon="8.6640141958">
				<ele>616.4</ele>
			</trkpt>
			<trkpt lat="47.0221433879" lon="8.6638222010">
				<ele>612.9</ele>
			</trkpt>
			<trkpt lat="47.0221679578" lon="8.6637058131">
				<ele>610.7</ele>
			</trkpt>
			<trkpt lat="47.0221887223" lon="8.6636331975">
				<ele>609.4</ele>
			</trkpt>
			<trkpt lat="47.0222279208" lon="8.6635512681">
				<ele>607.6</ele>
			</trkpt>
			<trkpt lat="47.0222891411" lon="8.6634357166">
				<ele>604.6</ele>
			</trkpt>
			<trkpt lat="47.0223268313" lon="8.6633391107">
				<ele>602.2</ele>
			</trkpt>
			<trkpt lat="47.0224087898" lon="8.6631533762">
				<ele>598.3</ele>
			</trkpt>
			<trkpt lat="47.0224076535" lon="8.6631021898">
				<ele>597.6</ele>
			</trkpt>
			<trkpt lat="47.0223936576" lon="8.6630092714">
				<ele>596.0</ele>
			</trkpt>
			<trkpt lat="47.0223832744" lon="8.6628896513">
				<ele>594.2</ele>
			</trkpt>
			<trkpt lat="47.0223871217" lon="8.6628410256">
				<ele>593.6</ele>
			</trkpt>
			<trkpt lat="47.0224075480" lon="8.6628000664">
				<ele>593.0</ele>
			</trkpt>
			<trkpt lat="47.0224581515" lon="8.6627427461">
				<ele>591.9</ele>
			</trkpt>
			<trkpt lat="47.0225054965" lon="8.6626780377">
				<ele>590.7</ele>
			</trkpt>
			<trkpt lat="47.0225496341" lon="8.6626010738">
				<ele>589.6</ele>
			</trkpt>
			<trkpt lat="47.0225755117" lon="8.6625188257">
				<ele>588.6</ele>
			</trkpt>
			<trkpt lat="47.0226089215" lon="8.6624152672">
				<ele>587.2</ele>
			</trkpt>
			<trkpt lat="47.0226168668" lon="8.6623906511">
				<ele>586.9</ele>
			</trkpt>
			<trkpt lat="47.0226547202" lon="8.6622769983">
				<ele>585.3</ele>
			</trkpt>
			<trkpt lat="47.0227276299" lon="8.6621592777">
				<ele>583.4</ele>
			</trkpt>
			<trkpt lat="47.0228241901" lon="8.6620104048">
				<ele>580.9</ele>
			</trkpt>
			<trkpt lat="47.0228819421" lon="8.6619069529">
				<ele>579.1</ele>
			</trkpt>
			<trkpt lat="47.0229669921" lon="8.6617432278">
				<ele>576.2</ele>
			</trkpt>
			<trkpt lat="47.0230112549" lon="8.6616552941">
				<ele>574.7</ele>
			</trkpt>
			<trkpt lat="47.0230555087" lon="8.6615673597">
				<ele>573.9</ele>
			</trkpt>
			<trkpt lat="47.0231021339" lon="8.6614924507">
				<ele>573.3</ele>
			</trkpt>
			<trkpt lat="47.0231360966" lon="8.6614323023">
				<ele>572.8</ele>
			</trkpt>
			<trkpt lat="47.0231534803" lon="8.6613644882">
				<ele>572.5</ele>
			</trkpt>
			<trkpt lat="47.0231523353" lon="8.6613157218">
				<ele>572.4</ele>
			</trkpt>
			<trkpt lat="47.0231381986" lon="8.6612350075">
				<ele>572.1</ele>
			</trkpt>
			<trkpt lat="47.0231218700" lon="8.6612029571">
				<ele>571.9</ele>
			</trkpt>
			<trkpt lat="47.0230955929" lon="8.6611682469">
				<ele>571.5</ele>
			</trkpt>
			<trkpt lat="47.0230695575" lon="8.6611091782">
				<ele>571.1</ele>
			</trkpt>
			<trkpt lat="47.0230586276" lon="8.6610407190">
				<ele>570.6</ele>
			</trkpt>
			<trkpt lat="47.0230627338" lon="8.6609677084">
				<ele>570.0</ele>
			</trkpt>
			<trkpt lat="47.0230837302" lon="8.6608731662">
				<ele>569.2</ele>
			</trkpt>
			<trkpt lat="47.0231214965" lon="8.6607692577">
				<ele>568.2</ele>
			</trkpt>
			<trkpt lat="47.0231744112" lon="8.6606510783">
				<ele>567.1</ele>
			</trkpt>
			<trkpt lat="47.0232346333" lon="8.6605309604">
				<ele>566.1</ele>
			</trkpt>
			<trkpt lat="47.0232493026" lon="8.6605017080">
				<ele>565.8</ele>
			</trkpt>
			<trkpt lat="47.0233188483" lon="8.6603863407">
				<ele>564.7</ele>
			</trkpt>
			<trkpt lat="47.0234033087" lon="8.6602786271">
				<ele>563.3</ele>
			</trkpt>
			<trkpt lat="47.0234894243" lon="8.6601709377">
				<ele>562.0</ele>
			</trkpt>
			<trkpt lat="47.0235483287" lon="8.6601162631">
				<ele>561.3</ele>
			</trkpt>
			<trkpt lat="47.0236389263" lon="8.6600573897">
				<ele>560.4</ele>
			</trkpt>
			<trkpt lat="47.0237091243" lon="8.6600370708">
				<ele>559.7</ele>
			</trkpt>
			<trkpt lat="47.0237978503" lon="8.6599976641">
				<ele>558.5</ele>
			</trkpt>
			<trkpt lat="47.0238632292" lon="8.6599601727">
				<ele>557.3</ele>
			</trkpt>
			<trkpt lat="47.0238986305" lon="8.6599219989">
				<ele>556.6</ele>
			</trkpt>
			<trkpt lat="47.0239292299" lon="8.6598642191">
				<ele>555.8</ele>
			</trkpt>
			<trkpt lat="47.0239534843" lon="8.6597770634">
				<ele>554.8</ele>
			</trkpt>
			<trkpt lat="47.0239767141" lon="8.6596289611">
				<ele>553.6</ele>
			</trkpt>
			<trkpt lat="47.0240053936" lon="8.6594395558">
				<ele>552.3</ele>
			</trkpt>
			<trkpt lat="47.0240302439" lon="8.6592963707">
				<ele>551.5</ele>
			</trkpt>
			<trkpt lat="47.0240309694" lon="8.6592281627">
				<ele>551.3</ele>
			</trkpt>
			<trkpt lat="47.0240285742" lon="8.6591404002">
				<ele>551.0</ele>
			</trkpt>
			<trkpt lat="47.0240285679" lon="8.6589844544">
				<ele>550.8</ele>
			</trkpt>
			<trkpt lat="47.0239325767" lon="8.6590421418">
				<ele>549.6</ele>
			</trkpt>
			<trkpt lat="47.0238403589" lon="8.6590960865">
				<ele>548.5</ele>
			</trkpt>
			<trkpt lat="47.0237333118" lon="8.6591350780">
				<ele>547.2</ele>
			</trkpt>
			<trkpt lat="47.0236799370" lon="8.6591545836">
				<ele>546.6</ele>
			</trkpt>
			<trkpt lat="47.0236329557" lon="8.6591717615">
				<ele>546.1</ele>
			</trkpt>
			<trkpt lat="47.0234847577" lon="8.6592358109">
				<ele>544.5</ele>
			</trkpt>
		</trkseg>
	</trk>
</gpx>
